<?xml version="1.0" encoding="UTF-8" standalone="yes"?>
<gpx version="1.1" creator="https://onthegomap.com" xmlns="http://www.topografix.com/GPX/1/1">
  <metadata>
    <name>239km route</name>
    <link href="https://onthegomap.com">
      <text>On The Go Map</text>
    </link>
    <time>2026-05-25T15:07:25.559Z</time>
    <copyright author="On The Go Map, OpenStreetMap Contributors">
      <year>2026</year>
    </copyright>
  </metadata>
  <trk>
    <name>239km route</name>
    <trkseg>
      <trkpt lat="45.41019" lon="11.87475"/>
      <trkpt lat="45.41051" lon="11.87473"/>
      <trkpt lat="45.41075" lon="11.87472"/>
      <trkpt lat="45.41105" lon="11.87477"/>
      <trkpt lat="45.41116" lon="11.87391"/>
      <trkpt lat="45.41118" lon="11.8737"/>
      <trkpt lat="45.41129" lon="11.87371"/>
      <trkpt lat="45.41131" lon="11.87371"/>
      <trkpt lat="45.41135" lon="11.87371"/>
      <trkpt lat="45.41137" lon="11.87372"/>
      <trkpt lat="45.41146" lon="11.87374"/>
      <trkpt lat="45.41189" lon="11.87382"/>
      <trkpt lat="45.41207" lon="11.8738"/>
      <trkpt lat="45.41212" lon="11.8738"/>
      <trkpt lat="45.41239" lon="11.87379"/>
      <trkpt lat="45.41255" lon="11.87382"/>
      <trkpt lat="45.41272" lon="11.87382"/>
      <trkpt lat="45.41278" lon="11.87382"/>
      <trkpt lat="45.41282" lon="11.87382"/>
      <trkpt lat="45.41304" lon="11.87382"/>
      <trkpt lat="45.41312" lon="11.87379"/>
      <trkpt lat="45.41318" lon="11.87375"/>
      <trkpt lat="45.41325" lon="11.87366"/>
      <trkpt lat="45.41331" lon="11.87357"/>
      <trkpt lat="45.41339" lon="11.87339"/>
      <trkpt lat="45.41327" lon="11.8733"/>
      <trkpt lat="45.41322" lon="11.87315"/>
      <trkpt lat="45.41321" lon="11.87299"/>
      <trkpt lat="45.41321" lon="11.87297"/>
      <trkpt lat="45.4133" lon="11.87274"/>
      <trkpt lat="45.41335" lon="11.87264"/>
      <trkpt lat="45.41407" lon="11.87142"/>
      <trkpt lat="45.4143" lon="11.87101"/>
      <trkpt lat="45.41475" lon="11.87015"/>
      <trkpt lat="45.41541" lon="11.86894"/>
      <trkpt lat="45.41625" lon="11.86746"/>
      <trkpt lat="45.41633" lon="11.86733"/>
      <trkpt lat="45.41685" lon="11.86646"/>
      <trkpt lat="45.41691" lon="11.86634"/>
      <trkpt lat="45.41696" lon="11.86626"/>
      <trkpt lat="45.41702" lon="11.86616"/>
      <trkpt lat="45.41703" lon="11.86613"/>
      <trkpt lat="45.41716" lon="11.86592"/>
      <trkpt lat="45.41725" lon="11.86581"/>
      <trkpt lat="45.4172" lon="11.86575"/>
      <trkpt lat="45.41728" lon="11.86556"/>
      <trkpt lat="45.41729" lon="11.86548"/>
      <trkpt lat="45.41721" lon="11.86509"/>
      <trkpt lat="45.41715" lon="11.86496"/>
      <trkpt lat="45.41693" lon="11.86392"/>
      <trkpt lat="45.41698" lon="11.86389"/>
      <trkpt lat="45.41703" lon="11.86386"/>
      <trkpt lat="45.41713" lon="11.86394"/>
      <trkpt lat="45.41725" lon="11.86398"/>
      <trkpt lat="45.41735" lon="11.86396"/>
      <trkpt lat="45.4174" lon="11.86392"/>
      <trkpt lat="45.41747" lon="11.86384"/>
      <trkpt lat="45.41751" lon="11.86369"/>
      <trkpt lat="45.41751" lon="11.86358"/>
      <trkpt lat="45.41748" lon="11.86347"/>
      <trkpt lat="45.41743" lon="11.86337"/>
      <trkpt lat="45.41746" lon="11.86329"/>
      <trkpt lat="45.41749" lon="11.86322"/>
      <trkpt lat="45.41754" lon="11.86324"/>
      <trkpt lat="45.41763" lon="11.8632"/>
      <trkpt lat="45.41768" lon="11.86312"/>
      <trkpt lat="45.41773" lon="11.86298"/>
      <trkpt lat="45.41775" lon="11.86289"/>
      <trkpt lat="45.41795" lon="11.86224"/>
      <trkpt lat="45.41804" lon="11.86202"/>
      <trkpt lat="45.41818" lon="11.86174"/>
      <trkpt lat="45.41822" lon="11.86167"/>
      <trkpt lat="45.41828" lon="11.86157"/>
      <trkpt lat="45.41842" lon="11.86133"/>
      <trkpt lat="45.41853" lon="11.86115"/>
      <trkpt lat="45.41857" lon="11.86109"/>
      <trkpt lat="45.41865" lon="11.86096"/>
      <trkpt lat="45.41876" lon="11.86076"/>
      <trkpt lat="45.41889" lon="11.86054"/>
      <trkpt lat="45.41894" lon="11.86046"/>
      <trkpt lat="45.41899" lon="11.86037"/>
      <trkpt lat="45.41904" lon="11.86029"/>
      <trkpt lat="45.41947" lon="11.85955"/>
      <trkpt lat="45.41953" lon="11.85932"/>
      <trkpt lat="45.41957" lon="11.85924"/>
      <trkpt lat="45.4196" lon="11.85922"/>
      <trkpt lat="45.41971" lon="11.85919"/>
      <trkpt lat="45.41989" lon="11.85907"/>
      <trkpt lat="45.41998" lon="11.85904"/>
      <trkpt lat="45.42015" lon="11.85906"/>
      <trkpt lat="45.42028" lon="11.85911"/>
      <trkpt lat="45.42056" lon="11.85911"/>
      <trkpt lat="45.42078" lon="11.85872"/>
      <trkpt lat="45.42092" lon="11.85847"/>
      <trkpt lat="45.42133" lon="11.85778"/>
      <trkpt lat="45.42139" lon="11.85767"/>
      <trkpt lat="45.42146" lon="11.85744"/>
      <trkpt lat="45.42148" lon="11.85735"/>
      <trkpt lat="45.42151" lon="11.85734"/>
      <trkpt lat="45.42154" lon="11.85733"/>
      <trkpt lat="45.42157" lon="11.8573"/>
      <trkpt lat="45.42177" lon="11.85689"/>
      <trkpt lat="45.42179" lon="11.85685"/>
      <trkpt lat="45.42185" lon="11.85675"/>
      <trkpt lat="45.42188" lon="11.8567"/>
      <trkpt lat="45.42256" lon="11.85547"/>
      <trkpt lat="45.42288" lon="11.85481"/>
      <trkpt lat="45.423" lon="11.85456"/>
      <trkpt lat="45.42303" lon="11.8545"/>
      <trkpt lat="45.42305" lon="11.85446"/>
      <trkpt lat="45.4234" lon="11.85382"/>
      <trkpt lat="45.42359" lon="11.85344"/>
      <trkpt lat="45.42434" lon="11.85203"/>
      <trkpt lat="45.42437" lon="11.85199"/>
      <trkpt lat="45.42439" lon="11.85194"/>
      <trkpt lat="45.42447" lon="11.85179"/>
      <trkpt lat="45.42451" lon="11.85173"/>
      <trkpt lat="45.42461" lon="11.85154"/>
      <trkpt lat="45.42463" lon="11.85151"/>
      <trkpt lat="45.42484" lon="11.85114"/>
      <trkpt lat="45.4249" lon="11.85103"/>
      <trkpt lat="45.42504" lon="11.85079"/>
      <trkpt lat="45.42513" lon="11.85064"/>
      <trkpt lat="45.42529" lon="11.85042"/>
      <trkpt lat="45.42543" lon="11.85023"/>
      <trkpt lat="45.42546" lon="11.8502"/>
      <trkpt lat="45.42596" lon="11.84951"/>
      <trkpt lat="45.42631" lon="11.84908"/>
      <trkpt lat="45.42635" lon="11.84902"/>
      <trkpt lat="45.42659" lon="11.84872"/>
      <trkpt lat="45.42662" lon="11.84869"/>
      <trkpt lat="45.42666" lon="11.84865"/>
      <trkpt lat="45.42667" lon="11.84864"/>
      <trkpt lat="45.42668" lon="11.84863"/>
      <trkpt lat="45.42669" lon="11.84861"/>
      <trkpt lat="45.42677" lon="11.84852"/>
      <trkpt lat="45.427" lon="11.84822"/>
      <trkpt lat="45.42703" lon="11.84819"/>
      <trkpt lat="45.42706" lon="11.84815"/>
      <trkpt lat="45.42709" lon="11.84821"/>
      <trkpt lat="45.4272" lon="11.84806"/>
      <trkpt lat="45.42763" lon="11.8475"/>
      <trkpt lat="45.42791" lon="11.84715"/>
      <trkpt lat="45.42801" lon="11.84703"/>
      <trkpt lat="45.42854" lon="11.84634"/>
      <trkpt lat="45.42865" lon="11.84619"/>
      <trkpt lat="45.42869" lon="11.84614"/>
      <trkpt lat="45.42953" lon="11.84499"/>
      <trkpt lat="45.42989" lon="11.8446"/>
      <trkpt lat="45.43148" lon="11.84286"/>
      <trkpt lat="45.43156" lon="11.84274"/>
      <trkpt lat="45.43216" lon="11.84141"/>
      <trkpt lat="45.43229" lon="11.84113"/>
      <trkpt lat="45.43233" lon="11.841"/>
      <trkpt lat="45.43237" lon="11.84063"/>
      <trkpt lat="45.43237" lon="11.84043"/>
      <trkpt lat="45.43238" lon="11.84032"/>
      <trkpt lat="45.4324" lon="11.84018"/>
      <trkpt lat="45.43248" lon="11.83996"/>
      <trkpt lat="45.43255" lon="11.83983"/>
      <trkpt lat="45.4326" lon="11.83978"/>
      <trkpt lat="45.43261" lon="11.83971"/>
      <trkpt lat="45.4326" lon="11.83965"/>
      <trkpt lat="45.43258" lon="11.83962"/>
      <trkpt lat="45.43255" lon="11.83938"/>
      <trkpt lat="45.43262" lon="11.83902"/>
      <trkpt lat="45.4328" lon="11.83817"/>
      <trkpt lat="45.43288" lon="11.83792"/>
      <trkpt lat="45.43297" lon="11.83768"/>
      <trkpt lat="45.43311" lon="11.83743"/>
      <trkpt lat="45.43326" lon="11.83722"/>
      <trkpt lat="45.43342" lon="11.83706"/>
      <trkpt lat="45.43359" lon="11.83693"/>
      <trkpt lat="45.43379" lon="11.8368"/>
      <trkpt lat="45.434" lon="11.83672"/>
      <trkpt lat="45.43546" lon="11.83635"/>
      <trkpt lat="45.43577" lon="11.83629"/>
      <trkpt lat="45.43609" lon="11.83626"/>
      <trkpt lat="45.43658" lon="11.83624"/>
      <trkpt lat="45.43686" lon="11.83624"/>
      <trkpt lat="45.43735" lon="11.83624"/>
      <trkpt lat="45.43781" lon="11.83624"/>
      <trkpt lat="45.438" lon="11.83621"/>
      <trkpt lat="45.43817" lon="11.83612"/>
      <trkpt lat="45.43844" lon="11.83595"/>
      <trkpt lat="45.43855" lon="11.83587"/>
      <trkpt lat="45.43871" lon="11.83576"/>
      <trkpt lat="45.43885" lon="11.83567"/>
      <trkpt lat="45.43915" lon="11.83546"/>
      <trkpt lat="45.43927" lon="11.83538"/>
      <trkpt lat="45.43956" lon="11.83518"/>
      <trkpt lat="45.4401" lon="11.83479"/>
      <trkpt lat="45.44028" lon="11.83467"/>
      <trkpt lat="45.44039" lon="11.83459"/>
      <trkpt lat="45.44049" lon="11.83453"/>
      <trkpt lat="45.44077" lon="11.83434"/>
      <trkpt lat="45.44079" lon="11.83439"/>
      <trkpt lat="45.44192" lon="11.83362"/>
      <trkpt lat="45.44211" lon="11.83345"/>
      <trkpt lat="45.44298" lon="11.83252"/>
      <trkpt lat="45.44347" lon="11.83206"/>
      <trkpt lat="45.44365" lon="11.8319"/>
      <trkpt lat="45.44397" lon="11.83163"/>
      <trkpt lat="45.44402" lon="11.83158"/>
      <trkpt lat="45.44447" lon="11.83123"/>
      <trkpt lat="45.44458" lon="11.83115"/>
      <trkpt lat="45.44457" lon="11.83111"/>
      <trkpt lat="45.44462" lon="11.83109"/>
      <trkpt lat="45.44472" lon="11.83104"/>
      <trkpt lat="45.44474" lon="11.83108"/>
      <trkpt lat="45.44477" lon="11.8311"/>
      <trkpt lat="45.4448" lon="11.8311"/>
      <trkpt lat="45.44483" lon="11.83106"/>
      <trkpt lat="45.44483" lon="11.83098"/>
      <trkpt lat="45.44487" lon="11.83091"/>
      <trkpt lat="45.44516" lon="11.83067"/>
      <trkpt lat="45.44549" lon="11.83043"/>
      <trkpt lat="45.44574" lon="11.83026"/>
      <trkpt lat="45.44602" lon="11.83012"/>
      <trkpt lat="45.44629" lon="11.83004"/>
      <trkpt lat="45.44661" lon="11.83003"/>
      <trkpt lat="45.44685" lon="11.83005"/>
      <trkpt lat="45.44692" lon="11.83005"/>
      <trkpt lat="45.44692" lon="11.8301"/>
      <trkpt lat="45.44743" lon="11.83018"/>
      <trkpt lat="45.44775" lon="11.83027"/>
      <trkpt lat="45.44803" lon="11.83032"/>
      <trkpt lat="45.44875" lon="11.83049"/>
      <trkpt lat="45.44876" lon="11.83041"/>
      <trkpt lat="45.44901" lon="11.83047"/>
      <trkpt lat="45.44922" lon="11.83051"/>
      <trkpt lat="45.44933" lon="11.83042"/>
      <trkpt lat="45.44933" lon="11.83039"/>
      <trkpt lat="45.44937" lon="11.8302"/>
      <trkpt lat="45.44937" lon="11.83017"/>
      <trkpt lat="45.44943" lon="11.83011"/>
      <trkpt lat="45.44955" lon="11.83008"/>
      <trkpt lat="45.44992" lon="11.83025"/>
      <trkpt lat="45.45058" lon="11.83049"/>
      <trkpt lat="45.4509" lon="11.83061"/>
      <trkpt lat="45.45235" lon="11.83107"/>
      <trkpt lat="45.45236" lon="11.83099"/>
      <trkpt lat="45.45259" lon="11.83108"/>
      <trkpt lat="45.4538" lon="11.83146"/>
      <trkpt lat="45.45443" lon="11.83169"/>
      <trkpt lat="45.45476" lon="11.83188"/>
      <trkpt lat="45.45541" lon="11.83219"/>
      <trkpt lat="45.45596" lon="11.8324"/>
      <trkpt lat="45.45756" lon="11.83288"/>
      <trkpt lat="45.45858" lon="11.83315"/>
      <trkpt lat="45.45905" lon="11.8333"/>
      <trkpt lat="45.45969" lon="11.83356"/>
      <trkpt lat="45.46121" lon="11.83437"/>
      <trkpt lat="45.46239" lon="11.8348"/>
      <trkpt lat="45.46382" lon="11.83528"/>
      <trkpt lat="45.46386" lon="11.83526"/>
      <trkpt lat="45.4639" lon="11.8352"/>
      <trkpt lat="45.4639" lon="11.83504"/>
      <trkpt lat="45.46395" lon="11.83503"/>
      <trkpt lat="45.464" lon="11.83502"/>
      <trkpt lat="45.46404" lon="11.83525"/>
      <trkpt lat="45.46407" lon="11.83532"/>
      <trkpt lat="45.46413" lon="11.83538"/>
      <trkpt lat="45.46433" lon="11.83545"/>
      <trkpt lat="45.46454" lon="11.8355"/>
      <trkpt lat="45.46501" lon="11.83561"/>
      <trkpt lat="45.46572" lon="11.83574"/>
      <trkpt lat="45.46587" lon="11.83578"/>
      <trkpt lat="45.46601" lon="11.83584"/>
      <trkpt lat="45.46665" lon="11.83619"/>
      <trkpt lat="45.46684" lon="11.83626"/>
      <trkpt lat="45.46749" lon="11.83643"/>
      <trkpt lat="45.46899" lon="11.83703"/>
      <trkpt lat="45.47056" lon="11.83754"/>
      <trkpt lat="45.47107" lon="11.83774"/>
      <trkpt lat="45.4722" lon="11.83831"/>
      <trkpt lat="45.47225" lon="11.83831"/>
      <trkpt lat="45.47226" lon="11.83825"/>
      <trkpt lat="45.47225" lon="11.83808"/>
      <trkpt lat="45.47229" lon="11.83806"/>
      <trkpt lat="45.47234" lon="11.83829"/>
      <trkpt lat="45.47232" lon="11.83841"/>
      <trkpt lat="45.47259" lon="11.83851"/>
      <trkpt lat="45.47281" lon="11.83856"/>
      <trkpt lat="45.47346" lon="11.83869"/>
      <trkpt lat="45.47379" lon="11.83873"/>
      <trkpt lat="45.47443" lon="11.83875"/>
      <trkpt lat="45.47471" lon="11.83884"/>
      <trkpt lat="45.47482" lon="11.83892"/>
      <trkpt lat="45.47497" lon="11.83904"/>
      <trkpt lat="45.47527" lon="11.83928"/>
      <trkpt lat="45.47557" lon="11.8395"/>
      <trkpt lat="45.47577" lon="11.83958"/>
      <trkpt lat="45.47658" lon="11.83982"/>
      <trkpt lat="45.47663" lon="11.8398"/>
      <trkpt lat="45.47674" lon="11.83981"/>
      <trkpt lat="45.4768" lon="11.83987"/>
      <trkpt lat="45.47687" lon="11.83986"/>
      <trkpt lat="45.47697" lon="11.8399"/>
      <trkpt lat="45.47699" lon="11.83992"/>
      <trkpt lat="45.47701" lon="11.83988"/>
      <trkpt lat="45.47719" lon="11.83992"/>
      <trkpt lat="45.47769" lon="11.84004"/>
      <trkpt lat="45.47814" lon="11.84003"/>
      <trkpt lat="45.47855" lon="11.84011"/>
      <trkpt lat="45.4786" lon="11.8401"/>
      <trkpt lat="45.47863" lon="11.84005"/>
      <trkpt lat="45.47868" lon="11.83991"/>
      <trkpt lat="45.4787" lon="11.83993"/>
      <trkpt lat="45.47875" lon="11.83997"/>
      <trkpt lat="45.4788" lon="11.83999"/>
      <trkpt lat="45.47921" lon="11.84026"/>
      <trkpt lat="45.47926" lon="11.84023"/>
      <trkpt lat="45.47929" lon="11.84021"/>
      <trkpt lat="45.47932" lon="11.84019"/>
      <trkpt lat="45.47939" lon="11.84013"/>
      <trkpt lat="45.47999" lon="11.83959"/>
      <trkpt lat="45.48086" lon="11.83928"/>
      <trkpt lat="45.48093" lon="11.83926"/>
      <trkpt lat="45.48094" lon="11.8393"/>
      <trkpt lat="45.48096" lon="11.83929"/>
      <trkpt lat="45.48098" lon="11.83929"/>
      <trkpt lat="45.48102" lon="11.8392"/>
      <trkpt lat="45.48111" lon="11.83893"/>
      <trkpt lat="45.48122" lon="11.83852"/>
      <trkpt lat="45.4812" lon="11.83816"/>
      <trkpt lat="45.48165" lon="11.83799"/>
      <trkpt lat="45.48268" lon="11.83705"/>
      <trkpt lat="45.48281" lon="11.83732"/>
      <trkpt lat="45.48303" lon="11.83782"/>
      <trkpt lat="45.48349" lon="11.83741"/>
      <trkpt lat="45.48404" lon="11.83691"/>
      <trkpt lat="45.48462" lon="11.83638"/>
      <trkpt lat="45.48481" lon="11.8368"/>
      <trkpt lat="45.4851" lon="11.83745"/>
      <trkpt lat="45.48519" lon="11.83765"/>
      <trkpt lat="45.48568" lon="11.83706"/>
      <trkpt lat="45.48612" lon="11.83654"/>
      <trkpt lat="45.4863" lon="11.83636"/>
      <trkpt lat="45.48633" lon="11.8364"/>
      <trkpt lat="45.48637" lon="11.83642"/>
      <trkpt lat="45.48642" lon="11.83641"/>
      <trkpt lat="45.48645" lon="11.83638"/>
      <trkpt lat="45.48647" lon="11.83632"/>
      <trkpt lat="45.48648" lon="11.83626"/>
      <trkpt lat="45.48646" lon="11.83621"/>
      <trkpt lat="45.48664" lon="11.83596"/>
      <trkpt lat="45.48748" lon="11.83511"/>
      <trkpt lat="45.48802" lon="11.83462"/>
      <trkpt lat="45.48897" lon="11.83393"/>
      <trkpt lat="45.48933" lon="11.8336"/>
      <trkpt lat="45.48969" lon="11.83335"/>
      <trkpt lat="45.4905" lon="11.8329"/>
      <trkpt lat="45.49096" lon="11.83247"/>
      <trkpt lat="45.49131" lon="11.8324"/>
      <trkpt lat="45.49148" lon="11.83233"/>
      <trkpt lat="45.49197" lon="11.8322"/>
      <trkpt lat="45.49279" lon="11.83184"/>
      <trkpt lat="45.49577" lon="11.83075"/>
      <trkpt lat="45.49781" lon="11.82997"/>
      <trkpt lat="45.49837" lon="11.82976"/>
      <trkpt lat="45.49943" lon="11.82944"/>
      <trkpt lat="45.50091" lon="11.82888"/>
      <trkpt lat="45.50163" lon="11.82861"/>
      <trkpt lat="45.50237" lon="11.82834"/>
      <trkpt lat="45.50376" lon="11.8279"/>
      <trkpt lat="45.50432" lon="11.82778"/>
      <trkpt lat="45.50473" lon="11.82774"/>
      <trkpt lat="45.50485" lon="11.82773"/>
      <trkpt lat="45.50505" lon="11.82772"/>
      <trkpt lat="45.5058" lon="11.82769"/>
      <trkpt lat="45.50677" lon="11.82773"/>
      <trkpt lat="45.50738" lon="11.8278"/>
      <trkpt lat="45.50784" lon="11.82789"/>
      <trkpt lat="45.50851" lon="11.82802"/>
      <trkpt lat="45.51006" lon="11.8285"/>
      <trkpt lat="45.51052" lon="11.82869"/>
      <trkpt lat="45.51069" lon="11.82875"/>
      <trkpt lat="45.51281" lon="11.82966"/>
      <trkpt lat="45.51536" lon="11.83074"/>
      <trkpt lat="45.51635" lon="11.83119"/>
      <trkpt lat="45.5166" lon="11.83131"/>
      <trkpt lat="45.51676" lon="11.83137"/>
      <trkpt lat="45.51678" lon="11.83146"/>
      <trkpt lat="45.51681" lon="11.83152"/>
      <trkpt lat="45.51714" lon="11.83169"/>
      <trkpt lat="45.51718" lon="11.83173"/>
      <trkpt lat="45.51723" lon="11.83172"/>
      <trkpt lat="45.51728" lon="11.83174"/>
      <trkpt lat="45.51818" lon="11.83211"/>
      <trkpt lat="45.5183" lon="11.83215"/>
      <trkpt lat="45.5185" lon="11.83216"/>
      <trkpt lat="45.51859" lon="11.83211"/>
      <trkpt lat="45.51864" lon="11.83212"/>
      <trkpt lat="45.51882" lon="11.8321"/>
      <trkpt lat="45.51889" lon="11.83208"/>
      <trkpt lat="45.52003" lon="11.83178"/>
      <trkpt lat="45.52005" lon="11.83178"/>
      <trkpt lat="45.52137" lon="11.83161"/>
      <trkpt lat="45.52186" lon="11.83155"/>
      <trkpt lat="45.52218" lon="11.83151"/>
      <trkpt lat="45.52445" lon="11.83123"/>
      <trkpt lat="45.52773" lon="11.83083"/>
      <trkpt lat="45.52835" lon="11.83075"/>
      <trkpt lat="45.52871" lon="11.83074"/>
      <trkpt lat="45.52891" lon="11.83072"/>
      <trkpt lat="45.5291" lon="11.83069"/>
      <trkpt lat="45.52976" lon="11.83058"/>
      <trkpt lat="45.53013" lon="11.83044"/>
      <trkpt lat="45.53025" lon="11.83042"/>
      <trkpt lat="45.53031" lon="11.83043"/>
      <trkpt lat="45.53036" lon="11.8305"/>
      <trkpt lat="45.53044" lon="11.83054"/>
      <trkpt lat="45.5305" lon="11.83054"/>
      <trkpt lat="45.53056" lon="11.83051"/>
      <trkpt lat="45.53063" lon="11.83039"/>
      <trkpt lat="45.5309" lon="11.8302"/>
      <trkpt lat="45.53108" lon="11.83011"/>
      <trkpt lat="45.53165" lon="11.82974"/>
      <trkpt lat="45.53188" lon="11.82959"/>
      <trkpt lat="45.53251" lon="11.82908"/>
      <trkpt lat="45.53264" lon="11.82897"/>
      <trkpt lat="45.53367" lon="11.82813"/>
      <trkpt lat="45.5347" lon="11.82727"/>
      <trkpt lat="45.53537" lon="11.8267"/>
      <trkpt lat="45.53596" lon="11.8262"/>
      <trkpt lat="45.53652" lon="11.82571"/>
      <trkpt lat="45.53683" lon="11.82546"/>
      <trkpt lat="45.53714" lon="11.82528"/>
      <trkpt lat="45.5387" lon="11.82462"/>
      <trkpt lat="45.53898" lon="11.8245"/>
      <trkpt lat="45.5393" lon="11.82435"/>
      <trkpt lat="45.53953" lon="11.82417"/>
      <trkpt lat="45.53975" lon="11.82396"/>
      <trkpt lat="45.54003" lon="11.82364"/>
      <trkpt lat="45.5403" lon="11.82326"/>
      <trkpt lat="45.54055" lon="11.82287"/>
      <trkpt lat="45.54071" lon="11.82266"/>
      <trkpt lat="45.54102" lon="11.82236"/>
      <trkpt lat="45.54137" lon="11.82209"/>
      <trkpt lat="45.54174" lon="11.8219"/>
      <trkpt lat="45.54194" lon="11.82183"/>
      <trkpt lat="45.54203" lon="11.8218"/>
      <trkpt lat="45.54316" lon="11.82138"/>
      <trkpt lat="45.54345" lon="11.82127"/>
      <trkpt lat="45.54574" lon="11.82041"/>
      <trkpt lat="45.54703" lon="11.81992"/>
      <trkpt lat="45.54707" lon="11.8199"/>
      <trkpt lat="45.54749" lon="11.81975"/>
      <trkpt lat="45.54836" lon="11.81942"/>
      <trkpt lat="45.54867" lon="11.8193"/>
      <trkpt lat="45.55008" lon="11.81877"/>
      <trkpt lat="45.55149" lon="11.81822"/>
      <trkpt lat="45.55164" lon="11.81816"/>
      <trkpt lat="45.55202" lon="11.81803"/>
      <trkpt lat="45.5521" lon="11.818"/>
      <trkpt lat="45.5526" lon="11.81781"/>
      <trkpt lat="45.55284" lon="11.81772"/>
      <trkpt lat="45.55297" lon="11.81767"/>
      <trkpt lat="45.55343" lon="11.81751"/>
      <trkpt lat="45.55387" lon="11.81734"/>
      <trkpt lat="45.55582" lon="11.81662"/>
      <trkpt lat="45.55671" lon="11.81629"/>
      <trkpt lat="45.55775" lon="11.81588"/>
      <trkpt lat="45.55788" lon="11.81583"/>
      <trkpt lat="45.55821" lon="11.8157"/>
      <trkpt lat="45.55946" lon="11.81524"/>
      <trkpt lat="45.55952" lon="11.81522"/>
      <trkpt lat="45.55988" lon="11.81509"/>
      <trkpt lat="45.5609" lon="11.81471"/>
      <trkpt lat="45.56119" lon="11.81461"/>
      <trkpt lat="45.56131" lon="11.81456"/>
      <trkpt lat="45.56185" lon="11.81438"/>
      <trkpt lat="45.56196" lon="11.81435"/>
      <trkpt lat="45.5625" lon="11.81415"/>
      <trkpt lat="45.56314" lon="11.8139"/>
      <trkpt lat="45.56366" lon="11.81369"/>
      <trkpt lat="45.56434" lon="11.81342"/>
      <trkpt lat="45.56438" lon="11.81357"/>
      <trkpt lat="45.56441" lon="11.81362"/>
      <trkpt lat="45.56446" lon="11.81364"/>
      <trkpt lat="45.56453" lon="11.81364"/>
      <trkpt lat="45.56456" lon="11.81361"/>
      <trkpt lat="45.5646" lon="11.81353"/>
      <trkpt lat="45.5646" lon="11.81348"/>
      <trkpt lat="45.56465" lon="11.81345"/>
      <trkpt lat="45.56467" lon="11.81348"/>
      <trkpt lat="45.5647" lon="11.8135"/>
      <trkpt lat="45.56475" lon="11.81348"/>
      <trkpt lat="45.56529" lon="11.81327"/>
      <trkpt lat="45.56565" lon="11.81314"/>
      <trkpt lat="45.56632" lon="11.81288"/>
      <trkpt lat="45.56677" lon="11.81271"/>
      <trkpt lat="45.56738" lon="11.81248"/>
      <trkpt lat="45.56765" lon="11.81228"/>
      <trkpt lat="45.56769" lon="11.81216"/>
      <trkpt lat="45.57057" lon="11.81115"/>
      <trkpt lat="45.57109" lon="11.81099"/>
      <trkpt lat="45.57241" lon="11.81051"/>
      <trkpt lat="45.57258" lon="11.81045"/>
      <trkpt lat="45.57479" lon="11.80966"/>
      <trkpt lat="45.57545" lon="11.80947"/>
      <trkpt lat="45.57589" lon="11.81078"/>
      <trkpt lat="45.57595" lon="11.81074"/>
      <trkpt lat="45.57575" lon="11.8101"/>
      <trkpt lat="45.57575" lon="11.80994"/>
      <trkpt lat="45.57602" lon="11.8098"/>
      <trkpt lat="45.5761" lon="11.80971"/>
      <trkpt lat="45.5763" lon="11.80945"/>
      <trkpt lat="45.5764" lon="11.80937"/>
      <trkpt lat="45.57701" lon="11.80914"/>
      <trkpt lat="45.57832" lon="11.80873"/>
      <trkpt lat="45.57867" lon="11.80858"/>
      <trkpt lat="45.57949" lon="11.80833"/>
      <trkpt lat="45.58121" lon="11.80773"/>
      <trkpt lat="45.58127" lon="11.80776"/>
      <trkpt lat="45.58131" lon="11.80775"/>
      <trkpt lat="45.58233" lon="11.8074"/>
      <trkpt lat="45.58232" lon="11.80732"/>
      <trkpt lat="45.58326" lon="11.807"/>
      <trkpt lat="45.58446" lon="11.80662"/>
      <trkpt lat="45.58494" lon="11.80648"/>
      <trkpt lat="45.58542" lon="11.80638"/>
      <trkpt lat="45.58541" lon="11.80629"/>
      <trkpt lat="45.58736" lon="11.80618"/>
      <trkpt lat="45.58776" lon="11.80616"/>
      <trkpt lat="45.58797" lon="11.80615"/>
      <trkpt lat="45.58817" lon="11.80613"/>
      <trkpt lat="45.58889" lon="11.80611"/>
      <trkpt lat="45.58904" lon="11.8061"/>
      <trkpt lat="45.58957" lon="11.80606"/>
      <trkpt lat="45.58991" lon="11.80605"/>
      <trkpt lat="45.59019" lon="11.80603"/>
      <trkpt lat="45.59064" lon="11.80599"/>
      <trkpt lat="45.59139" lon="11.80593"/>
      <trkpt lat="45.59153" lon="11.80592"/>
      <trkpt lat="45.592" lon="11.80586"/>
      <trkpt lat="45.59216" lon="11.80584"/>
      <trkpt lat="45.59237" lon="11.80581"/>
      <trkpt lat="45.59237" lon="11.80592"/>
      <trkpt lat="45.59246" lon="11.80597"/>
      <trkpt lat="45.59251" lon="11.80594"/>
      <trkpt lat="45.59344" lon="11.80572"/>
      <trkpt lat="45.59371" lon="11.80558"/>
      <trkpt lat="45.59433" lon="11.80534"/>
      <trkpt lat="45.59469" lon="11.8052"/>
      <trkpt lat="45.59507" lon="11.80501"/>
      <trkpt lat="45.59516" lon="11.80499"/>
      <trkpt lat="45.59512" lon="11.80487"/>
      <trkpt lat="45.59739" lon="11.80379"/>
      <trkpt lat="45.59842" lon="11.80337"/>
      <trkpt lat="45.59959" lon="11.80293"/>
      <trkpt lat="45.60039" lon="11.80264"/>
      <trkpt lat="45.60095" lon="11.80241"/>
      <trkpt lat="45.60114" lon="11.80234"/>
      <trkpt lat="45.6012" lon="11.80232"/>
      <trkpt lat="45.60124" lon="11.8023"/>
      <trkpt lat="45.60158" lon="11.80217"/>
      <trkpt lat="45.60264" lon="11.80175"/>
      <trkpt lat="45.60496" lon="11.8008"/>
      <trkpt lat="45.60511" lon="11.80074"/>
      <trkpt lat="45.60583" lon="11.80045"/>
      <trkpt lat="45.60634" lon="11.80024"/>
      <trkpt lat="45.60708" lon="11.79994"/>
      <trkpt lat="45.60985" lon="11.79888"/>
      <trkpt lat="45.61206" lon="11.79805"/>
      <trkpt lat="45.61338" lon="11.79754"/>
      <trkpt lat="45.614" lon="11.79729"/>
      <trkpt lat="45.61689" lon="11.79616"/>
      <trkpt lat="45.61696" lon="11.79616"/>
      <trkpt lat="45.61711" lon="11.79619"/>
      <trkpt lat="45.61718" lon="11.79625"/>
      <trkpt lat="45.61725" lon="11.79626"/>
      <trkpt lat="45.61731" lon="11.79624"/>
      <trkpt lat="45.61736" lon="11.79619"/>
      <trkpt lat="45.61741" lon="11.79609"/>
      <trkpt lat="45.61753" lon="11.79596"/>
      <trkpt lat="45.61763" lon="11.7959"/>
      <trkpt lat="45.61803" lon="11.79575"/>
      <trkpt lat="45.61854" lon="11.79554"/>
      <trkpt lat="45.61887" lon="11.79541"/>
      <trkpt lat="45.61921" lon="11.79528"/>
      <trkpt lat="45.61927" lon="11.79526"/>
      <trkpt lat="45.61941" lon="11.7952"/>
      <trkpt lat="45.61943" lon="11.79519"/>
      <trkpt lat="45.61962" lon="11.79512"/>
      <trkpt lat="45.61963" lon="11.79521"/>
      <trkpt lat="45.6207" lon="11.79482"/>
      <trkpt lat="45.62182" lon="11.79439"/>
      <trkpt lat="45.62338" lon="11.7938"/>
      <trkpt lat="45.62378" lon="11.79364"/>
      <trkpt lat="45.62488" lon="11.79322"/>
      <trkpt lat="45.62595" lon="11.79284"/>
      <trkpt lat="45.62742" lon="11.79228"/>
      <trkpt lat="45.62794" lon="11.7921"/>
      <trkpt lat="45.62858" lon="11.79187"/>
      <trkpt lat="45.62867" lon="11.79184"/>
      <trkpt lat="45.62877" lon="11.7918"/>
      <trkpt lat="45.62936" lon="11.79157"/>
      <trkpt lat="45.6298" lon="11.79138"/>
      <trkpt lat="45.63039" lon="11.79111"/>
      <trkpt lat="45.63067" lon="11.79095"/>
      <trkpt lat="45.63069" lon="11.79094"/>
      <trkpt lat="45.63081" lon="11.79093"/>
      <trkpt lat="45.63088" lon="11.79094"/>
      <trkpt lat="45.63131" lon="11.79076"/>
      <trkpt lat="45.63159" lon="11.79065"/>
      <trkpt lat="45.63166" lon="11.79065"/>
      <trkpt lat="45.63249" lon="11.7903"/>
      <trkpt lat="45.63263" lon="11.79024"/>
      <trkpt lat="45.63285" lon="11.79014"/>
      <trkpt lat="45.63364" lon="11.78981"/>
      <trkpt lat="45.63415" lon="11.78959"/>
      <trkpt lat="45.63467" lon="11.78936"/>
      <trkpt lat="45.63499" lon="11.78923"/>
      <trkpt lat="45.63641" lon="11.78861"/>
      <trkpt lat="45.63661" lon="11.78853"/>
      <trkpt lat="45.63667" lon="11.78852"/>
      <trkpt lat="45.63682" lon="11.78857"/>
      <trkpt lat="45.63688" lon="11.78854"/>
      <trkpt lat="45.63692" lon="11.78852"/>
      <trkpt lat="45.63691" lon="11.78843"/>
      <trkpt lat="45.63692" lon="11.7884"/>
      <trkpt lat="45.63701" lon="11.78835"/>
      <trkpt lat="45.63739" lon="11.78818"/>
      <trkpt lat="45.63796" lon="11.78792"/>
      <trkpt lat="45.63805" lon="11.78789"/>
      <trkpt lat="45.63893" lon="11.78754"/>
      <trkpt lat="45.63966" lon="11.78723"/>
      <trkpt lat="45.64008" lon="11.78704"/>
      <trkpt lat="45.64095" lon="11.78665"/>
      <trkpt lat="45.64148" lon="11.78642"/>
      <trkpt lat="45.6417" lon="11.78631"/>
      <trkpt lat="45.642" lon="11.78609"/>
      <trkpt lat="45.64236" lon="11.78594"/>
      <trkpt lat="45.64278" lon="11.78575"/>
      <trkpt lat="45.64319" lon="11.78554"/>
      <trkpt lat="45.64341" lon="11.78544"/>
      <trkpt lat="45.6434" lon="11.78541"/>
      <trkpt lat="45.64359" lon="11.78534"/>
      <trkpt lat="45.64416" lon="11.78511"/>
      <trkpt lat="45.64422" lon="11.78508"/>
      <trkpt lat="45.64425" lon="11.78511"/>
      <trkpt lat="45.64427" lon="11.78512"/>
      <trkpt lat="45.64431" lon="11.78508"/>
      <trkpt lat="45.64432" lon="11.785"/>
      <trkpt lat="45.64441" lon="11.78493"/>
      <trkpt lat="45.64505" lon="11.78462"/>
      <trkpt lat="45.64512" lon="11.78461"/>
      <trkpt lat="45.64516" lon="11.78468"/>
      <trkpt lat="45.64525" lon="11.78496"/>
      <trkpt lat="45.64531" lon="11.78528"/>
      <trkpt lat="45.64546" lon="11.78605"/>
      <trkpt lat="45.64547" lon="11.7861"/>
      <trkpt lat="45.64607" lon="11.78584"/>
      <trkpt lat="45.64635" lon="11.78586"/>
      <trkpt lat="45.64678" lon="11.78631"/>
      <trkpt lat="45.64689" lon="11.78639"/>
      <trkpt lat="45.64715" lon="11.78656"/>
      <trkpt lat="45.64749" lon="11.78674"/>
      <trkpt lat="45.64791" lon="11.78692"/>
      <trkpt lat="45.64839" lon="11.78716"/>
      <trkpt lat="45.64862" lon="11.78723"/>
      <trkpt lat="45.64921" lon="11.78737"/>
      <trkpt lat="45.64932" lon="11.78727"/>
      <trkpt lat="45.64936" lon="11.78719"/>
      <trkpt lat="45.6494" lon="11.78716"/>
      <trkpt lat="45.64987" lon="11.7869"/>
      <trkpt lat="45.65011" lon="11.78675"/>
      <trkpt lat="45.65017" lon="11.7867"/>
      <trkpt lat="45.65025" lon="11.78666"/>
      <trkpt lat="45.65055" lon="11.78644"/>
      <trkpt lat="45.65086" lon="11.78616"/>
      <trkpt lat="45.65104" lon="11.78594"/>
      <trkpt lat="45.65116" lon="11.78576"/>
      <trkpt lat="45.65137" lon="11.7852"/>
      <trkpt lat="45.65154" lon="11.78466"/>
      <trkpt lat="45.6516" lon="11.78428"/>
      <trkpt lat="45.65163" lon="11.78401"/>
      <trkpt lat="45.6516" lon="11.78306"/>
      <trkpt lat="45.65155" lon="11.78294"/>
      <trkpt lat="45.6517" lon="11.78289"/>
      <trkpt lat="45.65231" lon="11.78273"/>
      <trkpt lat="45.65271" lon="11.78263"/>
      <trkpt lat="45.65277" lon="11.78262"/>
      <trkpt lat="45.65286" lon="11.78259"/>
      <trkpt lat="45.65343" lon="11.78245"/>
      <trkpt lat="45.65383" lon="11.78234"/>
      <trkpt lat="45.65399" lon="11.78232"/>
      <trkpt lat="45.65401" lon="11.78238"/>
      <trkpt lat="45.65405" lon="11.7824"/>
      <trkpt lat="45.65407" lon="11.78237"/>
      <trkpt lat="45.65408" lon="11.78231"/>
      <trkpt lat="45.65419" lon="11.78227"/>
      <trkpt lat="45.65511" lon="11.78205"/>
      <trkpt lat="45.65574" lon="11.7819"/>
      <trkpt lat="45.65578" lon="11.78189"/>
      <trkpt lat="45.65629" lon="11.78174"/>
      <trkpt lat="45.65646" lon="11.78169"/>
      <trkpt lat="45.6565" lon="11.78168"/>
      <trkpt lat="45.65672" lon="11.78164"/>
      <trkpt lat="45.65696" lon="11.7816"/>
      <trkpt lat="45.65721" lon="11.78155"/>
      <trkpt lat="45.65736" lon="11.78158"/>
      <trkpt lat="45.65739" lon="11.78162"/>
      <trkpt lat="45.65743" lon="11.78165"/>
      <trkpt lat="45.65752" lon="11.78167"/>
      <trkpt lat="45.65759" lon="11.78161"/>
      <trkpt lat="45.65762" lon="11.78156"/>
      <trkpt lat="45.65763" lon="11.7815"/>
      <trkpt lat="45.65774" lon="11.78139"/>
      <trkpt lat="45.65822" lon="11.78122"/>
      <trkpt lat="45.65896" lon="11.78103"/>
      <trkpt lat="45.65907" lon="11.781"/>
      <trkpt lat="45.66136" lon="11.78042"/>
      <trkpt lat="45.66156" lon="11.78037"/>
      <trkpt lat="45.66165" lon="11.78035"/>
      <trkpt lat="45.66293" lon="11.78003"/>
      <trkpt lat="45.66388" lon="11.7798"/>
      <trkpt lat="45.66458" lon="11.77962"/>
      <trkpt lat="45.66478" lon="11.77957"/>
      <trkpt lat="45.66535" lon="11.77942"/>
      <trkpt lat="45.66551" lon="11.77938"/>
      <trkpt lat="45.66565" lon="11.77935"/>
      <trkpt lat="45.66588" lon="11.77936"/>
      <trkpt lat="45.66596" lon="11.77942"/>
      <trkpt lat="45.666" lon="11.77948"/>
      <trkpt lat="45.66603" lon="11.77962"/>
      <trkpt lat="45.66608" lon="11.7797"/>
      <trkpt lat="45.66615" lon="11.77976"/>
      <trkpt lat="45.66622" lon="11.77978"/>
      <trkpt lat="45.66629" lon="11.77978"/>
      <trkpt lat="45.66636" lon="11.77973"/>
      <trkpt lat="45.66642" lon="11.77966"/>
      <trkpt lat="45.66646" lon="11.77957"/>
      <trkpt lat="45.66647" lon="11.77946"/>
      <trkpt lat="45.66645" lon="11.77931"/>
      <trkpt lat="45.66648" lon="11.77914"/>
      <trkpt lat="45.66656" lon="11.77894"/>
      <trkpt lat="45.66672" lon="11.77878"/>
      <trkpt lat="45.66697" lon="11.77862"/>
      <trkpt lat="45.66717" lon="11.77849"/>
      <trkpt lat="45.6673" lon="11.77841"/>
      <trkpt lat="45.66728" lon="11.77833"/>
      <trkpt lat="45.66752" lon="11.77817"/>
      <trkpt lat="45.66759" lon="11.77813"/>
      <trkpt lat="45.66765" lon="11.77809"/>
      <trkpt lat="45.66873" lon="11.77768"/>
      <trkpt lat="45.66876" lon="11.77767"/>
      <trkpt lat="45.66879" lon="11.77765"/>
      <trkpt lat="45.66913" lon="11.77754"/>
      <trkpt lat="45.66918" lon="11.77752"/>
      <trkpt lat="45.66921" lon="11.77751"/>
      <trkpt lat="45.66927" lon="11.77745"/>
      <trkpt lat="45.67041" lon="11.77705"/>
      <trkpt lat="45.67046" lon="11.77706"/>
      <trkpt lat="45.6705" lon="11.77705"/>
      <trkpt lat="45.67054" lon="11.77704"/>
      <trkpt lat="45.6709" lon="11.77692"/>
      <trkpt lat="45.67094" lon="11.7769"/>
      <trkpt lat="45.67101" lon="11.77688"/>
      <trkpt lat="45.67218" lon="11.77648"/>
      <trkpt lat="45.67224" lon="11.77642"/>
      <trkpt lat="45.6729" lon="11.77622"/>
      <trkpt lat="45.67299" lon="11.77624"/>
      <trkpt lat="45.67319" lon="11.77618"/>
      <trkpt lat="45.67382" lon="11.77599"/>
      <trkpt lat="45.67383" lon="11.77606"/>
      <trkpt lat="45.67385" lon="11.77605"/>
      <trkpt lat="45.6743" lon="11.77589"/>
      <trkpt lat="45.67603" lon="11.77535"/>
      <trkpt lat="45.67647" lon="11.7752"/>
      <trkpt lat="45.67662" lon="11.77516"/>
      <trkpt lat="45.67668" lon="11.77514"/>
      <trkpt lat="45.67714" lon="11.775"/>
      <trkpt lat="45.67798" lon="11.77478"/>
      <trkpt lat="45.67804" lon="11.77477"/>
      <trkpt lat="45.67811" lon="11.77475"/>
      <trkpt lat="45.67943" lon="11.77443"/>
      <trkpt lat="45.6795" lon="11.77443"/>
      <trkpt lat="45.67956" lon="11.77446"/>
      <trkpt lat="45.67961" lon="11.77452"/>
      <trkpt lat="45.67965" lon="11.77461"/>
      <trkpt lat="45.6797" lon="11.77468"/>
      <trkpt lat="45.67976" lon="11.77472"/>
      <trkpt lat="45.67983" lon="11.77473"/>
      <trkpt lat="45.6799" lon="11.77471"/>
      <trkpt lat="45.67996" lon="11.77466"/>
      <trkpt lat="45.68003" lon="11.77451"/>
      <trkpt lat="45.68004" lon="11.77437"/>
      <trkpt lat="45.68007" lon="11.77432"/>
      <trkpt lat="45.68017" lon="11.77428"/>
      <trkpt lat="45.68111" lon="11.77411"/>
      <trkpt lat="45.68188" lon="11.77392"/>
      <trkpt lat="45.68236" lon="11.77378"/>
      <trkpt lat="45.68285" lon="11.77365"/>
      <trkpt lat="45.68322" lon="11.77355"/>
      <trkpt lat="45.68325" lon="11.77354"/>
      <trkpt lat="45.68352" lon="11.77346"/>
      <trkpt lat="45.68359" lon="11.77344"/>
      <trkpt lat="45.68433" lon="11.77324"/>
      <trkpt lat="45.68465" lon="11.77314"/>
      <trkpt lat="45.68495" lon="11.77306"/>
      <trkpt lat="45.68515" lon="11.77301"/>
      <trkpt lat="45.6854" lon="11.77294"/>
      <trkpt lat="45.68559" lon="11.77288"/>
      <trkpt lat="45.68656" lon="11.77259"/>
      <trkpt lat="45.68683" lon="11.77252"/>
      <trkpt lat="45.68704" lon="11.77247"/>
      <trkpt lat="45.68805" lon="11.77219"/>
      <trkpt lat="45.68933" lon="11.7719"/>
      <trkpt lat="45.69085" lon="11.77155"/>
      <trkpt lat="45.69139" lon="11.77143"/>
      <trkpt lat="45.69238" lon="11.77122"/>
      <trkpt lat="45.69264" lon="11.77113"/>
      <trkpt lat="45.69372" lon="11.77075"/>
      <trkpt lat="45.69382" lon="11.77071"/>
      <trkpt lat="45.69447" lon="11.77048"/>
      <trkpt lat="45.69478" lon="11.77036"/>
      <trkpt lat="45.6949" lon="11.77032"/>
      <trkpt lat="45.69574" lon="11.77002"/>
      <trkpt lat="45.69617" lon="11.76986"/>
      <trkpt lat="45.69709" lon="11.7695"/>
      <trkpt lat="45.69714" lon="11.76948"/>
      <trkpt lat="45.69732" lon="11.76941"/>
      <trkpt lat="45.69767" lon="11.76928"/>
      <trkpt lat="45.6978" lon="11.76923"/>
      <trkpt lat="45.69823" lon="11.76909"/>
      <trkpt lat="45.69862" lon="11.76897"/>
      <trkpt lat="45.69868" lon="11.76896"/>
      <trkpt lat="45.69909" lon="11.76883"/>
      <trkpt lat="45.69942" lon="11.76873"/>
      <trkpt lat="45.69947" lon="11.76872"/>
      <trkpt lat="45.70034" lon="11.7685"/>
      <trkpt lat="45.70064" lon="11.76843"/>
      <trkpt lat="45.70131" lon="11.76828"/>
      <trkpt lat="45.70174" lon="11.76819"/>
      <trkpt lat="45.70217" lon="11.76809"/>
      <trkpt lat="45.70326" lon="11.76793"/>
      <trkpt lat="45.70367" lon="11.76789"/>
      <trkpt lat="45.70539" lon="11.76758"/>
      <trkpt lat="45.70579" lon="11.7675"/>
      <trkpt lat="45.70594" lon="11.76747"/>
      <trkpt lat="45.7063" lon="11.76741"/>
      <trkpt lat="45.70638" lon="11.7674"/>
      <trkpt lat="45.70672" lon="11.76733"/>
      <trkpt lat="45.70694" lon="11.76729"/>
      <trkpt lat="45.70702" lon="11.76729"/>
      <trkpt lat="45.70872" lon="11.76699"/>
      <trkpt lat="45.70905" lon="11.76693"/>
      <trkpt lat="45.71034" lon="11.76663"/>
      <trkpt lat="45.71224" lon="11.76623"/>
      <trkpt lat="45.71374" lon="11.76584"/>
      <trkpt lat="45.71413" lon="11.76574"/>
      <trkpt lat="45.71532" lon="11.7654"/>
      <trkpt lat="45.71555" lon="11.76535"/>
      <trkpt lat="45.71602" lon="11.7652"/>
      <trkpt lat="45.71706" lon="11.76498"/>
      <trkpt lat="45.71746" lon="11.76489"/>
      <trkpt lat="45.71764" lon="11.76485"/>
      <trkpt lat="45.71806" lon="11.76473"/>
      <trkpt lat="45.71838" lon="11.76463"/>
      <trkpt lat="45.71988" lon="11.76416"/>
      <trkpt lat="45.72008" lon="11.76411"/>
      <trkpt lat="45.72022" lon="11.76407"/>
      <trkpt lat="45.72065" lon="11.76396"/>
      <trkpt lat="45.72108" lon="11.76384"/>
      <trkpt lat="45.72156" lon="11.76372"/>
      <trkpt lat="45.72203" lon="11.76359"/>
      <trkpt lat="45.72217" lon="11.76356"/>
      <trkpt lat="45.72241" lon="11.76349"/>
      <trkpt lat="45.72259" lon="11.76345"/>
      <trkpt lat="45.72355" lon="11.7631"/>
      <trkpt lat="45.7239" lon="11.763"/>
      <trkpt lat="45.72405" lon="11.76291"/>
      <trkpt lat="45.7242" lon="11.76284"/>
      <trkpt lat="45.72439" lon="11.76279"/>
      <trkpt lat="45.72482" lon="11.76267"/>
      <trkpt lat="45.72533" lon="11.76255"/>
      <trkpt lat="45.72542" lon="11.76253"/>
      <trkpt lat="45.72602" lon="11.76236"/>
      <trkpt lat="45.72651" lon="11.76222"/>
      <trkpt lat="45.72655" lon="11.76221"/>
      <trkpt lat="45.72665" lon="11.76218"/>
      <trkpt lat="45.7268" lon="11.76214"/>
      <trkpt lat="45.72701" lon="11.76208"/>
      <trkpt lat="45.72718" lon="11.76203"/>
      <trkpt lat="45.72736" lon="11.76198"/>
      <trkpt lat="45.72748" lon="11.76195"/>
      <trkpt lat="45.72863" lon="11.76164"/>
      <trkpt lat="45.72932" lon="11.76149"/>
      <trkpt lat="45.72961" lon="11.76143"/>
      <trkpt lat="45.72959" lon="11.76123"/>
      <trkpt lat="45.72963" lon="11.76122"/>
      <trkpt lat="45.72967" lon="11.76128"/>
      <trkpt lat="45.72976" lon="11.7613"/>
      <trkpt lat="45.73064" lon="11.7611"/>
      <trkpt lat="45.73261" lon="11.76051"/>
      <trkpt lat="45.73321" lon="11.76033"/>
      <trkpt lat="45.73431" lon="11.76002"/>
      <trkpt lat="45.73497" lon="11.75984"/>
      <trkpt lat="45.73502" lon="11.75975"/>
      <trkpt lat="45.73508" lon="11.75973"/>
      <trkpt lat="45.7351" lon="11.75993"/>
      <trkpt lat="45.73646" lon="11.75963"/>
      <trkpt lat="45.7366" lon="11.75954"/>
      <trkpt lat="45.73678" lon="11.75936"/>
      <trkpt lat="45.73689" lon="11.75923"/>
      <trkpt lat="45.737" lon="11.7592"/>
      <trkpt lat="45.73705" lon="11.75921"/>
      <trkpt lat="45.73712" lon="11.75926"/>
      <trkpt lat="45.73719" lon="11.75933"/>
      <trkpt lat="45.73731" lon="11.75936"/>
      <trkpt lat="45.73742" lon="11.7593"/>
      <trkpt lat="45.73744" lon="11.75928"/>
      <trkpt lat="45.73754" lon="11.75924"/>
      <trkpt lat="45.73768" lon="11.75925"/>
      <trkpt lat="45.7378" lon="11.75925"/>
      <trkpt lat="45.73798" lon="11.75917"/>
      <trkpt lat="45.73803" lon="11.75915"/>
      <trkpt lat="45.73816" lon="11.75909"/>
      <trkpt lat="45.7386" lon="11.75876"/>
      <trkpt lat="45.73876" lon="11.75861"/>
      <trkpt lat="45.73884" lon="11.75855"/>
      <trkpt lat="45.73917" lon="11.75827"/>
      <trkpt lat="45.74073" lon="11.75696"/>
      <trkpt lat="45.74084" lon="11.75686"/>
      <trkpt lat="45.74206" lon="11.75584"/>
      <trkpt lat="45.74285" lon="11.75515"/>
      <trkpt lat="45.74333" lon="11.75471"/>
      <trkpt lat="45.7434" lon="11.75465"/>
      <trkpt lat="45.7436" lon="11.75447"/>
      <trkpt lat="45.7438" lon="11.75433"/>
      <trkpt lat="45.74389" lon="11.7543"/>
      <trkpt lat="45.74391" lon="11.75432"/>
      <trkpt lat="45.74398" lon="11.75433"/>
      <trkpt lat="45.74406" lon="11.75431"/>
      <trkpt lat="45.74414" lon="11.75419"/>
      <trkpt lat="45.74419" lon="11.754"/>
      <trkpt lat="45.7444" lon="11.75378"/>
      <trkpt lat="45.7445" lon="11.75369"/>
      <trkpt lat="45.74452" lon="11.75373"/>
      <trkpt lat="45.74452" lon="11.75374"/>
      <trkpt lat="45.74473" lon="11.75356"/>
      <trkpt lat="45.74488" lon="11.75344"/>
      <trkpt lat="45.74492" lon="11.7534"/>
      <trkpt lat="45.74494" lon="11.75338"/>
      <trkpt lat="45.74532" lon="11.75303"/>
      <trkpt lat="45.74536" lon="11.75305"/>
      <trkpt lat="45.7454" lon="11.75302"/>
      <trkpt lat="45.74544" lon="11.75298"/>
      <trkpt lat="45.74571" lon="11.75276"/>
      <trkpt lat="45.74573" lon="11.75268"/>
      <trkpt lat="45.74615" lon="11.75232"/>
      <trkpt lat="45.74634" lon="11.75216"/>
      <trkpt lat="45.74661" lon="11.75193"/>
      <trkpt lat="45.74669" lon="11.75186"/>
      <trkpt lat="45.74716" lon="11.75145"/>
      <trkpt lat="45.74797" lon="11.75075"/>
      <trkpt lat="45.74878" lon="11.75005"/>
      <trkpt lat="45.75069" lon="11.74838"/>
      <trkpt lat="45.75072" lon="11.74839"/>
      <trkpt lat="45.75076" lon="11.74844"/>
      <trkpt lat="45.75081" lon="11.74861"/>
      <trkpt lat="45.75084" lon="11.74858"/>
      <trkpt lat="45.7509" lon="11.74853"/>
      <trkpt lat="45.75117" lon="11.74831"/>
      <trkpt lat="45.75121" lon="11.74827"/>
      <trkpt lat="45.75174" lon="11.74782"/>
      <trkpt lat="45.75183" lon="11.74772"/>
      <trkpt lat="45.75188" lon="11.74768"/>
      <trkpt lat="45.75186" lon="11.74764"/>
      <trkpt lat="45.75188" lon="11.7475"/>
      <trkpt lat="45.75188" lon="11.74732"/>
      <trkpt lat="45.75199" lon="11.74728"/>
      <trkpt lat="45.75202" lon="11.74729"/>
      <trkpt lat="45.75207" lon="11.74734"/>
      <trkpt lat="45.75213" lon="11.74737"/>
      <trkpt lat="45.75219" lon="11.74738"/>
      <trkpt lat="45.75226" lon="11.74734"/>
      <trkpt lat="45.75233" lon="11.74725"/>
      <trkpt lat="45.75236" lon="11.74713"/>
      <trkpt lat="45.75236" lon="11.747"/>
      <trkpt lat="45.75247" lon="11.74681"/>
      <trkpt lat="45.75254" lon="11.74671"/>
      <trkpt lat="45.75365" lon="11.74575"/>
      <trkpt lat="45.75391" lon="11.74552"/>
      <trkpt lat="45.75403" lon="11.74542"/>
      <trkpt lat="45.75416" lon="11.74532"/>
      <trkpt lat="45.75424" lon="11.74526"/>
      <trkpt lat="45.75451" lon="11.74502"/>
      <trkpt lat="45.75475" lon="11.74482"/>
      <trkpt lat="45.75596" lon="11.74381"/>
      <trkpt lat="45.75668" lon="11.74317"/>
      <trkpt lat="45.75707" lon="11.74281"/>
      <trkpt lat="45.75715" lon="11.74274"/>
      <trkpt lat="45.75759" lon="11.74237"/>
      <trkpt lat="45.75763" lon="11.74234"/>
      <trkpt lat="45.75776" lon="11.74228"/>
      <trkpt lat="45.75791" lon="11.74227"/>
      <trkpt lat="45.75795" lon="11.74231"/>
      <trkpt lat="45.75801" lon="11.74231"/>
      <trkpt lat="45.75804" lon="11.7423"/>
      <trkpt lat="45.75808" lon="11.74222"/>
      <trkpt lat="45.75809" lon="11.74215"/>
      <trkpt lat="45.75815" lon="11.74202"/>
      <trkpt lat="45.75844" lon="11.74187"/>
      <trkpt lat="45.7585" lon="11.74184"/>
      <trkpt lat="45.75855" lon="11.74181"/>
      <trkpt lat="45.7588" lon="11.74173"/>
      <trkpt lat="45.75907" lon="11.74168"/>
      <trkpt lat="45.75954" lon="11.74163"/>
      <trkpt lat="45.75987" lon="11.74157"/>
      <trkpt lat="45.7603" lon="11.74144"/>
      <trkpt lat="45.76047" lon="11.74137"/>
      <trkpt lat="45.76052" lon="11.74135"/>
      <trkpt lat="45.76089" lon="11.74125"/>
      <trkpt lat="45.76102" lon="11.74119"/>
      <trkpt lat="45.76111" lon="11.74111"/>
      <trkpt lat="45.76129" lon="11.74091"/>
      <trkpt lat="45.76212" lon="11.74042"/>
      <trkpt lat="45.7623" lon="11.74032"/>
      <trkpt lat="45.76281" lon="11.74002"/>
      <trkpt lat="45.76286" lon="11.73999"/>
      <trkpt lat="45.76295" lon="11.73994"/>
      <trkpt lat="45.76323" lon="11.73977"/>
      <trkpt lat="45.76345" lon="11.73965"/>
      <trkpt lat="45.76418" lon="11.73922"/>
      <trkpt lat="45.7646" lon="11.73898"/>
      <trkpt lat="45.76495" lon="11.73876"/>
      <trkpt lat="45.76529" lon="11.7386"/>
      <trkpt lat="45.76551" lon="11.73858"/>
      <trkpt lat="45.76555" lon="11.73857"/>
      <trkpt lat="45.76558" lon="11.73856"/>
      <trkpt lat="45.7658" lon="11.73851"/>
      <trkpt lat="45.76587" lon="11.73837"/>
      <trkpt lat="45.76587" lon="11.73832"/>
      <trkpt lat="45.76586" lon="11.73821"/>
      <trkpt lat="45.76568" lon="11.73797"/>
      <trkpt lat="45.76578" lon="11.73789"/>
      <trkpt lat="45.76568" lon="11.73797"/>
      <trkpt lat="45.7656" lon="11.73804"/>
      <trkpt lat="45.76553" lon="11.7381"/>
      <trkpt lat="45.76541" lon="11.73792"/>
      <trkpt lat="45.76528" lon="11.73764"/>
      <trkpt lat="45.76511" lon="11.73735"/>
      <trkpt lat="45.76507" lon="11.73728"/>
      <trkpt lat="45.76489" lon="11.73706"/>
      <trkpt lat="45.76472" lon="11.7368"/>
      <trkpt lat="45.76458" lon="11.73654"/>
      <trkpt lat="45.76452" lon="11.73638"/>
      <trkpt lat="45.7645" lon="11.73632"/>
      <trkpt lat="45.76445" lon="11.73607"/>
      <trkpt lat="45.76442" lon="11.7358"/>
      <trkpt lat="45.76441" lon="11.73569"/>
      <trkpt lat="45.76439" lon="11.73553"/>
      <trkpt lat="45.76436" lon="11.73542"/>
      <trkpt lat="45.76414" lon="11.7348"/>
      <trkpt lat="45.76412" lon="11.73476"/>
      <trkpt lat="45.76409" lon="11.73468"/>
      <trkpt lat="45.76394" lon="11.73415"/>
      <trkpt lat="45.76387" lon="11.7337"/>
      <trkpt lat="45.76384" lon="11.73341"/>
      <trkpt lat="45.7638" lon="11.73298"/>
      <trkpt lat="45.76378" lon="11.73278"/>
      <trkpt lat="45.76375" lon="11.73267"/>
      <trkpt lat="45.76373" lon="11.73246"/>
      <trkpt lat="45.76375" lon="11.73225"/>
      <trkpt lat="45.76382" lon="11.73213"/>
      <trkpt lat="45.76389" lon="11.7318"/>
      <trkpt lat="45.7641" lon="11.73117"/>
      <trkpt lat="45.76415" lon="11.73106"/>
      <trkpt lat="45.76421" lon="11.73092"/>
      <trkpt lat="45.76428" lon="11.73077"/>
      <trkpt lat="45.76496" lon="11.72917"/>
      <trkpt lat="45.76498" lon="11.72913"/>
      <trkpt lat="45.76541" lon="11.72811"/>
      <trkpt lat="45.76559" lon="11.72759"/>
      <trkpt lat="45.7656" lon="11.72758"/>
      <trkpt lat="45.76567" lon="11.72745"/>
      <trkpt lat="45.76577" lon="11.72732"/>
      <trkpt lat="45.76587" lon="11.7273"/>
      <trkpt lat="45.76592" lon="11.72734"/>
      <trkpt lat="45.76602" lon="11.72734"/>
      <trkpt lat="45.76604" lon="11.72735"/>
      <trkpt lat="45.76681" lon="11.72752"/>
      <trkpt lat="45.76756" lon="11.72768"/>
      <trkpt lat="45.76759" lon="11.72769"/>
      <trkpt lat="45.7677" lon="11.72771"/>
      <trkpt lat="45.76911" lon="11.72806"/>
      <trkpt lat="45.76932" lon="11.7281"/>
      <trkpt lat="45.77102" lon="11.72846"/>
      <trkpt lat="45.77184" lon="11.72866"/>
      <trkpt lat="45.77211" lon="11.7287"/>
      <trkpt lat="45.77302" lon="11.72873"/>
      <trkpt lat="45.7739" lon="11.72877"/>
      <trkpt lat="45.77409" lon="11.72875"/>
      <trkpt lat="45.77415" lon="11.72876"/>
      <trkpt lat="45.77427" lon="11.72867"/>
      <trkpt lat="45.77432" lon="11.72863"/>
      <trkpt lat="45.77445" lon="11.72848"/>
      <trkpt lat="45.77459" lon="11.7283"/>
      <trkpt lat="45.77572" lon="11.72688"/>
      <trkpt lat="45.77592" lon="11.72663"/>
      <trkpt lat="45.7768" lon="11.72554"/>
      <trkpt lat="45.77754" lon="11.72462"/>
      <trkpt lat="45.77849" lon="11.72342"/>
      <trkpt lat="45.77965" lon="11.72196"/>
      <trkpt lat="45.77985" lon="11.72174"/>
      <trkpt lat="45.78007" lon="11.72156"/>
      <trkpt lat="45.78038" lon="11.72139"/>
      <trkpt lat="45.78056" lon="11.72131"/>
      <trkpt lat="45.78074" lon="11.72125"/>
      <trkpt lat="45.78099" lon="11.72115"/>
      <trkpt lat="45.78144" lon="11.72102"/>
      <trkpt lat="45.78167" lon="11.72101"/>
      <trkpt lat="45.78278" lon="11.72116"/>
      <trkpt lat="45.78323" lon="11.7212"/>
      <trkpt lat="45.78347" lon="11.72124"/>
      <trkpt lat="45.78476" lon="11.72144"/>
      <trkpt lat="45.78496" lon="11.72143"/>
      <trkpt lat="45.78511" lon="11.72139"/>
      <trkpt lat="45.78543" lon="11.72119"/>
      <trkpt lat="45.78565" lon="11.72108"/>
      <trkpt lat="45.78669" lon="11.72078"/>
      <trkpt lat="45.78682" lon="11.72072"/>
      <trkpt lat="45.78699" lon="11.72057"/>
      <trkpt lat="45.78706" lon="11.72047"/>
      <trkpt lat="45.7872" lon="11.72016"/>
      <trkpt lat="45.78757" lon="11.7191"/>
      <trkpt lat="45.78767" lon="11.71888"/>
      <trkpt lat="45.78798" lon="11.71848"/>
      <trkpt lat="45.7882" lon="11.7183"/>
      <trkpt lat="45.78838" lon="11.71819"/>
      <trkpt lat="45.78897" lon="11.71786"/>
      <trkpt lat="45.78923" lon="11.71772"/>
      <trkpt lat="45.78941" lon="11.71758"/>
      <trkpt lat="45.78958" lon="11.71742"/>
      <trkpt lat="45.78963" lon="11.71736"/>
      <trkpt lat="45.79048" lon="11.71612"/>
      <trkpt lat="45.79049" lon="11.71609"/>
      <trkpt lat="45.79115" lon="11.71555"/>
      <trkpt lat="45.79153" lon="11.71526"/>
      <trkpt lat="45.79177" lon="11.71511"/>
      <trkpt lat="45.79222" lon="11.71489"/>
      <trkpt lat="45.79444" lon="11.71423"/>
      <trkpt lat="45.79585" lon="11.71385"/>
      <trkpt lat="45.79621" lon="11.71375"/>
      <trkpt lat="45.79642" lon="11.71364"/>
      <trkpt lat="45.79688" lon="11.71325"/>
      <trkpt lat="45.79742" lon="11.71269"/>
      <trkpt lat="45.79781" lon="11.7124"/>
      <trkpt lat="45.79819" lon="11.71221"/>
      <trkpt lat="45.79825" lon="11.71218"/>
      <trkpt lat="45.7989" lon="11.71184"/>
      <trkpt lat="45.79913" lon="11.71173"/>
      <trkpt lat="45.79934" lon="11.71164"/>
      <trkpt lat="45.79959" lon="11.71155"/>
      <trkpt lat="45.8001" lon="11.71141"/>
      <trkpt lat="45.80014" lon="11.71139"/>
      <trkpt lat="45.80055" lon="11.71127"/>
      <trkpt lat="45.80138" lon="11.71107"/>
      <trkpt lat="45.80175" lon="11.711"/>
      <trkpt lat="45.80189" lon="11.71104"/>
      <trkpt lat="45.802" lon="11.71111"/>
      <trkpt lat="45.80244" lon="11.71138"/>
      <trkpt lat="45.80301" lon="11.71177"/>
      <trkpt lat="45.80323" lon="11.7119"/>
      <trkpt lat="45.80344" lon="11.71197"/>
      <trkpt lat="45.80392" lon="11.71202"/>
      <trkpt lat="45.80409" lon="11.71197"/>
      <trkpt lat="45.80419" lon="11.7119"/>
      <trkpt lat="45.8045" lon="11.71168"/>
      <trkpt lat="45.8047" lon="11.71153"/>
      <trkpt lat="45.80498" lon="11.71134"/>
      <trkpt lat="45.8054" lon="11.7111"/>
      <trkpt lat="45.80562" lon="11.71102"/>
      <trkpt lat="45.80572" lon="11.71102"/>
      <trkpt lat="45.80582" lon="11.71108"/>
      <trkpt lat="45.80638" lon="11.71161"/>
      <trkpt lat="45.80657" lon="11.71176"/>
      <trkpt lat="45.8067" lon="11.71182"/>
      <trkpt lat="45.80728" lon="11.71198"/>
      <trkpt lat="45.80746" lon="11.71203"/>
      <trkpt lat="45.80886" lon="11.71247"/>
      <trkpt lat="45.80895" lon="11.7125"/>
      <trkpt lat="45.8111" lon="11.71314"/>
      <trkpt lat="45.81143" lon="11.71323"/>
      <trkpt lat="45.81256" lon="11.71361"/>
      <trkpt lat="45.81316" lon="11.71377"/>
      <trkpt lat="45.8139" lon="11.71402"/>
      <trkpt lat="45.81405" lon="11.71406"/>
      <trkpt lat="45.81493" lon="11.71427"/>
      <trkpt lat="45.81536" lon="11.7144"/>
      <trkpt lat="45.81555" lon="11.71442"/>
      <trkpt lat="45.81576" lon="11.71438"/>
      <trkpt lat="45.81635" lon="11.71426"/>
      <trkpt lat="45.81693" lon="11.71401"/>
      <trkpt lat="45.81724" lon="11.71381"/>
      <trkpt lat="45.81739" lon="11.71368"/>
      <trkpt lat="45.81865" lon="11.71242"/>
      <trkpt lat="45.8188" lon="11.71223"/>
      <trkpt lat="45.81892" lon="11.71204"/>
      <trkpt lat="45.8194" lon="11.71141"/>
      <trkpt lat="45.82002" lon="11.71078"/>
      <trkpt lat="45.82072" lon="11.71002"/>
      <trkpt lat="45.82115" lon="11.70935"/>
      <trkpt lat="45.82127" lon="11.70915"/>
      <trkpt lat="45.82143" lon="11.70893"/>
      <trkpt lat="45.82206" lon="11.7082"/>
      <trkpt lat="45.82263" lon="11.70761"/>
      <trkpt lat="45.82273" lon="11.70778"/>
      <trkpt lat="45.82279" lon="11.70779"/>
      <trkpt lat="45.82282" lon="11.70775"/>
      <trkpt lat="45.82337" lon="11.70702"/>
      <trkpt lat="45.82415" lon="11.70616"/>
      <trkpt lat="45.82484" lon="11.70544"/>
      <trkpt lat="45.82593" lon="11.7042"/>
      <trkpt lat="45.82674" lon="11.70339"/>
      <trkpt lat="45.82717" lon="11.70307"/>
      <trkpt lat="45.82757" lon="11.70288"/>
      <trkpt lat="45.82837" lon="11.70261"/>
      <trkpt lat="45.82843" lon="11.7026"/>
      <trkpt lat="45.82848" lon="11.70265"/>
      <trkpt lat="45.82856" lon="11.70268"/>
      <trkpt lat="45.82886" lon="11.70252"/>
      <trkpt lat="45.82903" lon="11.70249"/>
      <trkpt lat="45.82936" lon="11.70226"/>
      <trkpt lat="45.82956" lon="11.70208"/>
      <trkpt lat="45.8298" lon="11.70183"/>
      <trkpt lat="45.8302" lon="11.70134"/>
      <trkpt lat="45.83058" lon="11.70082"/>
      <trkpt lat="45.83062" lon="11.70069"/>
      <trkpt lat="45.83069" lon="11.70037"/>
      <trkpt lat="45.83085" lon="11.70004"/>
      <trkpt lat="45.83104" lon="11.69942"/>
      <trkpt lat="45.83109" lon="11.69919"/>
      <trkpt lat="45.83111" lon="11.69906"/>
      <trkpt lat="45.83115" lon="11.69892"/>
      <trkpt lat="45.83128" lon="11.6985"/>
      <trkpt lat="45.83158" lon="11.69769"/>
      <trkpt lat="45.83184" lon="11.69743"/>
      <trkpt lat="45.83202" lon="11.69723"/>
      <trkpt lat="45.83215" lon="11.69704"/>
      <trkpt lat="45.83221" lon="11.69693"/>
      <trkpt lat="45.83216" lon="11.69681"/>
      <trkpt lat="45.83264" lon="11.69631"/>
      <trkpt lat="45.8329" lon="11.69599"/>
      <trkpt lat="45.83305" lon="11.69577"/>
      <trkpt lat="45.83316" lon="11.69575"/>
      <trkpt lat="45.8333" lon="11.69546"/>
      <trkpt lat="45.83342" lon="11.69524"/>
      <trkpt lat="45.8333" lon="11.69513"/>
      <trkpt lat="45.83381" lon="11.69399"/>
      <trkpt lat="45.83425" lon="11.69295"/>
      <trkpt lat="45.83476" lon="11.69182"/>
      <trkpt lat="45.83534" lon="11.6908"/>
      <trkpt lat="45.83577" lon="11.69012"/>
      <trkpt lat="45.83702" lon="11.68839"/>
      <trkpt lat="45.83736" lon="11.68775"/>
      <trkpt lat="45.83783" lon="11.68681"/>
      <trkpt lat="45.83808" lon="11.68638"/>
      <trkpt lat="45.83831" lon="11.68592"/>
      <trkpt lat="45.83856" lon="11.68544"/>
      <trkpt lat="45.83883" lon="11.68499"/>
      <trkpt lat="45.83919" lon="11.68444"/>
      <trkpt lat="45.83939" lon="11.68414"/>
      <trkpt lat="45.83972" lon="11.68363"/>
      <trkpt lat="45.84001" lon="11.6832"/>
      <trkpt lat="45.8405" lon="11.68252"/>
      <trkpt lat="45.84067" lon="11.68228"/>
      <trkpt lat="45.84075" lon="11.68203"/>
      <trkpt lat="45.84119" lon="11.68016"/>
      <trkpt lat="45.8413" lon="11.6798"/>
      <trkpt lat="45.84159" lon="11.67892"/>
      <trkpt lat="45.84167" lon="11.67866"/>
      <trkpt lat="45.84198" lon="11.67766"/>
      <trkpt lat="45.84201" lon="11.67747"/>
      <trkpt lat="45.84203" lon="11.67705"/>
      <trkpt lat="45.84209" lon="11.67657"/>
      <trkpt lat="45.84214" lon="11.67633"/>
      <trkpt lat="45.84223" lon="11.67605"/>
      <trkpt lat="45.84262" lon="11.67517"/>
      <trkpt lat="45.84275" lon="11.67483"/>
      <trkpt lat="45.84288" lon="11.67423"/>
      <trkpt lat="45.84299" lon="11.67386"/>
      <trkpt lat="45.84345" lon="11.6727"/>
      <trkpt lat="45.8436" lon="11.67246"/>
      <trkpt lat="45.84402" lon="11.67191"/>
      <trkpt lat="45.8446" lon="11.67125"/>
      <trkpt lat="45.84501" lon="11.6707"/>
      <trkpt lat="45.84549" lon="11.67015"/>
      <trkpt lat="45.8457" lon="11.66987"/>
      <trkpt lat="45.84593" lon="11.66973"/>
      <trkpt lat="45.84637" lon="11.66955"/>
      <trkpt lat="45.84643" lon="11.66949"/>
      <trkpt lat="45.84646" lon="11.66943"/>
      <trkpt lat="45.84647" lon="11.66935"/>
      <trkpt lat="45.84642" lon="11.66875"/>
      <trkpt lat="45.84641" lon="11.66854"/>
      <trkpt lat="45.84636" lon="11.66793"/>
      <trkpt lat="45.84636" lon="11.66782"/>
      <trkpt lat="45.84638" lon="11.66776"/>
      <trkpt lat="45.84651" lon="11.66767"/>
      <trkpt lat="45.84657" lon="11.66766"/>
      <trkpt lat="45.84676" lon="11.66769"/>
      <trkpt lat="45.84696" lon="11.6678"/>
      <trkpt lat="45.84708" lon="11.6678"/>
      <trkpt lat="45.84722" lon="11.66774"/>
      <trkpt lat="45.84759" lon="11.66753"/>
      <trkpt lat="45.84794" lon="11.66727"/>
      <trkpt lat="45.84827" lon="11.66705"/>
      <trkpt lat="45.84843" lon="11.66698"/>
      <trkpt lat="45.8486" lon="11.66695"/>
      <trkpt lat="45.84919" lon="11.66705"/>
      <trkpt lat="45.8492" lon="11.66705"/>
      <trkpt lat="45.84926" lon="11.66705"/>
      <trkpt lat="45.84941" lon="11.66707"/>
      <trkpt lat="45.8495" lon="11.66707"/>
      <trkpt lat="45.84957" lon="11.66704"/>
      <trkpt lat="45.85025" lon="11.66657"/>
      <trkpt lat="45.85076" lon="11.66613"/>
      <trkpt lat="45.85125" lon="11.66574"/>
      <trkpt lat="45.85162" lon="11.6655"/>
      <trkpt lat="45.85255" lon="11.66491"/>
      <trkpt lat="45.85287" lon="11.66471"/>
      <trkpt lat="45.85291" lon="11.66468"/>
      <trkpt lat="45.85299" lon="11.66455"/>
      <trkpt lat="45.85329" lon="11.66403"/>
      <trkpt lat="45.85373" lon="11.66366"/>
      <trkpt lat="45.85422" lon="11.66326"/>
      <trkpt lat="45.85544" lon="11.66234"/>
      <trkpt lat="45.8561" lon="11.66184"/>
      <trkpt lat="45.85614" lon="11.66176"/>
      <trkpt lat="45.85623" lon="11.66151"/>
      <trkpt lat="45.85683" lon="11.65956"/>
      <trkpt lat="45.8569" lon="11.65935"/>
      <trkpt lat="45.85698" lon="11.65924"/>
      <trkpt lat="45.85729" lon="11.65904"/>
      <trkpt lat="45.8573" lon="11.65912"/>
      <trkpt lat="45.85745" lon="11.65981"/>
      <trkpt lat="45.85749" lon="11.65995"/>
      <trkpt lat="45.85754" lon="11.66005"/>
      <trkpt lat="45.85759" lon="11.6601"/>
      <trkpt lat="45.85781" lon="11.66021"/>
      <trkpt lat="45.85785" lon="11.66026"/>
      <trkpt lat="45.85805" lon="11.66079"/>
      <trkpt lat="45.85821" lon="11.66118"/>
      <trkpt lat="45.85851" lon="11.66098"/>
      <trkpt lat="45.85875" lon="11.66085"/>
      <trkpt lat="45.85929" lon="11.66075"/>
      <trkpt lat="45.85979" lon="11.66071"/>
      <trkpt lat="45.85983" lon="11.65962"/>
      <trkpt lat="45.86038" lon="11.65963"/>
      <trkpt lat="45.86077" lon="11.65969"/>
      <trkpt lat="45.86109" lon="11.65978"/>
      <trkpt lat="45.8615" lon="11.65994"/>
      <trkpt lat="45.86183" lon="11.66012"/>
      <trkpt lat="45.86231" lon="11.66051"/>
      <trkpt lat="45.86276" lon="11.66093"/>
      <trkpt lat="45.86231" lon="11.66051"/>
      <trkpt lat="45.86183" lon="11.66012"/>
      <trkpt lat="45.8615" lon="11.65994"/>
      <trkpt lat="45.86109" lon="11.65978"/>
      <trkpt lat="45.86077" lon="11.65969"/>
      <trkpt lat="45.86038" lon="11.65963"/>
      <trkpt lat="45.85983" lon="11.65962"/>
      <trkpt lat="45.85979" lon="11.66071"/>
      <trkpt lat="45.85929" lon="11.66075"/>
      <trkpt lat="45.85875" lon="11.66085"/>
      <trkpt lat="45.85851" lon="11.66098"/>
      <trkpt lat="45.85821" lon="11.66118"/>
      <trkpt lat="45.85805" lon="11.66079"/>
      <trkpt lat="45.85785" lon="11.66026"/>
      <trkpt lat="45.85781" lon="11.66021"/>
      <trkpt lat="45.85759" lon="11.6601"/>
      <trkpt lat="45.85754" lon="11.66005"/>
      <trkpt lat="45.85749" lon="11.65995"/>
      <trkpt lat="45.85745" lon="11.65981"/>
      <trkpt lat="45.8573" lon="11.65912"/>
      <trkpt lat="45.85729" lon="11.65904"/>
      <trkpt lat="45.85768" lon="11.65886"/>
      <trkpt lat="45.85819" lon="11.65869"/>
      <trkpt lat="45.85836" lon="11.65861"/>
      <trkpt lat="45.85872" lon="11.6586"/>
      <trkpt lat="45.85941" lon="11.65841"/>
      <trkpt lat="45.85972" lon="11.65838"/>
      <trkpt lat="45.85985" lon="11.65838"/>
      <trkpt lat="45.8601" lon="11.65844"/>
      <trkpt lat="45.8605" lon="11.65855"/>
      <trkpt lat="45.86107" lon="11.65868"/>
      <trkpt lat="45.86126" lon="11.65874"/>
      <trkpt lat="45.86157" lon="11.65885"/>
      <trkpt lat="45.86172" lon="11.65891"/>
      <trkpt lat="45.8619" lon="11.65898"/>
      <trkpt lat="45.86221" lon="11.65907"/>
      <trkpt lat="45.86252" lon="11.65918"/>
      <trkpt lat="45.86343" lon="11.65949"/>
      <trkpt lat="45.86377" lon="11.65964"/>
      <trkpt lat="45.8643" lon="11.66004"/>
      <trkpt lat="45.86437" lon="11.66009"/>
      <trkpt lat="45.86455" lon="11.66017"/>
      <trkpt lat="45.86474" lon="11.66022"/>
      <trkpt lat="45.86517" lon="11.66047"/>
      <trkpt lat="45.86552" lon="11.66088"/>
      <trkpt lat="45.86597" lon="11.6615"/>
      <trkpt lat="45.86612" lon="11.66182"/>
      <trkpt lat="45.86647" lon="11.66261"/>
      <trkpt lat="45.86669" lon="11.66302"/>
      <trkpt lat="45.86724" lon="11.66378"/>
      <trkpt lat="45.86753" lon="11.66408"/>
      <trkpt lat="45.86786" lon="11.66432"/>
      <trkpt lat="45.86797" lon="11.66444"/>
      <trkpt lat="45.86857" lon="11.66546"/>
      <trkpt lat="45.86929" lon="11.66661"/>
      <trkpt lat="45.87059" lon="11.66867"/>
      <trkpt lat="45.87091" lon="11.6692"/>
      <trkpt lat="45.87113" lon="11.66958"/>
      <trkpt lat="45.87131" lon="11.66985"/>
      <trkpt lat="45.87153" lon="11.67016"/>
      <trkpt lat="45.87219" lon="11.6707"/>
      <trkpt lat="45.87233" lon="11.67086"/>
      <trkpt lat="45.87245" lon="11.67103"/>
      <trkpt lat="45.87272" lon="11.67153"/>
      <trkpt lat="45.8729" lon="11.67191"/>
      <trkpt lat="45.87317" lon="11.67259"/>
      <trkpt lat="45.87337" lon="11.67301"/>
      <trkpt lat="45.87351" lon="11.67325"/>
      <trkpt lat="45.87391" lon="11.67395"/>
      <trkpt lat="45.87441" lon="11.67458"/>
      <trkpt lat="45.8746" lon="11.67475"/>
      <trkpt lat="45.87526" lon="11.67572"/>
      <trkpt lat="45.8755" lon="11.67612"/>
      <trkpt lat="45.87558" lon="11.67623"/>
      <trkpt lat="45.87563" lon="11.67627"/>
      <trkpt lat="45.87575" lon="11.67631"/>
      <trkpt lat="45.87612" lon="11.67647"/>
      <trkpt lat="45.87619" lon="11.67649"/>
      <trkpt lat="45.87655" lon="11.67659"/>
      <trkpt lat="45.87738" lon="11.67687"/>
      <trkpt lat="45.87832" lon="11.67696"/>
      <trkpt lat="45.87888" lon="11.6771"/>
      <trkpt lat="45.8795" lon="11.67758"/>
      <trkpt lat="45.87963" lon="11.67775"/>
      <trkpt lat="45.8797" lon="11.67791"/>
      <trkpt lat="45.87979" lon="11.67811"/>
      <trkpt lat="45.87983" lon="11.67818"/>
      <trkpt lat="45.87992" lon="11.67827"/>
      <trkpt lat="45.88027" lon="11.67852"/>
      <trkpt lat="45.88046" lon="11.6787"/>
      <trkpt lat="45.88064" lon="11.67893"/>
      <trkpt lat="45.88121" lon="11.67926"/>
      <trkpt lat="45.88169" lon="11.67958"/>
      <trkpt lat="45.88203" lon="11.67973"/>
      <trkpt lat="45.88245" lon="11.67987"/>
      <trkpt lat="45.8826" lon="11.67996"/>
      <trkpt lat="45.8829" lon="11.68026"/>
      <trkpt lat="45.88422" lon="11.68173"/>
      <trkpt lat="45.88476" lon="11.68221"/>
      <trkpt lat="45.88496" lon="11.68231"/>
      <trkpt lat="45.885" lon="11.68235"/>
      <trkpt lat="45.88625" lon="11.68415"/>
      <trkpt lat="45.88646" lon="11.68441"/>
      <trkpt lat="45.88652" lon="11.6845"/>
      <trkpt lat="45.88656" lon="11.68455"/>
      <trkpt lat="45.88675" lon="11.68479"/>
      <trkpt lat="45.88684" lon="11.68486"/>
      <trkpt lat="45.88896" lon="11.68627"/>
      <trkpt lat="45.8892" lon="11.6865"/>
      <trkpt lat="45.88964" lon="11.68702"/>
      <trkpt lat="45.88999" lon="11.68737"/>
      <trkpt lat="45.89256" lon="11.68912"/>
      <trkpt lat="45.89274" lon="11.68919"/>
      <trkpt lat="45.89404" lon="11.68933"/>
      <trkpt lat="45.89428" lon="11.6893"/>
      <trkpt lat="45.89514" lon="11.68948"/>
      <trkpt lat="45.89563" lon="11.68974"/>
      <trkpt lat="45.89603" lon="11.68966"/>
      <trkpt lat="45.8965" lon="11.6897"/>
      <trkpt lat="45.89674" lon="11.68969"/>
      <trkpt lat="45.89735" lon="11.68975"/>
      <trkpt lat="45.89791" lon="11.69005"/>
      <trkpt lat="45.89819" lon="11.69015"/>
      <trkpt lat="45.89836" lon="11.69024"/>
      <trkpt lat="45.89872" lon="11.69048"/>
      <trkpt lat="45.89887" lon="11.6906"/>
      <trkpt lat="45.899" lon="11.69078"/>
      <trkpt lat="45.89911" lon="11.69094"/>
      <trkpt lat="45.89929" lon="11.69129"/>
      <trkpt lat="45.89977" lon="11.69235"/>
      <trkpt lat="45.8999" lon="11.6926"/>
      <trkpt lat="45.90006" lon="11.69302"/>
      <trkpt lat="45.90015" lon="11.69333"/>
      <trkpt lat="45.90024" lon="11.69368"/>
      <trkpt lat="45.90054" lon="11.695"/>
      <trkpt lat="45.90074" lon="11.69588"/>
      <trkpt lat="45.90099" lon="11.69691"/>
      <trkpt lat="45.9011" lon="11.69736"/>
      <trkpt lat="45.90111" lon="11.69743"/>
      <trkpt lat="45.90119" lon="11.69778"/>
      <trkpt lat="45.90126" lon="11.69811"/>
      <trkpt lat="45.90129" lon="11.6983"/>
      <trkpt lat="45.90136" lon="11.69904"/>
      <trkpt lat="45.90141" lon="11.69944"/>
      <trkpt lat="45.9017" lon="11.70054"/>
      <trkpt lat="45.90175" lon="11.70087"/>
      <trkpt lat="45.90183" lon="11.70141"/>
      <trkpt lat="45.90196" lon="11.70256"/>
      <trkpt lat="45.90219" lon="11.70401"/>
      <trkpt lat="45.90227" lon="11.70433"/>
      <trkpt lat="45.90267" lon="11.70535"/>
      <trkpt lat="45.90323" lon="11.70653"/>
      <trkpt lat="45.90354" lon="11.70723"/>
      <trkpt lat="45.90369" lon="11.7076"/>
      <trkpt lat="45.90373" lon="11.70781"/>
      <trkpt lat="45.90374" lon="11.70799"/>
      <trkpt lat="45.90373" lon="11.70869"/>
      <trkpt lat="45.90379" lon="11.70911"/>
      <trkpt lat="45.90389" lon="11.70983"/>
      <trkpt lat="45.90396" lon="11.7101"/>
      <trkpt lat="45.90408" lon="11.7105"/>
      <trkpt lat="45.90423" lon="11.71094"/>
      <trkpt lat="45.90435" lon="11.71111"/>
      <trkpt lat="45.90471" lon="11.71164"/>
      <trkpt lat="45.90476" lon="11.71177"/>
      <trkpt lat="45.90493" lon="11.71244"/>
      <trkpt lat="45.90501" lon="11.71288"/>
      <trkpt lat="45.90517" lon="11.71344"/>
      <trkpt lat="45.90528" lon="11.71375"/>
      <trkpt lat="45.90543" lon="11.71403"/>
      <trkpt lat="45.90555" lon="11.71418"/>
      <trkpt lat="45.90566" lon="11.71429"/>
      <trkpt lat="45.90577" lon="11.71437"/>
      <trkpt lat="45.90711" lon="11.71539"/>
      <trkpt lat="45.9075" lon="11.71563"/>
      <trkpt lat="45.90799" lon="11.71578"/>
      <trkpt lat="45.90852" lon="11.716"/>
      <trkpt lat="45.909" lon="11.71625"/>
      <trkpt lat="45.90932" lon="11.71647"/>
      <trkpt lat="45.90944" lon="11.71658"/>
      <trkpt lat="45.9096" lon="11.7167"/>
      <trkpt lat="45.9099" lon="11.71682"/>
      <trkpt lat="45.91003" lon="11.71692"/>
      <trkpt lat="45.91024" lon="11.7172"/>
      <trkpt lat="45.91043" lon="11.71746"/>
      <trkpt lat="45.9105" lon="11.71753"/>
      <trkpt lat="45.91081" lon="11.71781"/>
      <trkpt lat="45.91107" lon="11.71806"/>
      <trkpt lat="45.91113" lon="11.71811"/>
      <trkpt lat="45.91121" lon="11.71822"/>
      <trkpt lat="45.91133" lon="11.71835"/>
      <trkpt lat="45.91144" lon="11.71846"/>
      <trkpt lat="45.91203" lon="11.7192"/>
      <trkpt lat="45.91232" lon="11.71957"/>
      <trkpt lat="45.91242" lon="11.71962"/>
      <trkpt lat="45.91251" lon="11.71963"/>
      <trkpt lat="45.91263" lon="11.71961"/>
      <trkpt lat="45.91345" lon="11.71953"/>
      <trkpt lat="45.91374" lon="11.71955"/>
      <trkpt lat="45.91391" lon="11.71967"/>
      <trkpt lat="45.91401" lon="11.7198"/>
      <trkpt lat="45.91423" lon="11.72016"/>
      <trkpt lat="45.91433" lon="11.72033"/>
      <trkpt lat="45.91451" lon="11.72063"/>
      <trkpt lat="45.91486" lon="11.72092"/>
      <trkpt lat="45.91537" lon="11.72133"/>
      <trkpt lat="45.91555" lon="11.72158"/>
      <trkpt lat="45.91562" lon="11.72166"/>
      <trkpt lat="45.91565" lon="11.7217"/>
      <trkpt lat="45.91571" lon="11.72177"/>
      <trkpt lat="45.91592" lon="11.72197"/>
      <trkpt lat="45.91597" lon="11.72202"/>
      <trkpt lat="45.91631" lon="11.7222"/>
      <trkpt lat="45.91653" lon="11.72227"/>
      <trkpt lat="45.91721" lon="11.72242"/>
      <trkpt lat="45.91738" lon="11.72241"/>
      <trkpt lat="45.91757" lon="11.72233"/>
      <trkpt lat="45.91765" lon="11.7223"/>
      <trkpt lat="45.91794" lon="11.72222"/>
      <trkpt lat="45.91821" lon="11.72226"/>
      <trkpt lat="45.91893" lon="11.72261"/>
      <trkpt lat="45.91928" lon="11.72276"/>
      <trkpt lat="45.92047" lon="11.72298"/>
      <trkpt lat="45.92138" lon="11.72332"/>
      <trkpt lat="45.92195" lon="11.72341"/>
      <trkpt lat="45.9229" lon="11.72335"/>
      <trkpt lat="45.92318" lon="11.72338"/>
      <trkpt lat="45.92385" lon="11.72336"/>
      <trkpt lat="45.9243" lon="11.72343"/>
      <trkpt lat="45.92476" lon="11.72343"/>
      <trkpt lat="45.92581" lon="11.72354"/>
      <trkpt lat="45.92617" lon="11.72356"/>
      <trkpt lat="45.92663" lon="11.72377"/>
      <trkpt lat="45.92683" lon="11.72383"/>
      <trkpt lat="45.92761" lon="11.72393"/>
      <trkpt lat="45.92799" lon="11.72406"/>
      <trkpt lat="45.9281" lon="11.72408"/>
      <trkpt lat="45.92854" lon="11.72407"/>
      <trkpt lat="45.92895" lon="11.724"/>
      <trkpt lat="45.92939" lon="11.724"/>
      <trkpt lat="45.92955" lon="11.72402"/>
      <trkpt lat="45.93032" lon="11.72422"/>
      <trkpt lat="45.93049" lon="11.72418"/>
      <trkpt lat="45.93085" lon="11.72394"/>
      <trkpt lat="45.93093" lon="11.7239"/>
      <trkpt lat="45.93108" lon="11.72389"/>
      <trkpt lat="45.93141" lon="11.72391"/>
      <trkpt lat="45.93195" lon="11.72402"/>
      <trkpt lat="45.93251" lon="11.72407"/>
      <trkpt lat="45.93277" lon="11.72413"/>
      <trkpt lat="45.93338" lon="11.7244"/>
      <trkpt lat="45.93358" lon="11.72443"/>
      <trkpt lat="45.93442" lon="11.72446"/>
      <trkpt lat="45.93465" lon="11.72449"/>
      <trkpt lat="45.93474" lon="11.72452"/>
      <trkpt lat="45.93497" lon="11.72463"/>
      <trkpt lat="45.935" lon="11.72464"/>
      <trkpt lat="45.93511" lon="11.72469"/>
      <trkpt lat="45.9352" lon="11.7247"/>
      <trkpt lat="45.93542" lon="11.72462"/>
      <trkpt lat="45.93589" lon="11.72438"/>
      <trkpt lat="45.93614" lon="11.72425"/>
      <trkpt lat="45.93619" lon="11.72426"/>
      <trkpt lat="45.93625" lon="11.72438"/>
      <trkpt lat="45.93629" lon="11.72453"/>
      <trkpt lat="45.9363" lon="11.72462"/>
      <trkpt lat="45.93636" lon="11.72514"/>
      <trkpt lat="45.93637" lon="11.7252"/>
      <trkpt lat="45.93481" lon="11.7256"/>
      <trkpt lat="45.93415" lon="11.72584"/>
      <trkpt lat="45.93386" lon="11.72598"/>
      <trkpt lat="45.93362" lon="11.72612"/>
      <trkpt lat="45.93317" lon="11.72632"/>
      <trkpt lat="45.9323" lon="11.72685"/>
      <trkpt lat="45.93224" lon="11.72689"/>
      <trkpt lat="45.93206" lon="11.727"/>
      <trkpt lat="45.93189" lon="11.72718"/>
      <trkpt lat="45.93184" lon="11.72733"/>
      <trkpt lat="45.93178" lon="11.72761"/>
      <trkpt lat="45.93173" lon="11.72782"/>
      <trkpt lat="45.93177" lon="11.72783"/>
      <trkpt lat="45.93184" lon="11.72781"/>
      <trkpt lat="45.93234" lon="11.72744"/>
      <trkpt lat="45.93239" lon="11.7274"/>
      <trkpt lat="45.93251" lon="11.7273"/>
      <trkpt lat="45.93306" lon="11.72681"/>
      <trkpt lat="45.9336" lon="11.72625"/>
      <trkpt lat="45.93388" lon="11.72608"/>
      <trkpt lat="45.93481" lon="11.7257"/>
      <trkpt lat="45.93634" lon="11.7253"/>
      <trkpt lat="45.93697" lon="11.72517"/>
      <trkpt lat="45.93732" lon="11.72517"/>
      <trkpt lat="45.93846" lon="11.72525"/>
      <trkpt lat="45.93866" lon="11.72527"/>
      <trkpt lat="45.94064" lon="11.72544"/>
      <trkpt lat="45.94108" lon="11.72558"/>
      <trkpt lat="45.94386" lon="11.72678"/>
      <trkpt lat="45.94429" lon="11.72687"/>
      <trkpt lat="45.94478" lon="11.72683"/>
      <trkpt lat="45.94662" lon="11.72646"/>
      <trkpt lat="45.94764" lon="11.72609"/>
      <trkpt lat="45.94802" lon="11.72592"/>
      <trkpt lat="45.94811" lon="11.72588"/>
      <trkpt lat="45.94865" lon="11.72551"/>
      <trkpt lat="45.94947" lon="11.72496"/>
      <trkpt lat="45.9504" lon="11.72445"/>
      <trkpt lat="45.95131" lon="11.72392"/>
      <trkpt lat="45.9515" lon="11.72379"/>
      <trkpt lat="45.95175" lon="11.72353"/>
      <trkpt lat="45.95188" lon="11.72336"/>
      <trkpt lat="45.95206" lon="11.72302"/>
      <trkpt lat="45.9534" lon="11.72081"/>
      <trkpt lat="45.95347" lon="11.72069"/>
      <trkpt lat="45.95362" lon="11.72044"/>
      <trkpt lat="45.9538" lon="11.72011"/>
      <trkpt lat="45.95409" lon="11.71941"/>
      <trkpt lat="45.95425" lon="11.71891"/>
      <trkpt lat="45.95439" lon="11.71827"/>
      <trkpt lat="45.95445" lon="11.71786"/>
      <trkpt lat="45.9545" lon="11.7174"/>
      <trkpt lat="45.95462" lon="11.71579"/>
      <trkpt lat="45.95474" lon="11.71497"/>
      <trkpt lat="45.95485" lon="11.71447"/>
      <trkpt lat="45.95501" lon="11.71396"/>
      <trkpt lat="45.95519" lon="11.71361"/>
      <trkpt lat="45.95548" lon="11.7131"/>
      <trkpt lat="45.95579" lon="11.71264"/>
      <trkpt lat="45.95633" lon="11.7119"/>
      <trkpt lat="45.95653" lon="11.71165"/>
      <trkpt lat="45.95864" lon="11.70967"/>
      <trkpt lat="45.9596" lon="11.70887"/>
      <trkpt lat="45.95979" lon="11.7087"/>
      <trkpt lat="45.96034" lon="11.70842"/>
      <trkpt lat="45.96062" lon="11.70834"/>
      <trkpt lat="45.961" lon="11.7082"/>
      <trkpt lat="45.96114" lon="11.70811"/>
      <trkpt lat="45.96127" lon="11.70797"/>
      <trkpt lat="45.96135" lon="11.70787"/>
      <trkpt lat="45.96152" lon="11.70754"/>
      <trkpt lat="45.96171" lon="11.70718"/>
      <trkpt lat="45.96178" lon="11.7071"/>
      <trkpt lat="45.96186" lon="11.70703"/>
      <trkpt lat="45.96196" lon="11.70698"/>
      <trkpt lat="45.96215" lon="11.70694"/>
      <trkpt lat="45.96229" lon="11.70697"/>
      <trkpt lat="45.96242" lon="11.70705"/>
      <trkpt lat="45.96263" lon="11.70727"/>
      <trkpt lat="45.96268" lon="11.70736"/>
      <trkpt lat="45.96302" lon="11.7083"/>
      <trkpt lat="45.96305" lon="11.70853"/>
      <trkpt lat="45.96325" lon="11.70847"/>
      <trkpt lat="45.96333" lon="11.70844"/>
      <trkpt lat="45.96341" lon="11.70841"/>
      <trkpt lat="45.96357" lon="11.70831"/>
      <trkpt lat="45.96381" lon="11.70811"/>
      <trkpt lat="45.96407" lon="11.7078"/>
      <trkpt lat="45.96418" lon="11.70765"/>
      <trkpt lat="45.96431" lon="11.70742"/>
      <trkpt lat="45.96441" lon="11.70717"/>
      <trkpt lat="45.96452" lon="11.70683"/>
      <trkpt lat="45.96462" lon="11.70646"/>
      <trkpt lat="45.96536" lon="11.70311"/>
      <trkpt lat="45.96555" lon="11.70222"/>
      <trkpt lat="45.96563" lon="11.70203"/>
      <trkpt lat="45.96565" lon="11.70199"/>
      <trkpt lat="45.96571" lon="11.70183"/>
      <trkpt lat="45.96571" lon="11.70177"/>
      <trkpt lat="45.96573" lon="11.70177"/>
      <trkpt lat="45.96577" lon="11.70171"/>
      <trkpt lat="45.96577" lon="11.70162"/>
      <trkpt lat="45.96578" lon="11.70149"/>
      <trkpt lat="45.96577" lon="11.70112"/>
      <trkpt lat="45.96581" lon="11.70064"/>
      <trkpt lat="45.96584" lon="11.69975"/>
      <trkpt lat="45.96593" lon="11.69916"/>
      <trkpt lat="45.96606" lon="11.69843"/>
      <trkpt lat="45.96616" lon="11.69805"/>
      <trkpt lat="45.96623" lon="11.69785"/>
      <trkpt lat="45.96635" lon="11.69758"/>
      <trkpt lat="45.9665" lon="11.69732"/>
      <trkpt lat="45.96696" lon="11.69665"/>
      <trkpt lat="45.96773" lon="11.69549"/>
      <trkpt lat="45.96798" lon="11.69508"/>
      <trkpt lat="45.96928" lon="11.69251"/>
      <trkpt lat="45.96967" lon="11.69177"/>
      <trkpt lat="45.96999" lon="11.69133"/>
      <trkpt lat="45.97029" lon="11.69087"/>
      <trkpt lat="45.97052" lon="11.6904"/>
      <trkpt lat="45.97105" lon="11.68898"/>
      <trkpt lat="45.9712" lon="11.6886"/>
      <trkpt lat="45.97146" lon="11.68773"/>
      <trkpt lat="45.97172" lon="11.68717"/>
      <trkpt lat="45.97189" lon="11.68684"/>
      <trkpt lat="45.97201" lon="11.68663"/>
      <trkpt lat="45.97237" lon="11.68617"/>
      <trkpt lat="45.97267" lon="11.68585"/>
      <trkpt lat="45.97299" lon="11.68562"/>
      <trkpt lat="45.97338" lon="11.68543"/>
      <trkpt lat="45.97362" lon="11.68537"/>
      <trkpt lat="45.97438" lon="11.68506"/>
      <trkpt lat="45.97465" lon="11.68483"/>
      <trkpt lat="45.97487" lon="11.68453"/>
      <trkpt lat="45.97496" lon="11.68414"/>
      <trkpt lat="45.97499" lon="11.68386"/>
      <trkpt lat="45.97503" lon="11.68365"/>
      <trkpt lat="45.97511" lon="11.68345"/>
      <trkpt lat="45.97527" lon="11.68322"/>
      <trkpt lat="45.97593" lon="11.68239"/>
      <trkpt lat="45.97607" lon="11.68222"/>
      <trkpt lat="45.97653" lon="11.68164"/>
      <trkpt lat="45.97668" lon="11.68151"/>
      <trkpt lat="45.97678" lon="11.68144"/>
      <trkpt lat="45.97676" lon="11.68141"/>
      <trkpt lat="45.97671" lon="11.68137"/>
      <trkpt lat="45.97645" lon="11.68128"/>
      <trkpt lat="45.97641" lon="11.68126"/>
      <trkpt lat="45.97636" lon="11.6812"/>
      <trkpt lat="45.97611" lon="11.68075"/>
      <trkpt lat="45.97599" lon="11.68051"/>
      <trkpt lat="45.97643" lon="11.67999"/>
      <trkpt lat="45.97648" lon="11.67991"/>
      <trkpt lat="45.9765" lon="11.67979"/>
      <trkpt lat="45.97648" lon="11.67952"/>
      <trkpt lat="45.97646" lon="11.679"/>
      <trkpt lat="45.97649" lon="11.6787"/>
      <trkpt lat="45.97654" lon="11.67852"/>
      <trkpt lat="45.97674" lon="11.67811"/>
      <trkpt lat="45.97694" lon="11.67763"/>
      <trkpt lat="45.97702" lon="11.67738"/>
      <trkpt lat="45.97719" lon="11.6762"/>
      <trkpt lat="45.97723" lon="11.67602"/>
      <trkpt lat="45.97727" lon="11.67592"/>
      <trkpt lat="45.97732" lon="11.67585"/>
      <trkpt lat="45.97767" lon="11.6755"/>
      <trkpt lat="45.97828" lon="11.67505"/>
      <trkpt lat="45.97878" lon="11.67455"/>
      <trkpt lat="45.97903" lon="11.67434"/>
      <trkpt lat="45.97912" lon="11.67418"/>
      <trkpt lat="45.97931" lon="11.67368"/>
      <trkpt lat="45.97936" lon="11.67359"/>
      <trkpt lat="45.97971" lon="11.67324"/>
      <trkpt lat="45.98015" lon="11.67248"/>
      <trkpt lat="45.98032" lon="11.6723"/>
      <trkpt lat="45.98104" lon="11.67177"/>
      <trkpt lat="45.98117" lon="11.67159"/>
      <trkpt lat="45.98141" lon="11.67117"/>
      <trkpt lat="45.98201" lon="11.67045"/>
      <trkpt lat="45.98223" lon="11.67031"/>
      <trkpt lat="45.98277" lon="11.67006"/>
      <trkpt lat="45.98322" lon="11.66984"/>
      <trkpt lat="45.98351" lon="11.66968"/>
      <trkpt lat="45.98366" lon="11.66959"/>
      <trkpt lat="45.98401" lon="11.66934"/>
      <trkpt lat="45.98412" lon="11.66921"/>
      <trkpt lat="45.98435" lon="11.66872"/>
      <trkpt lat="45.98463" lon="11.66801"/>
      <trkpt lat="45.98472" lon="11.66786"/>
      <trkpt lat="45.98477" lon="11.6678"/>
      <trkpt lat="45.98492" lon="11.66769"/>
      <trkpt lat="45.98514" lon="11.66757"/>
      <trkpt lat="45.98524" lon="11.66754"/>
      <trkpt lat="45.98543" lon="11.66755"/>
      <trkpt lat="45.98567" lon="11.66767"/>
      <trkpt lat="45.98576" lon="11.66769"/>
      <trkpt lat="45.98588" lon="11.66768"/>
      <trkpt lat="45.98611" lon="11.66763"/>
      <trkpt lat="45.98631" lon="11.66759"/>
      <trkpt lat="45.98669" lon="11.66756"/>
      <trkpt lat="45.98698" lon="11.6675"/>
      <trkpt lat="45.98755" lon="11.6673"/>
      <trkpt lat="45.98793" lon="11.6671"/>
      <trkpt lat="45.98842" lon="11.66689"/>
      <trkpt lat="45.9886" lon="11.66683"/>
      <trkpt lat="45.98872" lon="11.66676"/>
      <trkpt lat="45.98877" lon="11.6667"/>
      <trkpt lat="45.98909" lon="11.66628"/>
      <trkpt lat="45.98929" lon="11.66592"/>
      <trkpt lat="45.98941" lon="11.66577"/>
      <trkpt lat="45.98944" lon="11.66581"/>
      <trkpt lat="45.9898" lon="11.66629"/>
      <trkpt lat="45.98986" lon="11.66636"/>
      <trkpt lat="45.98997" lon="11.66615"/>
      <trkpt lat="45.99025" lon="11.66569"/>
      <trkpt lat="45.9909" lon="11.66478"/>
      <trkpt lat="45.99108" lon="11.66467"/>
      <trkpt lat="45.99192" lon="11.6644"/>
      <trkpt lat="45.99241" lon="11.66426"/>
      <trkpt lat="45.99425" lon="11.66391"/>
      <trkpt lat="45.99487" lon="11.66371"/>
      <trkpt lat="45.99542" lon="11.66348"/>
      <trkpt lat="45.99556" lon="11.66349"/>
      <trkpt lat="45.99558" lon="11.66346"/>
      <trkpt lat="45.9957" lon="11.66326"/>
      <trkpt lat="45.99635" lon="11.66263"/>
      <trkpt lat="45.99698" lon="11.6619"/>
      <trkpt lat="45.99731" lon="11.66147"/>
      <trkpt lat="45.9976" lon="11.66098"/>
      <trkpt lat="45.99786" lon="11.66047"/>
      <trkpt lat="45.99811" lon="11.65993"/>
      <trkpt lat="45.99958" lon="11.65574"/>
      <trkpt lat="46.00199" lon="11.64886"/>
      <trkpt lat="46.00274" lon="11.64741"/>
      <trkpt lat="46.0045" lon="11.64456"/>
      <trkpt lat="46.00448" lon="11.64453"/>
      <trkpt lat="46.00426" lon="11.64417"/>
      <trkpt lat="46.00406" lon="11.64384"/>
      <trkpt lat="46.00493" lon="11.64256"/>
      <trkpt lat="46.0054" lon="11.64104"/>
      <trkpt lat="46.00572" lon="11.64048"/>
      <trkpt lat="46.00599" lon="11.64017"/>
      <trkpt lat="46.00667" lon="11.63962"/>
      <trkpt lat="46.00736" lon="11.63908"/>
      <trkpt lat="46.00767" lon="11.63885"/>
      <trkpt lat="46.00803" lon="11.63853"/>
      <trkpt lat="46.00842" lon="11.63799"/>
      <trkpt lat="46.0085" lon="11.63785"/>
      <trkpt lat="46.00858" lon="11.63772"/>
      <trkpt lat="46.0087" lon="11.63732"/>
      <trkpt lat="46.00872" lon="11.63718"/>
      <trkpt lat="46.00876" lon="11.63708"/>
      <trkpt lat="46.00873" lon="11.63696"/>
      <trkpt lat="46.00881" lon="11.63672"/>
      <trkpt lat="46.0089" lon="11.63633"/>
      <trkpt lat="46.00894" lon="11.636"/>
      <trkpt lat="46.00897" lon="11.63566"/>
      <trkpt lat="46.00897" lon="11.63435"/>
      <trkpt lat="46.00893" lon="11.63419"/>
      <trkpt lat="46.00871" lon="11.63369"/>
      <trkpt lat="46.00864" lon="11.6335"/>
      <trkpt lat="46.00855" lon="11.63281"/>
      <trkpt lat="46.00826" lon="11.63147"/>
      <trkpt lat="46.00824" lon="11.6312"/>
      <trkpt lat="46.00823" lon="11.63098"/>
      <trkpt lat="46.00826" lon="11.63081"/>
      <trkpt lat="46.0083" lon="11.63067"/>
      <trkpt lat="46.00864" lon="11.62995"/>
      <trkpt lat="46.00874" lon="11.6297"/>
      <trkpt lat="46.00892" lon="11.62911"/>
      <trkpt lat="46.00907" lon="11.62871"/>
      <trkpt lat="46.00917" lon="11.62858"/>
      <trkpt lat="46.00921" lon="11.62862"/>
      <trkpt lat="46.00926" lon="11.62859"/>
      <trkpt lat="46.00932" lon="11.62865"/>
      <trkpt lat="46.00957" lon="11.62914"/>
      <trkpt lat="46.00974" lon="11.62939"/>
      <trkpt lat="46.00985" lon="11.62952"/>
      <trkpt lat="46.01049" lon="11.62993"/>
      <trkpt lat="46.01111" lon="11.63028"/>
      <trkpt lat="46.01115" lon="11.62999"/>
      <trkpt lat="46.01138" lon="11.62915"/>
      <trkpt lat="46.01146" lon="11.62852"/>
      <trkpt lat="46.01149" lon="11.62821"/>
      <trkpt lat="46.0115" lon="11.62745"/>
      <trkpt lat="46.01148" lon="11.62716"/>
      <trkpt lat="46.01139" lon="11.62635"/>
      <trkpt lat="46.01115" lon="11.62493"/>
      <trkpt lat="46.01102" lon="11.62381"/>
      <trkpt lat="46.01093" lon="11.62254"/>
      <trkpt lat="46.0109" lon="11.62174"/>
      <trkpt lat="46.01093" lon="11.62022"/>
      <trkpt lat="46.01104" lon="11.61867"/>
      <trkpt lat="46.01118" lon="11.61749"/>
      <trkpt lat="46.01138" lon="11.61629"/>
      <trkpt lat="46.01167" lon="11.61502"/>
      <trkpt lat="46.01199" lon="11.61419"/>
      <trkpt lat="46.01232" lon="11.61354"/>
      <trkpt lat="46.0126" lon="11.6131"/>
      <trkpt lat="46.01287" lon="11.61276"/>
      <trkpt lat="46.01316" lon="11.61244"/>
      <trkpt lat="46.01378" lon="11.61191"/>
      <trkpt lat="46.01569" lon="11.61062"/>
      <trkpt lat="46.01734" lon="11.60943"/>
      <trkpt lat="46.01775" lon="11.60916"/>
      <trkpt lat="46.01788" lon="11.60905"/>
      <trkpt lat="46.01812" lon="11.60876"/>
      <trkpt lat="46.01851" lon="11.60817"/>
      <trkpt lat="46.01889" lon="11.60766"/>
      <trkpt lat="46.01916" lon="11.6072"/>
      <trkpt lat="46.01943" lon="11.60659"/>
      <trkpt lat="46.02016" lon="11.6041"/>
      <trkpt lat="46.02046" lon="11.60323"/>
      <trkpt lat="46.02055" lon="11.60291"/>
      <trkpt lat="46.02068" lon="11.6024"/>
      <trkpt lat="46.02077" lon="11.60191"/>
      <trkpt lat="46.02087" lon="11.60145"/>
      <trkpt lat="46.02112" lon="11.60063"/>
      <trkpt lat="46.02111" lon="11.60046"/>
      <trkpt lat="46.02097" lon="11.59992"/>
      <trkpt lat="46.02093" lon="11.59978"/>
      <trkpt lat="46.0207" lon="11.59893"/>
      <trkpt lat="46.02056" lon="11.59844"/>
      <trkpt lat="46.02049" lon="11.59828"/>
      <trkpt lat="46.02031" lon="11.59807"/>
      <trkpt lat="46.02028" lon="11.59802"/>
      <trkpt lat="46.02025" lon="11.59786"/>
      <trkpt lat="46.01987" lon="11.59593"/>
      <trkpt lat="46.01948" lon="11.59426"/>
      <trkpt lat="46.01914" lon="11.59264"/>
      <trkpt lat="46.01913" lon="11.59247"/>
      <trkpt lat="46.01942" lon="11.59173"/>
      <trkpt lat="46.01944" lon="11.59159"/>
      <trkpt lat="46.01943" lon="11.5912"/>
      <trkpt lat="46.01938" lon="11.59035"/>
      <trkpt lat="46.01942" lon="11.59009"/>
      <trkpt lat="46.01968" lon="11.58957"/>
      <trkpt lat="46.01974" lon="11.58937"/>
      <trkpt lat="46.01978" lon="11.5888"/>
      <trkpt lat="46.01981" lon="11.58846"/>
      <trkpt lat="46.01987" lon="11.58821"/>
      <trkpt lat="46.01986" lon="11.58793"/>
      <trkpt lat="46.01988" lon="11.58774"/>
      <trkpt lat="46.01992" lon="11.58754"/>
      <trkpt lat="46.01998" lon="11.58737"/>
      <trkpt lat="46.02002" lon="11.58715"/>
      <trkpt lat="46.02003" lon="11.58701"/>
      <trkpt lat="46.02" lon="11.58671"/>
      <trkpt lat="46.01996" lon="11.58653"/>
      <trkpt lat="46.01992" lon="11.58648"/>
      <trkpt lat="46.01989" lon="11.58644"/>
      <trkpt lat="46.01965" lon="11.58632"/>
      <trkpt lat="46.01959" lon="11.58621"/>
      <trkpt lat="46.01958" lon="11.58613"/>
      <trkpt lat="46.01961" lon="11.58598"/>
      <trkpt lat="46.01971" lon="11.58558"/>
      <trkpt lat="46.0199" lon="11.58491"/>
      <trkpt lat="46.02033" lon="11.58378"/>
      <trkpt lat="46.02146" lon="11.58127"/>
      <trkpt lat="46.02182" lon="11.5805"/>
      <trkpt lat="46.02203" lon="11.58009"/>
      <trkpt lat="46.02225" lon="11.57973"/>
      <trkpt lat="46.02402" lon="11.57708"/>
      <trkpt lat="46.02521" lon="11.57527"/>
      <trkpt lat="46.02609" lon="11.57393"/>
      <trkpt lat="46.0264" lon="11.57355"/>
      <trkpt lat="46.02698" lon="11.57293"/>
      <trkpt lat="46.02864" lon="11.57129"/>
      <trkpt lat="46.02926" lon="11.57064"/>
      <trkpt lat="46.02975" lon="11.56992"/>
      <trkpt lat="46.0299" lon="11.56964"/>
      <trkpt lat="46.03011" lon="11.56904"/>
      <trkpt lat="46.03019" lon="11.56871"/>
      <trkpt lat="46.03035" lon="11.56789"/>
      <trkpt lat="46.0305" lon="11.56682"/>
      <trkpt lat="46.03052" lon="11.56678"/>
      <trkpt lat="46.03054" lon="11.56639"/>
      <trkpt lat="46.03056" lon="11.56621"/>
      <trkpt lat="46.03059" lon="11.56599"/>
      <trkpt lat="46.03059" lon="11.56586"/>
      <trkpt lat="46.03061" lon="11.56572"/>
      <trkpt lat="46.0307" lon="11.56481"/>
      <trkpt lat="46.03086" lon="11.56381"/>
      <trkpt lat="46.03098" lon="11.56326"/>
      <trkpt lat="46.03105" lon="11.56299"/>
      <trkpt lat="46.03137" lon="11.56228"/>
      <trkpt lat="46.03169" lon="11.56165"/>
      <trkpt lat="46.03216" lon="11.56091"/>
      <trkpt lat="46.03254" lon="11.56051"/>
      <trkpt lat="46.03294" lon="11.56028"/>
      <trkpt lat="46.03303" lon="11.56014"/>
      <trkpt lat="46.03313" lon="11.55979"/>
      <trkpt lat="46.03321" lon="11.55968"/>
      <trkpt lat="46.03343" lon="11.55956"/>
      <trkpt lat="46.0339" lon="11.55905"/>
      <trkpt lat="46.03461" lon="11.55783"/>
      <trkpt lat="46.03524" lon="11.55699"/>
      <trkpt lat="46.03552" lon="11.55665"/>
      <trkpt lat="46.03634" lon="11.55578"/>
      <trkpt lat="46.03741" lon="11.55444"/>
      <trkpt lat="46.03859" lon="11.55254"/>
      <trkpt lat="46.03916" lon="11.55129"/>
      <trkpt lat="46.03964" lon="11.55001"/>
      <trkpt lat="46.03991" lon="11.54916"/>
      <trkpt lat="46.04012" lon="11.54841"/>
      <trkpt lat="46.04046" lon="11.54677"/>
      <trkpt lat="46.04096" lon="11.54411"/>
      <trkpt lat="46.04146" lon="11.54137"/>
      <trkpt lat="46.04152" lon="11.54083"/>
      <trkpt lat="46.04165" lon="11.53962"/>
      <trkpt lat="46.04176" lon="11.53895"/>
      <trkpt lat="46.04199" lon="11.53819"/>
      <trkpt lat="46.04267" lon="11.53637"/>
      <trkpt lat="46.04302" lon="11.53554"/>
      <trkpt lat="46.04321" lon="11.53502"/>
      <trkpt lat="46.04327" lon="11.53475"/>
      <trkpt lat="46.04338" lon="11.5345"/>
      <trkpt lat="46.04367" lon="11.5336"/>
      <trkpt lat="46.04372" lon="11.5334"/>
      <trkpt lat="46.04381" lon="11.53316"/>
      <trkpt lat="46.04415" lon="11.5321"/>
      <trkpt lat="46.04438" lon="11.53142"/>
      <trkpt lat="46.04518" lon="11.52927"/>
      <trkpt lat="46.04566" lon="11.52774"/>
      <trkpt lat="46.04581" lon="11.52711"/>
      <trkpt lat="46.04592" lon="11.52646"/>
      <trkpt lat="46.046" lon="11.52625"/>
      <trkpt lat="46.046" lon="11.52582"/>
      <trkpt lat="46.046" lon="11.52575"/>
      <trkpt lat="46.04598" lon="11.52492"/>
      <trkpt lat="46.04581" lon="11.52272"/>
      <trkpt lat="46.04576" lon="11.52182"/>
      <trkpt lat="46.04577" lon="11.52137"/>
      <trkpt lat="46.04581" lon="11.52085"/>
      <trkpt lat="46.04585" lon="11.5204"/>
      <trkpt lat="46.04592" lon="11.52006"/>
      <trkpt lat="46.04601" lon="11.51984"/>
      <trkpt lat="46.04609" lon="11.51973"/>
      <trkpt lat="46.0463" lon="11.51955"/>
      <trkpt lat="46.04644" lon="11.51948"/>
      <trkpt lat="46.04666" lon="11.51948"/>
      <trkpt lat="46.04691" lon="11.51953"/>
      <trkpt lat="46.04727" lon="11.51962"/>
      <trkpt lat="46.04734" lon="11.5196"/>
      <trkpt lat="46.04736" lon="11.51952"/>
      <trkpt lat="46.04739" lon="11.51895"/>
      <trkpt lat="46.04738" lon="11.51887"/>
      <trkpt lat="46.0473" lon="11.51883"/>
      <trkpt lat="46.0469" lon="11.51882"/>
      <trkpt lat="46.04665" lon="11.51874"/>
      <trkpt lat="46.04631" lon="11.5186"/>
      <trkpt lat="46.04617" lon="11.5185"/>
      <trkpt lat="46.04606" lon="11.51837"/>
      <trkpt lat="46.046" lon="11.51825"/>
      <trkpt lat="46.04596" lon="11.51802"/>
      <trkpt lat="46.04595" lon="11.51742"/>
      <trkpt lat="46.04592" lon="11.51732"/>
      <trkpt lat="46.04582" lon="11.51707"/>
      <trkpt lat="46.04573" lon="11.51658"/>
      <trkpt lat="46.04542" lon="11.51546"/>
      <trkpt lat="46.04539" lon="11.51526"/>
      <trkpt lat="46.04543" lon="11.51492"/>
      <trkpt lat="46.04549" lon="11.51458"/>
      <trkpt lat="46.04561" lon="11.51417"/>
      <trkpt lat="46.04571" lon="11.51391"/>
      <trkpt lat="46.0457" lon="11.51387"/>
      <trkpt lat="46.04566" lon="11.51384"/>
      <trkpt lat="46.04532" lon="11.51361"/>
      <trkpt lat="46.04529" lon="11.51358"/>
      <trkpt lat="46.04529" lon="11.51352"/>
      <trkpt lat="46.04551" lon="11.51314"/>
      <trkpt lat="46.04565" lon="11.51293"/>
      <trkpt lat="46.04585" lon="11.51272"/>
      <trkpt lat="46.04594" lon="11.51256"/>
      <trkpt lat="46.04595" lon="11.5124"/>
      <trkpt lat="46.04594" lon="11.51204"/>
      <trkpt lat="46.04595" lon="11.51162"/>
      <trkpt lat="46.04589" lon="11.51107"/>
      <trkpt lat="46.04591" lon="11.51084"/>
      <trkpt lat="46.04607" lon="11.51026"/>
      <trkpt lat="46.04609" lon="11.51003"/>
      <trkpt lat="46.04609" lon="11.50982"/>
      <trkpt lat="46.04607" lon="11.50956"/>
      <trkpt lat="46.04606" lon="11.50915"/>
      <trkpt lat="46.04611" lon="11.50896"/>
      <trkpt lat="46.04623" lon="11.50868"/>
      <trkpt lat="46.04631" lon="11.50842"/>
      <trkpt lat="46.04648" lon="11.50802"/>
      <trkpt lat="46.04679" lon="11.50714"/>
      <trkpt lat="46.04727" lon="11.50576"/>
      <trkpt lat="46.04763" lon="11.50468"/>
      <trkpt lat="46.0478" lon="11.5041"/>
      <trkpt lat="46.04802" lon="11.50316"/>
      <trkpt lat="46.04814" lon="11.50248"/>
      <trkpt lat="46.04879" lon="11.4974"/>
      <trkpt lat="46.04928" lon="11.49385"/>
      <trkpt lat="46.04929" lon="11.4928"/>
      <trkpt lat="46.04925" lon="11.49236"/>
      <trkpt lat="46.0492" lon="11.49197"/>
      <trkpt lat="46.0487" lon="11.48939"/>
      <trkpt lat="46.04864" lon="11.48896"/>
      <trkpt lat="46.04859" lon="11.48855"/>
      <trkpt lat="46.0485" lon="11.48725"/>
      <trkpt lat="46.04849" lon="11.48649"/>
      <trkpt lat="46.04851" lon="11.48489"/>
      <trkpt lat="46.04855" lon="11.48452"/>
      <trkpt lat="46.0485" lon="11.48448"/>
      <trkpt lat="46.04823" lon="11.48426"/>
      <trkpt lat="46.04818" lon="11.48422"/>
      <trkpt lat="46.04831" lon="11.48398"/>
      <trkpt lat="46.0484" lon="11.48376"/>
      <trkpt lat="46.04851" lon="11.48324"/>
      <trkpt lat="46.04872" lon="11.48245"/>
      <trkpt lat="46.04931" lon="11.48046"/>
      <trkpt lat="46.04973" lon="11.47923"/>
      <trkpt lat="46.04997" lon="11.47858"/>
      <trkpt lat="46.05009" lon="11.47827"/>
      <trkpt lat="46.0503" lon="11.4778"/>
      <trkpt lat="46.05035" lon="11.47764"/>
      <trkpt lat="46.05039" lon="11.47735"/>
      <trkpt lat="46.05048" lon="11.4763"/>
      <trkpt lat="46.0506" lon="11.4759"/>
      <trkpt lat="46.05081" lon="11.4755"/>
      <trkpt lat="46.05139" lon="11.47464"/>
      <trkpt lat="46.05144" lon="11.47454"/>
      <trkpt lat="46.05146" lon="11.47444"/>
      <trkpt lat="46.05146" lon="11.47386"/>
      <trkpt lat="46.05139" lon="11.47349"/>
      <trkpt lat="46.05109" lon="11.47262"/>
      <trkpt lat="46.05092" lon="11.47222"/>
      <trkpt lat="46.05074" lon="11.47182"/>
      <trkpt lat="46.05048" lon="11.47138"/>
      <trkpt lat="46.05051" lon="11.47132"/>
      <trkpt lat="46.05069" lon="11.47094"/>
      <trkpt lat="46.05071" lon="11.47091"/>
      <trkpt lat="46.05073" lon="11.47089"/>
      <trkpt lat="46.05086" lon="11.47056"/>
      <trkpt lat="46.05089" lon="11.47052"/>
      <trkpt lat="46.0509" lon="11.47049"/>
      <trkpt lat="46.05125" lon="11.46962"/>
      <trkpt lat="46.05127" lon="11.46958"/>
      <trkpt lat="46.05131" lon="11.46961"/>
      <trkpt lat="46.05138" lon="11.46968"/>
      <trkpt lat="46.05162" lon="11.46982"/>
      <trkpt lat="46.05169" lon="11.46984"/>
      <trkpt lat="46.05269" lon="11.47013"/>
      <trkpt lat="46.05291" lon="11.4702"/>
      <trkpt lat="46.05295" lon="11.47019"/>
      <trkpt lat="46.05317" lon="11.47001"/>
      <trkpt lat="46.05335" lon="11.46987"/>
      <trkpt lat="46.0534" lon="11.46977"/>
      <trkpt lat="46.05341" lon="11.46966"/>
      <trkpt lat="46.05348" lon="11.46946"/>
      <trkpt lat="46.05352" lon="11.46924"/>
      <trkpt lat="46.05353" lon="11.46893"/>
      <trkpt lat="46.0535" lon="11.46798"/>
      <trkpt lat="46.05356" lon="11.46763"/>
      <trkpt lat="46.05364" lon="11.46733"/>
      <trkpt lat="46.05395" lon="11.4665"/>
      <trkpt lat="46.05395" lon="11.46641"/>
      <trkpt lat="46.05392" lon="11.46626"/>
      <trkpt lat="46.05392" lon="11.46619"/>
      <trkpt lat="46.05394" lon="11.46614"/>
      <trkpt lat="46.05405" lon="11.46598"/>
      <trkpt lat="46.05418" lon="11.4658"/>
      <trkpt lat="46.05428" lon="11.46563"/>
      <trkpt lat="46.05445" lon="11.4652"/>
      <trkpt lat="46.05449" lon="11.46505"/>
      <trkpt lat="46.05446" lon="11.46486"/>
      <trkpt lat="46.05447" lon="11.46481"/>
      <trkpt lat="46.05451" lon="11.46476"/>
      <trkpt lat="46.05455" lon="11.46476"/>
      <trkpt lat="46.05459" lon="11.46478"/>
      <trkpt lat="46.05468" lon="11.46455"/>
      <trkpt lat="46.05475" lon="11.46429"/>
      <trkpt lat="46.05476" lon="11.46401"/>
      <trkpt lat="46.05475" lon="11.46372"/>
      <trkpt lat="46.0547" lon="11.46341"/>
      <trkpt lat="46.0546" lon="11.46339"/>
      <trkpt lat="46.0546" lon="11.4633"/>
      <trkpt lat="46.05461" lon="11.46322"/>
      <trkpt lat="46.05469" lon="11.46323"/>
      <trkpt lat="46.05469" lon="11.46321"/>
      <trkpt lat="46.0547" lon="11.46317"/>
      <trkpt lat="46.05456" lon="11.46254"/>
      <trkpt lat="46.05446" lon="11.46187"/>
      <trkpt lat="46.05447" lon="11.46176"/>
      <trkpt lat="46.05441" lon="11.46121"/>
      <trkpt lat="46.05434" lon="11.46078"/>
      <trkpt lat="46.05429" lon="11.46069"/>
      <trkpt lat="46.05404" lon="11.45984"/>
      <trkpt lat="46.05394" lon="11.45938"/>
      <trkpt lat="46.05395" lon="11.45938"/>
      <trkpt lat="46.05404" lon="11.45933"/>
      <trkpt lat="46.0541" lon="11.4593"/>
      <trkpt lat="46.05406" lon="11.45907"/>
      <trkpt lat="46.05404" lon="11.45894"/>
      <trkpt lat="46.05398" lon="11.45863"/>
      <trkpt lat="46.05396" lon="11.45856"/>
      <trkpt lat="46.05381" lon="11.4578"/>
      <trkpt lat="46.05386" lon="11.45777"/>
      <trkpt lat="46.05386" lon="11.45776"/>
      <trkpt lat="46.05386" lon="11.45774"/>
      <trkpt lat="46.05378" lon="11.45777"/>
      <trkpt lat="46.05376" lon="11.4577"/>
      <trkpt lat="46.05372" lon="11.45741"/>
      <trkpt lat="46.05371" lon="11.45709"/>
      <trkpt lat="46.05377" lon="11.45651"/>
      <trkpt lat="46.05372" lon="11.4562"/>
      <trkpt lat="46.05376" lon="11.4562"/>
      <trkpt lat="46.05382" lon="11.45621"/>
      <trkpt lat="46.05388" lon="11.45621"/>
      <trkpt lat="46.05392" lon="11.45621"/>
      <trkpt lat="46.05385" lon="11.45589"/>
      <trkpt lat="46.05379" lon="11.45569"/>
      <trkpt lat="46.05362" lon="11.45484"/>
      <trkpt lat="46.05363" lon="11.45477"/>
      <trkpt lat="46.05368" lon="11.45459"/>
      <trkpt lat="46.05362" lon="11.45456"/>
      <trkpt lat="46.05352" lon="11.4545"/>
      <trkpt lat="46.0535" lon="11.45448"/>
      <trkpt lat="46.05341" lon="11.45407"/>
      <trkpt lat="46.05334" lon="11.45375"/>
      <trkpt lat="46.05324" lon="11.45326"/>
      <trkpt lat="46.05296" lon="11.4521"/>
      <trkpt lat="46.05305" lon="11.45207"/>
      <trkpt lat="46.05307" lon="11.45206"/>
      <trkpt lat="46.05302" lon="11.45185"/>
      <trkpt lat="46.05299" lon="11.45167"/>
      <trkpt lat="46.05283" lon="11.45097"/>
      <trkpt lat="46.05277" lon="11.45079"/>
      <trkpt lat="46.05275" lon="11.45068"/>
      <trkpt lat="46.05274" lon="11.45055"/>
      <trkpt lat="46.0527" lon="11.4504"/>
      <trkpt lat="46.05261" lon="11.45023"/>
      <trkpt lat="46.05258" lon="11.45013"/>
      <trkpt lat="46.05259" lon="11.44987"/>
      <trkpt lat="46.05174" lon="11.4464"/>
      <trkpt lat="46.05078" lon="11.4423"/>
      <trkpt lat="46.05015" lon="11.43953"/>
      <trkpt lat="46.0498" lon="11.43826"/>
      <trkpt lat="46.0493" lon="11.43662"/>
      <trkpt lat="46.04872" lon="11.43486"/>
      <trkpt lat="46.04679" lon="11.43011"/>
      <trkpt lat="46.04669" lon="11.42993"/>
      <trkpt lat="46.04661" lon="11.42986"/>
      <trkpt lat="46.04659" lon="11.42988"/>
      <trkpt lat="46.04654" lon="11.42993"/>
      <trkpt lat="46.04651" lon="11.42998"/>
      <trkpt lat="46.04648" lon="11.42991"/>
      <trkpt lat="46.04618" lon="11.4292"/>
      <trkpt lat="46.04614" lon="11.42924"/>
      <trkpt lat="46.04609" lon="11.42928"/>
      <trkpt lat="46.04603" lon="11.42933"/>
      <trkpt lat="46.04482" lon="11.4264"/>
      <trkpt lat="46.04449" lon="11.4256"/>
      <trkpt lat="46.04371" lon="11.4239"/>
      <trkpt lat="46.04276" lon="11.42166"/>
      <trkpt lat="46.04227" lon="11.42005"/>
      <trkpt lat="46.0422" lon="11.41994"/>
      <trkpt lat="46.042" lon="11.41974"/>
      <trkpt lat="46.04184" lon="11.41931"/>
      <trkpt lat="46.04148" lon="11.41864"/>
      <trkpt lat="46.04093" lon="11.41726"/>
      <trkpt lat="46.04007" lon="11.4152"/>
      <trkpt lat="46.03933" lon="11.41317"/>
      <trkpt lat="46.0392" lon="11.41256"/>
      <trkpt lat="46.0392" lon="11.41202"/>
      <trkpt lat="46.0393" lon="11.41133"/>
      <trkpt lat="46.03925" lon="11.41118"/>
      <trkpt lat="46.03902" lon="11.41077"/>
      <trkpt lat="46.039" lon="11.41072"/>
      <trkpt lat="46.03901" lon="11.41066"/>
      <trkpt lat="46.03906" lon="11.41058"/>
      <trkpt lat="46.03917" lon="11.41043"/>
      <trkpt lat="46.03888" lon="11.4099"/>
      <trkpt lat="46.03842" lon="11.40872"/>
      <trkpt lat="46.03596" lon="11.40087"/>
      <trkpt lat="46.03589" lon="11.40055"/>
      <trkpt lat="46.03578" lon="11.40033"/>
      <trkpt lat="46.03468" lon="11.39683"/>
      <trkpt lat="46.0345" lon="11.3962"/>
      <trkpt lat="46.03448" lon="11.39603"/>
      <trkpt lat="46.03441" lon="11.39599"/>
      <trkpt lat="46.03423" lon="11.39589"/>
      <trkpt lat="46.03409" lon="11.39583"/>
      <trkpt lat="46.03351" lon="11.39506"/>
      <trkpt lat="46.03286" lon="11.39386"/>
      <trkpt lat="46.03284" lon="11.39382"/>
      <trkpt lat="46.03254" lon="11.39325"/>
      <trkpt lat="46.03231" lon="11.39289"/>
      <trkpt lat="46.03216" lon="11.39269"/>
      <trkpt lat="46.03178" lon="11.39222"/>
      <trkpt lat="46.03118" lon="11.39155"/>
      <trkpt lat="46.03095" lon="11.3914"/>
      <trkpt lat="46.03056" lon="11.39118"/>
      <trkpt lat="46.03032" lon="11.3909"/>
      <trkpt lat="46.03009" lon="11.39058"/>
      <trkpt lat="46.02997" lon="11.39029"/>
      <trkpt lat="46.02988" lon="11.39014"/>
      <trkpt lat="46.02902" lon="11.38906"/>
      <trkpt lat="46.02897" lon="11.38898"/>
      <trkpt lat="46.02892" lon="11.38885"/>
      <trkpt lat="46.02864" lon="11.38808"/>
      <trkpt lat="46.02847" lon="11.38778"/>
      <trkpt lat="46.0284" lon="11.38775"/>
      <trkpt lat="46.02833" lon="11.3877"/>
      <trkpt lat="46.02821" lon="11.38759"/>
      <trkpt lat="46.02808" lon="11.38753"/>
      <trkpt lat="46.02758" lon="11.38737"/>
      <trkpt lat="46.02689" lon="11.38707"/>
      <trkpt lat="46.02666" lon="11.38699"/>
      <trkpt lat="46.02582" lon="11.3863"/>
      <trkpt lat="46.02571" lon="11.3862"/>
      <trkpt lat="46.02457" lon="11.38536"/>
      <trkpt lat="46.02434" lon="11.38533"/>
      <trkpt lat="46.02423" lon="11.38536"/>
      <trkpt lat="46.02412" lon="11.38538"/>
      <trkpt lat="46.0238" lon="11.38532"/>
      <trkpt lat="46.02339" lon="11.38499"/>
      <trkpt lat="46.02303" lon="11.38456"/>
      <trkpt lat="46.02232" lon="11.38316"/>
      <trkpt lat="46.022" lon="11.38241"/>
      <trkpt lat="46.02172" lon="11.38174"/>
      <trkpt lat="46.02167" lon="11.38166"/>
      <trkpt lat="46.02146" lon="11.38135"/>
      <trkpt lat="46.02131" lon="11.38111"/>
      <trkpt lat="46.02097" lon="11.38059"/>
      <trkpt lat="46.0207" lon="11.38034"/>
      <trkpt lat="46.02029" lon="11.38002"/>
      <trkpt lat="46.02015" lon="11.37987"/>
      <trkpt lat="46.01993" lon="11.37955"/>
      <trkpt lat="46.01986" lon="11.37941"/>
      <trkpt lat="46.0198" lon="11.37924"/>
      <trkpt lat="46.01977" lon="11.37908"/>
      <trkpt lat="46.01975" lon="11.37893"/>
      <trkpt lat="46.01977" lon="11.37862"/>
      <trkpt lat="46.01979" lon="11.37826"/>
      <trkpt lat="46.01978" lon="11.37794"/>
      <trkpt lat="46.01972" lon="11.37727"/>
      <trkpt lat="46.01968" lon="11.37703"/>
      <trkpt lat="46.01957" lon="11.37663"/>
      <trkpt lat="46.01944" lon="11.37629"/>
      <trkpt lat="46.01936" lon="11.37612"/>
      <trkpt lat="46.01918" lon="11.37585"/>
      <trkpt lat="46.01904" lon="11.37549"/>
      <trkpt lat="46.01895" lon="11.37522"/>
      <trkpt lat="46.01894" lon="11.3751"/>
      <trkpt lat="46.01887" lon="11.37511"/>
      <trkpt lat="46.01872" lon="11.37511"/>
      <trkpt lat="46.01862" lon="11.37508"/>
      <trkpt lat="46.0185" lon="11.37498"/>
      <trkpt lat="46.01845" lon="11.37489"/>
      <trkpt lat="46.01831" lon="11.37455"/>
      <trkpt lat="46.01824" lon="11.37425"/>
      <trkpt lat="46.01806" lon="11.37373"/>
      <trkpt lat="46.01796" lon="11.3735"/>
      <trkpt lat="46.01776" lon="11.3732"/>
      <trkpt lat="46.01753" lon="11.37286"/>
      <trkpt lat="46.01738" lon="11.3726"/>
      <trkpt lat="46.01682" lon="11.37171"/>
      <trkpt lat="46.01653" lon="11.37137"/>
      <trkpt lat="46.0163" lon="11.37098"/>
      <trkpt lat="46.0157" lon="11.36871"/>
      <trkpt lat="46.01549" lon="11.36797"/>
      <trkpt lat="46.01544" lon="11.36772"/>
      <trkpt lat="46.01536" lon="11.36712"/>
      <trkpt lat="46.01485" lon="11.36584"/>
      <trkpt lat="46.0143" lon="11.36463"/>
      <trkpt lat="46.01381" lon="11.36299"/>
      <trkpt lat="46.01381" lon="11.36283"/>
      <trkpt lat="46.01386" lon="11.36271"/>
      <trkpt lat="46.01497" lon="11.3621"/>
      <trkpt lat="46.0148" lon="11.36119"/>
      <trkpt lat="46.01478" lon="11.36108"/>
      <trkpt lat="46.01477" lon="11.36104"/>
      <trkpt lat="46.01439" lon="11.35907"/>
      <trkpt lat="46.01425" lon="11.35776"/>
      <trkpt lat="46.01421" lon="11.35669"/>
      <trkpt lat="46.0142" lon="11.35573"/>
      <trkpt lat="46.01425" lon="11.35436"/>
      <trkpt lat="46.01441" lon="11.3529"/>
      <trkpt lat="46.01454" lon="11.3514"/>
      <trkpt lat="46.01455" lon="11.34637"/>
      <trkpt lat="46.01447" lon="11.34469"/>
      <trkpt lat="46.01438" lon="11.34361"/>
      <trkpt lat="46.01423" lon="11.34266"/>
      <trkpt lat="46.01409" lon="11.34188"/>
      <trkpt lat="46.01379" lon="11.34053"/>
      <trkpt lat="46.01341" lon="11.339"/>
      <trkpt lat="46.01333" lon="11.33861"/>
      <trkpt lat="46.01319" lon="11.33813"/>
      <trkpt lat="46.01306" lon="11.3378"/>
      <trkpt lat="46.01302" lon="11.33768"/>
      <trkpt lat="46.01179" lon="11.33453"/>
      <trkpt lat="46.01146" lon="11.33365"/>
      <trkpt lat="46.01112" lon="11.33283"/>
      <trkpt lat="46.0109" lon="11.33239"/>
      <trkpt lat="46.01066" lon="11.33195"/>
      <trkpt lat="46.01033" lon="11.33143"/>
      <trkpt lat="46.01011" lon="11.33112"/>
      <trkpt lat="46.01014" lon="11.33108"/>
      <trkpt lat="46.01024" lon="11.33096"/>
      <trkpt lat="46.01027" lon="11.33091"/>
      <trkpt lat="46.00645" lon="11.32492"/>
      <trkpt lat="46.00584" lon="11.32387"/>
      <trkpt lat="46.00556" lon="11.32331"/>
      <trkpt lat="46.00576" lon="11.32271"/>
      <trkpt lat="46.00581" lon="11.32254"/>
      <trkpt lat="46.00601" lon="11.32196"/>
      <trkpt lat="46.00618" lon="11.32161"/>
      <trkpt lat="46.0066" lon="11.32104"/>
      <trkpt lat="46.00716" lon="11.32032"/>
      <trkpt lat="46.00752" lon="11.31981"/>
      <trkpt lat="46.00764" lon="11.31955"/>
      <trkpt lat="46.00771" lon="11.31933"/>
      <trkpt lat="46.0078" lon="11.31896"/>
      <trkpt lat="46.00783" lon="11.31829"/>
      <trkpt lat="46.00782" lon="11.31637"/>
      <trkpt lat="46.00835" lon="11.31625"/>
      <trkpt lat="46.00888" lon="11.31614"/>
      <trkpt lat="46.00886" lon="11.31596"/>
      <trkpt lat="46.00876" lon="11.31524"/>
      <trkpt lat="46.00863" lon="11.31428"/>
      <trkpt lat="46.0086" lon="11.31399"/>
      <trkpt lat="46.00857" lon="11.31381"/>
      <trkpt lat="46.00849" lon="11.3132"/>
      <trkpt lat="46.00843" lon="11.31282"/>
      <trkpt lat="46.0084" lon="11.31255"/>
      <trkpt lat="46.00834" lon="11.3121"/>
      <trkpt lat="46.00819" lon="11.31102"/>
      <trkpt lat="46.00818" lon="11.31094"/>
      <trkpt lat="46.00809" lon="11.31031"/>
      <trkpt lat="46.00804" lon="11.30982"/>
      <trkpt lat="46.00805" lon="11.3097"/>
      <trkpt lat="46.00805" lon="11.30958"/>
      <trkpt lat="46.00824" lon="11.30735"/>
      <trkpt lat="46.00833" lon="11.30648"/>
      <trkpt lat="46.00843" lon="11.30537"/>
      <trkpt lat="46.00863" lon="11.30324"/>
      <trkpt lat="46.0087" lon="11.30266"/>
      <trkpt lat="46.00875" lon="11.30238"/>
      <trkpt lat="46.00886" lon="11.30188"/>
      <trkpt lat="46.00902" lon="11.30138"/>
      <trkpt lat="46.0092" lon="11.30089"/>
      <trkpt lat="46.00953" lon="11.30023"/>
      <trkpt lat="46.01002" lon="11.29919"/>
      <trkpt lat="46.01004" lon="11.29915"/>
      <trkpt lat="46.0101" lon="11.29901"/>
      <trkpt lat="46.01019" lon="11.29879"/>
      <trkpt lat="46.01024" lon="11.2988"/>
      <trkpt lat="46.01029" lon="11.29876"/>
      <trkpt lat="46.01032" lon="11.29868"/>
      <trkpt lat="46.0103" lon="11.29858"/>
      <trkpt lat="46.01037" lon="11.29848"/>
      <trkpt lat="46.01062" lon="11.29799"/>
      <trkpt lat="46.01078" lon="11.2977"/>
      <trkpt lat="46.01114" lon="11.29719"/>
      <trkpt lat="46.01122" lon="11.29711"/>
      <trkpt lat="46.01126" lon="11.29706"/>
      <trkpt lat="46.01198" lon="11.29635"/>
      <trkpt lat="46.01245" lon="11.29589"/>
      <trkpt lat="46.01282" lon="11.29552"/>
      <trkpt lat="46.01332" lon="11.29516"/>
      <trkpt lat="46.01381" lon="11.29491"/>
      <trkpt lat="46.01472" lon="11.29466"/>
      <trkpt lat="46.01497" lon="11.2946"/>
      <trkpt lat="46.0154" lon="11.29444"/>
      <trkpt lat="46.01543" lon="11.29441"/>
      <trkpt lat="46.01565" lon="11.29421"/>
      <trkpt lat="46.01587" lon="11.29387"/>
      <trkpt lat="46.016" lon="11.29356"/>
      <trkpt lat="46.01612" lon="11.29323"/>
      <trkpt lat="46.01618" lon="11.29296"/>
      <trkpt lat="46.0162" lon="11.29268"/>
      <trkpt lat="46.01618" lon="11.29238"/>
      <trkpt lat="46.01593" lon="11.29098"/>
      <trkpt lat="46.01589" lon="11.29056"/>
      <trkpt lat="46.01587" lon="11.29014"/>
      <trkpt lat="46.01586" lon="11.28841"/>
      <trkpt lat="46.01583" lon="11.28701"/>
      <trkpt lat="46.01587" lon="11.28646"/>
      <trkpt lat="46.01592" lon="11.28596"/>
      <trkpt lat="46.016" lon="11.28546"/>
      <trkpt lat="46.01623" lon="11.28414"/>
      <trkpt lat="46.01661" lon="11.28255"/>
      <trkpt lat="46.01678" lon="11.28188"/>
      <trkpt lat="46.01688" lon="11.28164"/>
      <trkpt lat="46.01719" lon="11.28112"/>
      <trkpt lat="46.01729" lon="11.28086"/>
      <trkpt lat="46.01738" lon="11.28048"/>
      <trkpt lat="46.01747" lon="11.27984"/>
      <trkpt lat="46.01766" lon="11.27906"/>
      <trkpt lat="46.01778" lon="11.27878"/>
      <trkpt lat="46.01795" lon="11.27849"/>
      <trkpt lat="46.01806" lon="11.27817"/>
      <trkpt lat="46.01813" lon="11.27776"/>
      <trkpt lat="46.01822" lon="11.27746"/>
      <trkpt lat="46.01834" lon="11.27722"/>
      <trkpt lat="46.01863" lon="11.2769"/>
      <trkpt lat="46.01894" lon="11.27644"/>
      <trkpt lat="46.01914" lon="11.27627"/>
      <trkpt lat="46.01929" lon="11.27618"/>
      <trkpt lat="46.02014" lon="11.2759"/>
      <trkpt lat="46.02056" lon="11.27574"/>
      <trkpt lat="46.02126" lon="11.27531"/>
      <trkpt lat="46.02136" lon="11.27526"/>
      <trkpt lat="46.02152" lon="11.2753"/>
      <trkpt lat="46.02167" lon="11.27537"/>
      <trkpt lat="46.02183" lon="11.27537"/>
      <trkpt lat="46.02198" lon="11.2753"/>
      <trkpt lat="46.02211" lon="11.27519"/>
      <trkpt lat="46.02227" lon="11.27493"/>
      <trkpt lat="46.02239" lon="11.27484"/>
      <trkpt lat="46.02258" lon="11.27475"/>
      <trkpt lat="46.02271" lon="11.27464"/>
      <trkpt lat="46.02281" lon="11.27447"/>
      <trkpt lat="46.02292" lon="11.27422"/>
      <trkpt lat="46.02305" lon="11.27386"/>
      <trkpt lat="46.02331" lon="11.27355"/>
      <trkpt lat="46.02356" lon="11.2732"/>
      <trkpt lat="46.02402" lon="11.27238"/>
      <trkpt lat="46.02438" lon="11.27155"/>
      <trkpt lat="46.02457" lon="11.27137"/>
      <trkpt lat="46.0249" lon="11.27113"/>
      <trkpt lat="46.02513" lon="11.27092"/>
      <trkpt lat="46.02533" lon="11.27057"/>
      <trkpt lat="46.02585" lon="11.27024"/>
      <trkpt lat="46.02597" lon="11.27012"/>
      <trkpt lat="46.02609" lon="11.26974"/>
      <trkpt lat="46.02624" lon="11.26956"/>
      <trkpt lat="46.02675" lon="11.26905"/>
      <trkpt lat="46.02692" lon="11.2689"/>
      <trkpt lat="46.02725" lon="11.2687"/>
      <trkpt lat="46.02744" lon="11.2687"/>
      <trkpt lat="46.02884" lon="11.26917"/>
      <trkpt lat="46.02914" lon="11.26931"/>
      <trkpt lat="46.02931" lon="11.26922"/>
      <trkpt lat="46.02946" lon="11.26912"/>
      <trkpt lat="46.02965" lon="11.26892"/>
      <trkpt lat="46.02976" lon="11.2687"/>
      <trkpt lat="46.03043" lon="11.26811"/>
      <trkpt lat="46.03062" lon="11.26797"/>
      <trkpt lat="46.0308" lon="11.26786"/>
      <trkpt lat="46.03097" lon="11.26779"/>
      <trkpt lat="46.03164" lon="11.26768"/>
      <trkpt lat="46.03199" lon="11.26733"/>
      <trkpt lat="46.03227" lon="11.26702"/>
      <trkpt lat="46.03252" lon="11.26676"/>
      <trkpt lat="46.03329" lon="11.26615"/>
      <trkpt lat="46.0334" lon="11.26601"/>
      <trkpt lat="46.03347" lon="11.26584"/>
      <trkpt lat="46.03359" lon="11.26545"/>
      <trkpt lat="46.03375" lon="11.26486"/>
      <trkpt lat="46.03405" lon="11.26408"/>
      <trkpt lat="46.03439" lon="11.26314"/>
      <trkpt lat="46.03444" lon="11.26284"/>
      <trkpt lat="46.03445" lon="11.2622"/>
      <trkpt lat="46.03449" lon="11.26201"/>
      <trkpt lat="46.03461" lon="11.26174"/>
      <trkpt lat="46.03475" lon="11.26141"/>
      <trkpt lat="46.03497" lon="11.26092"/>
      <trkpt lat="46.03511" lon="11.26069"/>
      <trkpt lat="46.03529" lon="11.26031"/>
      <trkpt lat="46.03531" lon="11.25999"/>
      <trkpt lat="46.03522" lon="11.25912"/>
      <trkpt lat="46.03523" lon="11.25869"/>
      <trkpt lat="46.03529" lon="11.25826"/>
      <trkpt lat="46.0353" lon="11.25791"/>
      <trkpt lat="46.03528" lon="11.25757"/>
      <trkpt lat="46.03507" lon="11.25719"/>
      <trkpt lat="46.03496" lon="11.25705"/>
      <trkpt lat="46.03489" lon="11.25692"/>
      <trkpt lat="46.03485" lon="11.25667"/>
      <trkpt lat="46.03494" lon="11.25646"/>
      <trkpt lat="46.03502" lon="11.25638"/>
      <trkpt lat="46.03517" lon="11.25635"/>
      <trkpt lat="46.03547" lon="11.25639"/>
      <trkpt lat="46.0357" lon="11.25654"/>
      <trkpt lat="46.03594" lon="11.25661"/>
      <trkpt lat="46.03642" lon="11.2566"/>
      <trkpt lat="46.03677" lon="11.25669"/>
      <trkpt lat="46.03689" lon="11.25676"/>
      <trkpt lat="46.03702" lon="11.25692"/>
      <trkpt lat="46.03713" lon="11.25711"/>
      <trkpt lat="46.03729" lon="11.25733"/>
      <trkpt lat="46.03751" lon="11.25756"/>
      <trkpt lat="46.03779" lon="11.25779"/>
      <trkpt lat="46.03803" lon="11.25794"/>
      <trkpt lat="46.03863" lon="11.25839"/>
      <trkpt lat="46.0389" lon="11.25855"/>
      <trkpt lat="46.03915" lon="11.25864"/>
      <trkpt lat="46.0394" lon="11.25866"/>
      <trkpt lat="46.04065" lon="11.25848"/>
      <trkpt lat="46.04092" lon="11.2585"/>
      <trkpt lat="46.0412" lon="11.2586"/>
      <trkpt lat="46.04176" lon="11.25892"/>
      <trkpt lat="46.04197" lon="11.25902"/>
      <trkpt lat="46.04249" lon="11.25906"/>
      <trkpt lat="46.04273" lon="11.25898"/>
      <trkpt lat="46.04293" lon="11.25885"/>
      <trkpt lat="46.0432" lon="11.25863"/>
      <trkpt lat="46.04344" lon="11.25835"/>
      <trkpt lat="46.04398" lon="11.25764"/>
      <trkpt lat="46.04434" lon="11.25708"/>
      <trkpt lat="46.04454" lon="11.25674"/>
      <trkpt lat="46.0449" lon="11.25623"/>
      <trkpt lat="46.04524" lon="11.25583"/>
      <trkpt lat="46.04565" lon="11.25552"/>
      <trkpt lat="46.04597" lon="11.25535"/>
      <trkpt lat="46.04633" lon="11.25524"/>
      <trkpt lat="46.04737" lon="11.25499"/>
      <trkpt lat="46.04766" lon="11.25486"/>
      <trkpt lat="46.04793" lon="11.25472"/>
      <trkpt lat="46.04823" lon="11.25452"/>
      <trkpt lat="46.04914" lon="11.2537"/>
      <trkpt lat="46.04927" lon="11.25357"/>
      <trkpt lat="46.04937" lon="11.25341"/>
      <trkpt lat="46.04952" lon="11.25316"/>
      <trkpt lat="46.04968" lon="11.25291"/>
      <trkpt lat="46.0499" lon="11.25247"/>
      <trkpt lat="46.05021" lon="11.25199"/>
      <trkpt lat="46.05065" lon="11.25145"/>
      <trkpt lat="46.05154" lon="11.25044"/>
      <trkpt lat="46.05181" lon="11.25013"/>
      <trkpt lat="46.05194" lon="11.25001"/>
      <trkpt lat="46.0521" lon="11.24989"/>
      <trkpt lat="46.05242" lon="11.24973"/>
      <trkpt lat="46.05256" lon="11.24959"/>
      <trkpt lat="46.05267" lon="11.24931"/>
      <trkpt lat="46.05284" lon="11.24816"/>
      <trkpt lat="46.05285" lon="11.24803"/>
      <trkpt lat="46.05288" lon="11.24774"/>
      <trkpt lat="46.05287" lon="11.24737"/>
      <trkpt lat="46.05273" lon="11.24557"/>
      <trkpt lat="46.05275" lon="11.24524"/>
      <trkpt lat="46.0528" lon="11.24499"/>
      <trkpt lat="46.05293" lon="11.2447"/>
      <trkpt lat="46.05373" lon="11.24306"/>
      <trkpt lat="46.05399" lon="11.2425"/>
      <trkpt lat="46.05407" lon="11.2422"/>
      <trkpt lat="46.05414" lon="11.24183"/>
      <trkpt lat="46.05417" lon="11.24132"/>
      <trkpt lat="46.05418" lon="11.24102"/>
      <trkpt lat="46.05418" lon="11.24095"/>
      <trkpt lat="46.05422" lon="11.23989"/>
      <trkpt lat="46.05425" lon="11.23964"/>
      <trkpt lat="46.05433" lon="11.23936"/>
      <trkpt lat="46.05449" lon="11.23909"/>
      <trkpt lat="46.05479" lon="11.23878"/>
      <trkpt lat="46.05524" lon="11.23835"/>
      <trkpt lat="46.05551" lon="11.23809"/>
      <trkpt lat="46.05555" lon="11.23805"/>
      <trkpt lat="46.05623" lon="11.23742"/>
      <trkpt lat="46.05638" lon="11.23734"/>
      <trkpt lat="46.05659" lon="11.23727"/>
      <trkpt lat="46.05686" lon="11.23724"/>
      <trkpt lat="46.05692" lon="11.23724"/>
      <trkpt lat="46.05699" lon="11.23725"/>
      <trkpt lat="46.05712" lon="11.23725"/>
      <trkpt lat="46.0572" lon="11.23729"/>
      <trkpt lat="46.05732" lon="11.23732"/>
      <trkpt lat="46.05741" lon="11.23729"/>
      <trkpt lat="46.05743" lon="11.23725"/>
      <trkpt lat="46.05753" lon="11.23726"/>
      <trkpt lat="46.05805" lon="11.23724"/>
      <trkpt lat="46.05824" lon="11.23723"/>
      <trkpt lat="46.05864" lon="11.23723"/>
      <trkpt lat="46.05894" lon="11.23723"/>
      <trkpt lat="46.05898" lon="11.23723"/>
      <trkpt lat="46.05903" lon="11.23723"/>
      <trkpt lat="46.05908" lon="11.23723"/>
      <trkpt lat="46.06057" lon="11.23723"/>
      <trkpt lat="46.06083" lon="11.23724"/>
      <trkpt lat="46.06088" lon="11.23728"/>
      <trkpt lat="46.06089" lon="11.23733"/>
      <trkpt lat="46.06092" lon="11.23736"/>
      <trkpt lat="46.06097" lon="11.23735"/>
      <trkpt lat="46.061" lon="11.23728"/>
      <trkpt lat="46.06109" lon="11.23724"/>
      <trkpt lat="46.06119" lon="11.23724"/>
      <trkpt lat="46.06152" lon="11.23724"/>
      <trkpt lat="46.06164" lon="11.23727"/>
      <trkpt lat="46.06171" lon="11.23732"/>
      <trkpt lat="46.06174" lon="11.23732"/>
      <trkpt lat="46.06183" lon="11.23746"/>
      <trkpt lat="46.06184" lon="11.23745"/>
      <trkpt lat="46.06185" lon="11.23744"/>
      <trkpt lat="46.06188" lon="11.23742"/>
      <trkpt lat="46.06191" lon="11.23738"/>
      <trkpt lat="46.06186" lon="11.23725"/>
      <trkpt lat="46.06187" lon="11.23708"/>
      <trkpt lat="46.06191" lon="11.23697"/>
      <trkpt lat="46.06211" lon="11.2364"/>
      <trkpt lat="46.06245" lon="11.23541"/>
      <trkpt lat="46.06248" lon="11.23534"/>
      <trkpt lat="46.06252" lon="11.23531"/>
      <trkpt lat="46.06255" lon="11.23527"/>
      <trkpt lat="46.06257" lon="11.23523"/>
      <trkpt lat="46.06259" lon="11.23519"/>
      <trkpt lat="46.0626" lon="11.23502"/>
      <trkpt lat="46.06268" lon="11.23471"/>
      <trkpt lat="46.06275" lon="11.23454"/>
      <trkpt lat="46.06276" lon="11.23452"/>
      <trkpt lat="46.06278" lon="11.23448"/>
      <trkpt lat="46.0628" lon="11.23443"/>
      <trkpt lat="46.06286" lon="11.23433"/>
      <trkpt lat="46.0629" lon="11.23405"/>
      <trkpt lat="46.06296" lon="11.23387"/>
      <trkpt lat="46.06307" lon="11.23338"/>
      <trkpt lat="46.06309" lon="11.23331"/>
      <trkpt lat="46.06311" lon="11.23326"/>
      <trkpt lat="46.06312" lon="11.23321"/>
      <trkpt lat="46.06312" lon="11.2332"/>
      <trkpt lat="46.06328" lon="11.23264"/>
      <trkpt lat="46.06341" lon="11.23221"/>
      <trkpt lat="46.06342" lon="11.23215"/>
      <trkpt lat="46.06356" lon="11.2318"/>
      <trkpt lat="46.0639" lon="11.23112"/>
      <trkpt lat="46.06407" lon="11.23084"/>
      <trkpt lat="46.06427" lon="11.23057"/>
      <trkpt lat="46.06448" lon="11.2303"/>
      <trkpt lat="46.06457" lon="11.23018"/>
      <trkpt lat="46.06476" lon="11.22992"/>
      <trkpt lat="46.06497" lon="11.2296"/>
      <trkpt lat="46.06501" lon="11.22954"/>
      <trkpt lat="46.06525" lon="11.22922"/>
      <trkpt lat="46.06528" lon="11.22917"/>
      <trkpt lat="46.06531" lon="11.22913"/>
      <trkpt lat="46.06541" lon="11.22898"/>
      <trkpt lat="46.06564" lon="11.22872"/>
      <trkpt lat="46.0657" lon="11.22869"/>
      <trkpt lat="46.06576" lon="11.22861"/>
      <trkpt lat="46.06583" lon="11.22843"/>
      <trkpt lat="46.06598" lon="11.22821"/>
      <trkpt lat="46.06605" lon="11.22814"/>
      <trkpt lat="46.06607" lon="11.22814"/>
      <trkpt lat="46.06611" lon="11.2282"/>
      <trkpt lat="46.06614" lon="11.22824"/>
      <trkpt lat="46.06615" lon="11.22827"/>
      <trkpt lat="46.06623" lon="11.22817"/>
      <trkpt lat="46.06624" lon="11.22807"/>
      <trkpt lat="46.06626" lon="11.22806"/>
      <trkpt lat="46.06627" lon="11.22806"/>
      <trkpt lat="46.06626" lon="11.22785"/>
      <trkpt lat="46.0663" lon="11.2277"/>
      <trkpt lat="46.06707" lon="11.22665"/>
      <trkpt lat="46.06712" lon="11.22663"/>
      <trkpt lat="46.06719" lon="11.22665"/>
      <trkpt lat="46.06728" lon="11.22672"/>
      <trkpt lat="46.06733" lon="11.2268"/>
      <trkpt lat="46.06734" lon="11.2268"/>
      <trkpt lat="46.06737" lon="11.22679"/>
      <trkpt lat="46.06738" lon="11.22679"/>
      <trkpt lat="46.06739" lon="11.22678"/>
      <trkpt lat="46.0674" lon="11.22678"/>
      <trkpt lat="46.06743" lon="11.22677"/>
      <trkpt lat="46.06744" lon="11.22677"/>
      <trkpt lat="46.06742" lon="11.22661"/>
      <trkpt lat="46.06745" lon="11.22643"/>
      <trkpt lat="46.06744" lon="11.22627"/>
      <trkpt lat="46.06744" lon="11.22621"/>
      <trkpt lat="46.06749" lon="11.22607"/>
      <trkpt lat="46.06793" lon="11.22555"/>
      <trkpt lat="46.06868" lon="11.22484"/>
      <trkpt lat="46.06867" lon="11.22481"/>
      <trkpt lat="46.06866" lon="11.22477"/>
      <trkpt lat="46.06869" lon="11.22474"/>
      <trkpt lat="46.06917" lon="11.2243"/>
      <trkpt lat="46.06921" lon="11.22425"/>
      <trkpt lat="46.06949" lon="11.22398"/>
      <trkpt lat="46.06946" lon="11.22392"/>
      <trkpt lat="46.06943" lon="11.22386"/>
      <trkpt lat="46.06935" lon="11.22395"/>
      <trkpt lat="46.06932" lon="11.22395"/>
      <trkpt lat="46.0693" lon="11.22392"/>
      <trkpt lat="46.06924" lon="11.22359"/>
      <trkpt lat="46.06921" lon="11.22331"/>
      <trkpt lat="46.06917" lon="11.22146"/>
      <trkpt lat="46.06932" lon="11.21971"/>
      <trkpt lat="46.06945" lon="11.219"/>
      <trkpt lat="46.06962" lon="11.21822"/>
      <trkpt lat="46.06985" lon="11.21746"/>
      <trkpt lat="46.06988" lon="11.21724"/>
      <trkpt lat="46.06987" lon="11.21689"/>
      <trkpt lat="46.06988" lon="11.21659"/>
      <trkpt lat="46.06995" lon="11.21636"/>
      <trkpt lat="46.07173" lon="11.21085"/>
      <trkpt lat="46.072" lon="11.2099"/>
      <trkpt lat="46.07274" lon="11.2079"/>
      <trkpt lat="46.07312" lon="11.20702"/>
      <trkpt lat="46.07367" lon="11.20594"/>
      <trkpt lat="46.07459" lon="11.20401"/>
      <trkpt lat="46.07559" lon="11.202"/>
      <trkpt lat="46.07582" lon="11.20144"/>
      <trkpt lat="46.07594" lon="11.20102"/>
      <trkpt lat="46.07626" lon="11.19954"/>
      <trkpt lat="46.0763" lon="11.19944"/>
      <trkpt lat="46.07637" lon="11.19934"/>
      <trkpt lat="46.0766" lon="11.19921"/>
      <trkpt lat="46.07664" lon="11.19915"/>
      <trkpt lat="46.07667" lon="11.19904"/>
      <trkpt lat="46.07666" lon="11.19882"/>
      <trkpt lat="46.07657" lon="11.19857"/>
      <trkpt lat="46.07658" lon="11.19846"/>
      <trkpt lat="46.07671" lon="11.19807"/>
      <trkpt lat="46.07683" lon="11.19781"/>
      <trkpt lat="46.07716" lon="11.19764"/>
      <trkpt lat="46.07726" lon="11.19753"/>
      <trkpt lat="46.07739" lon="11.19723"/>
      <trkpt lat="46.07773" lon="11.19678"/>
      <trkpt lat="46.07793" lon="11.19637"/>
      <trkpt lat="46.0781" lon="11.19587"/>
      <trkpt lat="46.07814" lon="11.19559"/>
      <trkpt lat="46.07815" lon="11.19524"/>
      <trkpt lat="46.07818" lon="11.19505"/>
      <trkpt lat="46.07822" lon="11.19487"/>
      <trkpt lat="46.07835" lon="11.19459"/>
      <trkpt lat="46.07849" lon="11.19437"/>
      <trkpt lat="46.0787" lon="11.19414"/>
      <trkpt lat="46.07899" lon="11.19391"/>
      <trkpt lat="46.07923" lon="11.19375"/>
      <trkpt lat="46.07979" lon="11.19319"/>
      <trkpt lat="46.08033" lon="11.1925"/>
      <trkpt lat="46.08061" lon="11.19205"/>
      <trkpt lat="46.08076" lon="11.19189"/>
      <trkpt lat="46.08083" lon="11.19189"/>
      <trkpt lat="46.08088" lon="11.19193"/>
      <trkpt lat="46.08097" lon="11.19216"/>
      <trkpt lat="46.08103" lon="11.19224"/>
      <trkpt lat="46.08111" lon="11.19226"/>
      <trkpt lat="46.08122" lon="11.19223"/>
      <trkpt lat="46.08124" lon="11.1929"/>
      <trkpt lat="46.08128" lon="11.19411"/>
      <trkpt lat="46.08133" lon="11.19409"/>
      <trkpt lat="46.08142" lon="11.19407"/>
      <trkpt lat="46.08154" lon="11.19403"/>
      <trkpt lat="46.08175" lon="11.19405"/>
      <trkpt lat="46.08179" lon="11.19435"/>
      <trkpt lat="46.0818" lon="11.19453"/>
      <trkpt lat="46.08179" lon="11.19472"/>
      <trkpt lat="46.08173" lon="11.19493"/>
      <trkpt lat="46.08173" lon="11.1951"/>
      <trkpt lat="46.08177" lon="11.19513"/>
      <trkpt lat="46.08186" lon="11.19519"/>
      <trkpt lat="46.08207" lon="11.19539"/>
      <trkpt lat="46.08208" lon="11.19548"/>
      <trkpt lat="46.08207" lon="11.19552"/>
      <trkpt lat="46.08203" lon="11.19551"/>
      <trkpt lat="46.08208" lon="11.19514"/>
      <trkpt lat="46.08214" lon="11.19501"/>
      <trkpt lat="46.08228" lon="11.19489"/>
      <trkpt lat="46.08251" lon="11.19479"/>
      <trkpt lat="46.08264" lon="11.19477"/>
      <trkpt lat="46.08285" lon="11.1948"/>
      <trkpt lat="46.0829" lon="11.19478"/>
      <trkpt lat="46.08303" lon="11.19465"/>
      <trkpt lat="46.08315" lon="11.19444"/>
      <trkpt lat="46.08354" lon="11.19366"/>
      <trkpt lat="46.08366" lon="11.19337"/>
      <trkpt lat="46.08382" lon="11.19316"/>
      <trkpt lat="46.08399" lon="11.19299"/>
      <trkpt lat="46.0842" lon="11.19287"/>
      <trkpt lat="46.08433" lon="11.19276"/>
      <trkpt lat="46.08446" lon="11.19261"/>
      <trkpt lat="46.08466" lon="11.19242"/>
      <trkpt lat="46.08487" lon="11.19228"/>
      <trkpt lat="46.08499" lon="11.19226"/>
      <trkpt lat="46.08507" lon="11.19224"/>
      <trkpt lat="46.08523" lon="11.19228"/>
      <trkpt lat="46.08555" lon="11.1916"/>
      <trkpt lat="46.08663" lon="11.18999"/>
      <trkpt lat="46.08685" lon="11.18953"/>
      <trkpt lat="46.08758" lon="11.18776"/>
      <trkpt lat="46.08776" lon="11.18737"/>
      <trkpt lat="46.08789" lon="11.18713"/>
      <trkpt lat="46.08838" lon="11.18652"/>
      <trkpt lat="46.08861" lon="11.18629"/>
      <trkpt lat="46.08875" lon="11.18624"/>
      <trkpt lat="46.08883" lon="11.1863"/>
      <trkpt lat="46.08893" lon="11.18625"/>
      <trkpt lat="46.08899" lon="11.18619"/>
      <trkpt lat="46.08906" lon="11.18604"/>
      <trkpt lat="46.08915" lon="11.18589"/>
      <trkpt lat="46.08932" lon="11.18557"/>
      <trkpt lat="46.08937" lon="11.18559"/>
      <trkpt lat="46.08942" lon="11.18557"/>
      <trkpt lat="46.08946" lon="11.1855"/>
      <trkpt lat="46.08947" lon="11.18542"/>
      <trkpt lat="46.08945" lon="11.18536"/>
      <trkpt lat="46.08942" lon="11.18532"/>
      <trkpt lat="46.08938" lon="11.18529"/>
      <trkpt lat="46.08933" lon="11.1853"/>
      <trkpt lat="46.08931" lon="11.1852"/>
      <trkpt lat="46.08928" lon="11.18506"/>
      <trkpt lat="46.08918" lon="11.18487"/>
      <trkpt lat="46.08905" lon="11.18473"/>
      <trkpt lat="46.08894" lon="11.18464"/>
      <trkpt lat="46.08884" lon="11.18417"/>
      <trkpt lat="46.0888" lon="11.18391"/>
      <trkpt lat="46.08872" lon="11.18357"/>
      <trkpt lat="46.08868" lon="11.18341"/>
      <trkpt lat="46.08859" lon="11.18309"/>
      <trkpt lat="46.08852" lon="11.18263"/>
      <trkpt lat="46.08852" lon="11.18233"/>
      <trkpt lat="46.08854" lon="11.18191"/>
      <trkpt lat="46.08862" lon="11.18098"/>
      <trkpt lat="46.0886" lon="11.18073"/>
      <trkpt lat="46.08852" lon="11.18038"/>
      <trkpt lat="46.08844" lon="11.18021"/>
      <trkpt lat="46.08832" lon="11.18012"/>
      <trkpt lat="46.08793" lon="11.17985"/>
      <trkpt lat="46.08784" lon="11.1798"/>
      <trkpt lat="46.08771" lon="11.17977"/>
      <trkpt lat="46.08723" lon="11.17976"/>
      <trkpt lat="46.08709" lon="11.17975"/>
      <trkpt lat="46.08649" lon="11.1794"/>
      <trkpt lat="46.08592" lon="11.1792"/>
      <trkpt lat="46.08545" lon="11.17909"/>
      <trkpt lat="46.0853" lon="11.17909"/>
      <trkpt lat="46.08515" lon="11.17916"/>
      <trkpt lat="46.08495" lon="11.17937"/>
      <trkpt lat="46.08493" lon="11.17939"/>
      <trkpt lat="46.0849" lon="11.17943"/>
      <trkpt lat="46.08481" lon="11.17948"/>
      <trkpt lat="46.08468" lon="11.17951"/>
      <trkpt lat="46.08457" lon="11.17957"/>
      <trkpt lat="46.08449" lon="11.17935"/>
      <trkpt lat="46.08445" lon="11.17918"/>
      <trkpt lat="46.08441" lon="11.17883"/>
      <trkpt lat="46.08437" lon="11.17699"/>
      <trkpt lat="46.08417" lon="11.17549"/>
      <trkpt lat="46.08412" lon="11.17538"/>
      <trkpt lat="46.08397" lon="11.17521"/>
      <trkpt lat="46.08395" lon="11.17516"/>
      <trkpt lat="46.08389" lon="11.17497"/>
      <trkpt lat="46.08382" lon="11.1749"/>
      <trkpt lat="46.08359" lon="11.17488"/>
      <trkpt lat="46.08351" lon="11.17481"/>
      <trkpt lat="46.08347" lon="11.17468"/>
      <trkpt lat="46.08355" lon="11.17413"/>
      <trkpt lat="46.08354" lon="11.17374"/>
      <trkpt lat="46.08351" lon="11.17345"/>
      <trkpt lat="46.08345" lon="11.17319"/>
      <trkpt lat="46.08333" lon="11.17278"/>
      <trkpt lat="46.08322" lon="11.17245"/>
      <trkpt lat="46.08299" lon="11.17198"/>
      <trkpt lat="46.08281" lon="11.17162"/>
      <trkpt lat="46.08248" lon="11.17105"/>
      <trkpt lat="46.08219" lon="11.17049"/>
      <trkpt lat="46.08207" lon="11.17019"/>
      <trkpt lat="46.082" lon="11.16988"/>
      <trkpt lat="46.08177" lon="11.16869"/>
      <trkpt lat="46.0817" lon="11.16783"/>
      <trkpt lat="46.0817" lon="11.16655"/>
      <trkpt lat="46.08172" lon="11.16541"/>
      <trkpt lat="46.08162" lon="11.16429"/>
      <trkpt lat="46.08161" lon="11.16396"/>
      <trkpt lat="46.08189" lon="11.16298"/>
      <trkpt lat="46.08193" lon="11.16275"/>
      <trkpt lat="46.08193" lon="11.16245"/>
      <trkpt lat="46.08187" lon="11.16217"/>
      <trkpt lat="46.08184" lon="11.16196"/>
      <trkpt lat="46.08187" lon="11.16147"/>
      <trkpt lat="46.08185" lon="11.16128"/>
      <trkpt lat="46.08179" lon="11.16111"/>
      <trkpt lat="46.08143" lon="11.16048"/>
      <trkpt lat="46.08117" lon="11.15995"/>
      <trkpt lat="46.08105" lon="11.15962"/>
      <trkpt lat="46.08093" lon="11.15917"/>
      <trkpt lat="46.08083" lon="11.1588"/>
      <trkpt lat="46.08075" lon="11.15875"/>
      <trkpt lat="46.08072" lon="11.1587"/>
      <trkpt lat="46.08036" lon="11.15812"/>
      <trkpt lat="46.08009" lon="11.1578"/>
      <trkpt lat="46.07993" lon="11.15758"/>
      <trkpt lat="46.07984" lon="11.15738"/>
      <trkpt lat="46.07978" lon="11.15717"/>
      <trkpt lat="46.0796" lon="11.15634"/>
      <trkpt lat="46.07951" lon="11.15606"/>
      <trkpt lat="46.07933" lon="11.1556"/>
      <trkpt lat="46.0792" lon="11.15526"/>
      <trkpt lat="46.07909" lon="11.15473"/>
      <trkpt lat="46.07885" lon="11.15338"/>
      <trkpt lat="46.07872" lon="11.15299"/>
      <trkpt lat="46.07809" lon="11.15172"/>
      <trkpt lat="46.07799" lon="11.15156"/>
      <trkpt lat="46.07701" lon="11.15024"/>
      <trkpt lat="46.07683" lon="11.14989"/>
      <trkpt lat="46.0766" lon="11.14934"/>
      <trkpt lat="46.0761" lon="11.14808"/>
      <trkpt lat="46.07598" lon="11.14751"/>
      <trkpt lat="46.07595" lon="11.14688"/>
      <trkpt lat="46.07595" lon="11.14673"/>
      <trkpt lat="46.07594" lon="11.14664"/>
      <trkpt lat="46.07594" lon="11.1466"/>
      <trkpt lat="46.07595" lon="11.14598"/>
      <trkpt lat="46.07604" lon="11.14521"/>
      <trkpt lat="46.07603" lon="11.14489"/>
      <trkpt lat="46.07598" lon="11.14459"/>
      <trkpt lat="46.07567" lon="11.14384"/>
      <trkpt lat="46.07562" lon="11.14363"/>
      <trkpt lat="46.07566" lon="11.14357"/>
      <trkpt lat="46.07565" lon="11.1435"/>
      <trkpt lat="46.0756" lon="11.14345"/>
      <trkpt lat="46.07555" lon="11.14347"/>
      <trkpt lat="46.07551" lon="11.1434"/>
      <trkpt lat="46.07553" lon="11.14326"/>
      <trkpt lat="46.07559" lon="11.14299"/>
      <trkpt lat="46.07565" lon="11.14227"/>
      <trkpt lat="46.07569" lon="11.1416"/>
      <trkpt lat="46.07569" lon="11.14152"/>
      <trkpt lat="46.0757" lon="11.14125"/>
      <trkpt lat="46.07568" lon="11.14098"/>
      <trkpt lat="46.07566" lon="11.14083"/>
      <trkpt lat="46.07555" lon="11.14038"/>
      <trkpt lat="46.07544" lon="11.13992"/>
      <trkpt lat="46.07539" lon="11.13923"/>
      <trkpt lat="46.07539" lon="11.13918"/>
      <trkpt lat="46.07538" lon="11.13907"/>
      <trkpt lat="46.07532" lon="11.13845"/>
      <trkpt lat="46.07526" lon="11.13824"/>
      <trkpt lat="46.07522" lon="11.13816"/>
      <trkpt lat="46.07516" lon="11.13809"/>
      <trkpt lat="46.07513" lon="11.13792"/>
      <trkpt lat="46.07509" lon="11.13737"/>
      <trkpt lat="46.07504" lon="11.13721"/>
      <trkpt lat="46.07494" lon="11.13707"/>
      <trkpt lat="46.07477" lon="11.13701"/>
      <trkpt lat="46.07462" lon="11.13695"/>
      <trkpt lat="46.07429" lon="11.13682"/>
      <trkpt lat="46.0742" lon="11.1368"/>
      <trkpt lat="46.07409" lon="11.13673"/>
      <trkpt lat="46.07404" lon="11.13668"/>
      <trkpt lat="46.07398" lon="11.13658"/>
      <trkpt lat="46.07395" lon="11.13642"/>
      <trkpt lat="46.07397" lon="11.13625"/>
      <trkpt lat="46.07401" lon="11.13615"/>
      <trkpt lat="46.0741" lon="11.13604"/>
      <trkpt lat="46.07413" lon="11.13598"/>
      <trkpt lat="46.07413" lon="11.13593"/>
      <trkpt lat="46.07407" lon="11.13575"/>
      <trkpt lat="46.07408" lon="11.13553"/>
      <trkpt lat="46.07406" lon="11.13546"/>
      <trkpt lat="46.074" lon="11.13532"/>
      <trkpt lat="46.07383" lon="11.13484"/>
      <trkpt lat="46.07372" lon="11.13453"/>
      <trkpt lat="46.0737" lon="11.13445"/>
      <trkpt lat="46.07362" lon="11.13423"/>
      <trkpt lat="46.07356" lon="11.1342"/>
      <trkpt lat="46.07348" lon="11.13419"/>
      <trkpt lat="46.07344" lon="11.13415"/>
      <trkpt lat="46.07343" lon="11.13406"/>
      <trkpt lat="46.07348" lon="11.13385"/>
      <trkpt lat="46.07356" lon="11.13364"/>
      <trkpt lat="46.07357" lon="11.13358"/>
      <trkpt lat="46.07352" lon="11.13345"/>
      <trkpt lat="46.07339" lon="11.13324"/>
      <trkpt lat="46.07327" lon="11.13312"/>
      <trkpt lat="46.07305" lon="11.13296"/>
      <trkpt lat="46.07251" lon="11.13266"/>
      <trkpt lat="46.07229" lon="11.13262"/>
      <trkpt lat="46.07205" lon="11.13247"/>
      <trkpt lat="46.07201" lon="11.13243"/>
      <trkpt lat="46.07198" lon="11.13238"/>
      <trkpt lat="46.07194" lon="11.13226"/>
      <trkpt lat="46.07191" lon="11.13209"/>
      <trkpt lat="46.07193" lon="11.13204"/>
      <trkpt lat="46.07208" lon="11.13186"/>
      <trkpt lat="46.07211" lon="11.13177"/>
      <trkpt lat="46.07211" lon="11.13172"/>
      <trkpt lat="46.07204" lon="11.13157"/>
      <trkpt lat="46.07199" lon="11.13151"/>
      <trkpt lat="46.07164" lon="11.13121"/>
      <trkpt lat="46.07157" lon="11.1311"/>
      <trkpt lat="46.07155" lon="11.13103"/>
      <trkpt lat="46.07156" lon="11.13099"/>
      <trkpt lat="46.07161" lon="11.13086"/>
      <trkpt lat="46.07177" lon="11.13061"/>
      <trkpt lat="46.07187" lon="11.13049"/>
      <trkpt lat="46.07224" lon="11.13011"/>
      <trkpt lat="46.07234" lon="11.13002"/>
      <trkpt lat="46.07247" lon="11.12982"/>
      <trkpt lat="46.07252" lon="11.12967"/>
      <trkpt lat="46.07258" lon="11.12943"/>
      <trkpt lat="46.07275" lon="11.12899"/>
      <trkpt lat="46.07276" lon="11.12884"/>
      <trkpt lat="46.07276" lon="11.12871"/>
      <trkpt lat="46.07278" lon="11.12864"/>
      <trkpt lat="46.07281" lon="11.12859"/>
      <trkpt lat="46.07296" lon="11.12843"/>
      <trkpt lat="46.07301" lon="11.1284"/>
      <trkpt lat="46.07318" lon="11.12827"/>
      <trkpt lat="46.07329" lon="11.12814"/>
      <trkpt lat="46.07326" lon="11.1281"/>
      <trkpt lat="46.0732" lon="11.12804"/>
      <trkpt lat="46.07315" lon="11.12802"/>
      <trkpt lat="46.07276" lon="11.12804"/>
      <trkpt lat="46.07258" lon="11.12806"/>
      <trkpt lat="46.07247" lon="11.1281"/>
      <trkpt lat="46.07228" lon="11.1282"/>
      <trkpt lat="46.07226" lon="11.12821"/>
      <trkpt lat="46.07224" lon="11.12822"/>
      <trkpt lat="46.07181" lon="11.1285"/>
      <trkpt lat="46.07173" lon="11.12855"/>
      <trkpt lat="46.07166" lon="11.12856"/>
      <trkpt lat="46.07159" lon="11.12853"/>
      <trkpt lat="46.07156" lon="11.12849"/>
      <trkpt lat="46.07153" lon="11.12836"/>
      <trkpt lat="46.07154" lon="11.12825"/>
      <trkpt lat="46.07163" lon="11.12805"/>
      <trkpt lat="46.07164" lon="11.12794"/>
      <trkpt lat="46.07161" lon="11.12783"/>
      <trkpt lat="46.07159" lon="11.12779"/>
      <trkpt lat="46.07152" lon="11.12774"/>
      <trkpt lat="46.07136" lon="11.12778"/>
      <trkpt lat="46.07105" lon="11.12786"/>
      <trkpt lat="46.07049" lon="11.12801"/>
      <trkpt lat="46.07032" lon="11.12802"/>
      <trkpt lat="46.07005" lon="11.12799"/>
      <trkpt lat="46.06994" lon="11.12796"/>
      <trkpt lat="46.06996" lon="11.12784"/>
      <trkpt lat="46.06994" lon="11.12781"/>
      <trkpt lat="46.06993" lon="11.12769"/>
      <trkpt lat="46.06992" lon="11.1276"/>
      <trkpt lat="46.06992" lon="11.12745"/>
      <trkpt lat="46.06992" lon="11.12743"/>
      <trkpt lat="46.06992" lon="11.12733"/>
      <trkpt lat="46.06998" lon="11.12731"/>
      <trkpt lat="46.07053" lon="11.1268"/>
      <trkpt lat="46.0706" lon="11.12677"/>
      <trkpt lat="46.07099" lon="11.12659"/>
      <trkpt lat="46.07143" lon="11.12627"/>
      <trkpt lat="46.0715" lon="11.12622"/>
      <trkpt lat="46.07155" lon="11.12619"/>
      <trkpt lat="46.0718" lon="11.12602"/>
      <trkpt lat="46.07194" lon="11.1259"/>
      <trkpt lat="46.07197" lon="11.12585"/>
      <trkpt lat="46.07201" lon="11.1257"/>
      <trkpt lat="46.07204" lon="11.12552"/>
      <trkpt lat="46.07211" lon="11.12528"/>
      <trkpt lat="46.07213" lon="11.12521"/>
      <trkpt lat="46.07215" lon="11.12509"/>
      <trkpt lat="46.07223" lon="11.1248"/>
      <trkpt lat="46.07228" lon="11.12467"/>
      <trkpt lat="46.07245" lon="11.12412"/>
      <trkpt lat="46.0725" lon="11.12397"/>
      <trkpt lat="46.07255" lon="11.12382"/>
      <trkpt lat="46.07258" lon="11.12371"/>
      <trkpt lat="46.07274" lon="11.12322"/>
      <trkpt lat="46.07296" lon="11.12251"/>
      <trkpt lat="46.07303" lon="11.12231"/>
      <trkpt lat="46.07305" lon="11.12222"/>
      <trkpt lat="46.07307" lon="11.12216"/>
      <trkpt lat="46.0731" lon="11.1221"/>
      <trkpt lat="46.07323" lon="11.12168"/>
      <trkpt lat="46.07326" lon="11.12161"/>
      <trkpt lat="46.07341" lon="11.12116"/>
      <trkpt lat="46.07349" lon="11.12088"/>
      <trkpt lat="46.07346" lon="11.12076"/>
      <trkpt lat="46.07339" lon="11.12066"/>
      <trkpt lat="46.07301" lon="11.1204"/>
      <trkpt lat="46.07286" lon="11.1203"/>
      <trkpt lat="46.0728" lon="11.12026"/>
      <trkpt lat="46.07276" lon="11.12024"/>
      <trkpt lat="46.07273" lon="11.12022"/>
      <trkpt lat="46.07258" lon="11.12012"/>
      <trkpt lat="46.07248" lon="11.12008"/>
      <trkpt lat="46.07236" lon="11.12006"/>
      <trkpt lat="46.07224" lon="11.12003"/>
      <trkpt lat="46.07195" lon="11.11984"/>
      <trkpt lat="46.07147" lon="11.11951"/>
      <trkpt lat="46.07146" lon="11.11951"/>
      <trkpt lat="46.07113" lon="11.11955"/>
      <trkpt lat="46.071" lon="11.11958"/>
      <trkpt lat="46.07079" lon="11.11963"/>
      <trkpt lat="46.07068" lon="11.11961"/>
      <trkpt lat="46.07056" lon="11.11954"/>
      <trkpt lat="46.07045" lon="11.11927"/>
      <trkpt lat="46.07009" lon="11.118"/>
      <trkpt lat="46.07008" lon="11.11789"/>
      <trkpt lat="46.07008" lon="11.11779"/>
      <trkpt lat="46.07013" lon="11.11763"/>
      <trkpt lat="46.07022" lon="11.11733"/>
      <trkpt lat="46.07026" lon="11.11721"/>
      <trkpt lat="46.07027" lon="11.11717"/>
      <trkpt lat="46.07029" lon="11.11703"/>
      <trkpt lat="46.07026" lon="11.11686"/>
      <trkpt lat="46.07023" lon="11.11678"/>
      <trkpt lat="46.07002" lon="11.11642"/>
      <trkpt lat="46.06999" lon="11.11637"/>
      <trkpt lat="46.06995" lon="11.11631"/>
      <trkpt lat="46.0699" lon="11.11614"/>
      <trkpt lat="46.06995" lon="11.11607"/>
      <trkpt lat="46.06996" lon="11.11595"/>
      <trkpt lat="46.06994" lon="11.11585"/>
      <trkpt lat="46.06992" lon="11.11583"/>
      <trkpt lat="46.06985" lon="11.11582"/>
      <trkpt lat="46.06981" lon="11.11586"/>
      <trkpt lat="46.06979" lon="11.11589"/>
      <trkpt lat="46.06976" lon="11.11598"/>
      <trkpt lat="46.06977" lon="11.11606"/>
      <trkpt lat="46.06979" lon="11.11612"/>
      <trkpt lat="46.06983" lon="11.11615"/>
      <trkpt lat="46.0699" lon="11.11614"/>
      <trkpt lat="46.06995" lon="11.11607"/>
      <trkpt lat="46.06996" lon="11.11595"/>
      <trkpt lat="46.06994" lon="11.11585"/>
      <trkpt lat="46.06992" lon="11.11583"/>
      <trkpt lat="46.06994" lon="11.11574"/>
      <trkpt lat="46.06999" lon="11.11577"/>
      <trkpt lat="46.07007" lon="11.11582"/>
      <trkpt lat="46.07037" lon="11.11598"/>
      <trkpt lat="46.07086" lon="11.11623"/>
      <trkpt lat="46.07136" lon="11.11645"/>
      <trkpt lat="46.0718" lon="11.11664"/>
      <trkpt lat="46.07208" lon="11.11673"/>
      <trkpt lat="46.07252" lon="11.11684"/>
      <trkpt lat="46.07345" lon="11.11697"/>
      <trkpt lat="46.07392" lon="11.11699"/>
      <trkpt lat="46.07419" lon="11.11697"/>
      <trkpt lat="46.0747" lon="11.11693"/>
      <trkpt lat="46.07512" lon="11.11685"/>
      <trkpt lat="46.07553" lon="11.11675"/>
      <trkpt lat="46.07601" lon="11.11661"/>
      <trkpt lat="46.07622" lon="11.11653"/>
      <trkpt lat="46.0768" lon="11.11626"/>
      <trkpt lat="46.07735" lon="11.11597"/>
      <trkpt lat="46.07745" lon="11.1159"/>
      <trkpt lat="46.07748" lon="11.11583"/>
      <trkpt lat="46.07749" lon="11.11575"/>
      <trkpt lat="46.07748" lon="11.11566"/>
      <trkpt lat="46.07751" lon="11.11564"/>
      <trkpt lat="46.07753" lon="11.11571"/>
      <trkpt lat="46.07757" lon="11.11582"/>
      <trkpt lat="46.07751" lon="11.1159"/>
      <trkpt lat="46.0775" lon="11.11598"/>
      <trkpt lat="46.07752" lon="11.11605"/>
      <trkpt lat="46.07755" lon="11.1161"/>
      <trkpt lat="46.07763" lon="11.11611"/>
      <trkpt lat="46.07769" lon="11.11604"/>
      <trkpt lat="46.07777" lon="11.11611"/>
      <trkpt lat="46.07786" lon="11.11618"/>
      <trkpt lat="46.07819" lon="11.11636"/>
      <trkpt lat="46.07826" lon="11.11639"/>
      <trkpt lat="46.07877" lon="11.11667"/>
      <trkpt lat="46.07894" lon="11.11677"/>
      <trkpt lat="46.07916" lon="11.11689"/>
      <trkpt lat="46.07922" lon="11.11692"/>
      <trkpt lat="46.07957" lon="11.11711"/>
      <trkpt lat="46.07968" lon="11.11719"/>
      <trkpt lat="46.07972" lon="11.11724"/>
      <trkpt lat="46.07971" lon="11.11732"/>
      <trkpt lat="46.07973" lon="11.11738"/>
      <trkpt lat="46.07976" lon="11.11743"/>
      <trkpt lat="46.07983" lon="11.11744"/>
      <trkpt lat="46.07987" lon="11.1174"/>
      <trkpt lat="46.07992" lon="11.11745"/>
      <trkpt lat="46.07998" lon="11.11737"/>
      <trkpt lat="46.08117" lon="11.11639"/>
      <trkpt lat="46.08123" lon="11.11633"/>
      <trkpt lat="46.0813" lon="11.11627"/>
      <trkpt lat="46.08135" lon="11.11628"/>
      <trkpt lat="46.08173" lon="11.11597"/>
      <trkpt lat="46.08175" lon="11.1159"/>
      <trkpt lat="46.08212" lon="11.1156"/>
      <trkpt lat="46.08221" lon="11.11551"/>
      <trkpt lat="46.0823" lon="11.11544"/>
      <trkpt lat="46.08242" lon="11.11534"/>
      <trkpt lat="46.08314" lon="11.11475"/>
      <trkpt lat="46.0832" lon="11.11469"/>
      <trkpt lat="46.08326" lon="11.11466"/>
      <trkpt lat="46.08334" lon="11.11462"/>
      <trkpt lat="46.08344" lon="11.11461"/>
      <trkpt lat="46.08375" lon="11.11472"/>
      <trkpt lat="46.08378" lon="11.11473"/>
      <trkpt lat="46.08381" lon="11.11474"/>
      <trkpt lat="46.08383" lon="11.11475"/>
      <trkpt lat="46.08387" lon="11.11476"/>
      <trkpt lat="46.08393" lon="11.11478"/>
      <trkpt lat="46.08406" lon="11.11487"/>
      <trkpt lat="46.08414" lon="11.11497"/>
      <trkpt lat="46.08423" lon="11.11513"/>
      <trkpt lat="46.08479" lon="11.11673"/>
      <trkpt lat="46.08502" lon="11.11735"/>
      <trkpt lat="46.08515" lon="11.11772"/>
      <trkpt lat="46.08533" lon="11.11833"/>
      <trkpt lat="46.08533" lon="11.1185"/>
      <trkpt lat="46.08527" lon="11.11862"/>
      <trkpt lat="46.08521" lon="11.11864"/>
      <trkpt lat="46.08521" lon="11.11869"/>
      <trkpt lat="46.08535" lon="11.11861"/>
      <trkpt lat="46.08532" lon="11.11872"/>
      <trkpt lat="46.08531" lon="11.11881"/>
      <trkpt lat="46.08531" lon="11.11891"/>
      <trkpt lat="46.08534" lon="11.119"/>
      <trkpt lat="46.08538" lon="11.11907"/>
      <trkpt lat="46.08543" lon="11.11913"/>
      <trkpt lat="46.08549" lon="11.11917"/>
      <trkpt lat="46.08555" lon="11.11918"/>
      <trkpt lat="46.08566" lon="11.11915"/>
      <trkpt lat="46.08575" lon="11.11905"/>
      <trkpt lat="46.08578" lon="11.11897"/>
      <trkpt lat="46.0858" lon="11.11887"/>
      <trkpt lat="46.08589" lon="11.11875"/>
      <trkpt lat="46.08602" lon="11.11866"/>
      <trkpt lat="46.0876" lon="11.11776"/>
      <trkpt lat="46.08783" lon="11.11762"/>
      <trkpt lat="46.08824" lon="11.11739"/>
      <trkpt lat="46.08869" lon="11.11712"/>
      <trkpt lat="46.08941" lon="11.1167"/>
      <trkpt lat="46.08985" lon="11.11646"/>
      <trkpt lat="46.09011" lon="11.11631"/>
      <trkpt lat="46.09052" lon="11.11607"/>
      <trkpt lat="46.09086" lon="11.11587"/>
      <trkpt lat="46.09108" lon="11.11574"/>
      <trkpt lat="46.09181" lon="11.11533"/>
      <trkpt lat="46.09191" lon="11.11527"/>
      <trkpt lat="46.09201" lon="11.11521"/>
      <trkpt lat="46.09207" lon="11.11517"/>
      <trkpt lat="46.09224" lon="11.11507"/>
      <trkpt lat="46.09246" lon="11.11509"/>
      <trkpt lat="46.09251" lon="11.11517"/>
      <trkpt lat="46.09257" lon="11.11521"/>
      <trkpt lat="46.09267" lon="11.11522"/>
      <trkpt lat="46.09288" lon="11.11513"/>
      <trkpt lat="46.09299" lon="11.11502"/>
      <trkpt lat="46.09303" lon="11.11494"/>
      <trkpt lat="46.09306" lon="11.11483"/>
      <trkpt lat="46.09305" lon="11.11468"/>
      <trkpt lat="46.09312" lon="11.11457"/>
      <trkpt lat="46.09356" lon="11.11434"/>
      <trkpt lat="46.09461" lon="11.11375"/>
      <trkpt lat="46.09552" lon="11.11323"/>
      <trkpt lat="46.09565" lon="11.11317"/>
      <trkpt lat="46.09577" lon="11.11318"/>
      <trkpt lat="46.09586" lon="11.11314"/>
      <trkpt lat="46.09626" lon="11.11298"/>
      <trkpt lat="46.09627" lon="11.11303"/>
      <trkpt lat="46.0966" lon="11.11297"/>
      <trkpt lat="46.09694" lon="11.11291"/>
      <trkpt lat="46.097" lon="11.1129"/>
      <trkpt lat="46.09709" lon="11.11294"/>
      <trkpt lat="46.09719" lon="11.11301"/>
      <trkpt lat="46.09723" lon="11.11304"/>
      <trkpt lat="46.09729" lon="11.11291"/>
      <trkpt lat="46.0974" lon="11.11278"/>
      <trkpt lat="46.0976" lon="11.11272"/>
      <trkpt lat="46.09776" lon="11.11273"/>
      <trkpt lat="46.09832" lon="11.11274"/>
      <trkpt lat="46.09846" lon="11.11274"/>
      <trkpt lat="46.09849" lon="11.11276"/>
      <trkpt lat="46.09872" lon="11.11275"/>
      <trkpt lat="46.0992" lon="11.11276"/>
      <trkpt lat="46.09947" lon="11.11276"/>
      <trkpt lat="46.1003" lon="11.11278"/>
      <trkpt lat="46.10076" lon="11.11279"/>
      <trkpt lat="46.10093" lon="11.1128"/>
      <trkpt lat="46.10128" lon="11.1128"/>
      <trkpt lat="46.10176" lon="11.1128"/>
      <trkpt lat="46.10179" lon="11.1128"/>
      <trkpt lat="46.10182" lon="11.1128"/>
      <trkpt lat="46.1024" lon="11.11282"/>
      <trkpt lat="46.10289" lon="11.11282"/>
      <trkpt lat="46.10292" lon="11.11283"/>
      <trkpt lat="46.10296" lon="11.11283"/>
      <trkpt lat="46.10299" lon="11.11283"/>
      <trkpt lat="46.10371" lon="11.11284"/>
      <trkpt lat="46.10374" lon="11.11284"/>
      <trkpt lat="46.10377" lon="11.11284"/>
      <trkpt lat="46.10386" lon="11.11284"/>
      <trkpt lat="46.10409" lon="11.11284"/>
      <trkpt lat="46.10444" lon="11.11277"/>
      <trkpt lat="46.10491" lon="11.11262"/>
      <trkpt lat="46.10525" lon="11.11252"/>
      <trkpt lat="46.10598" lon="11.11228"/>
      <trkpt lat="46.10616" lon="11.11223"/>
      <trkpt lat="46.10636" lon="11.11217"/>
      <trkpt lat="46.1065" lon="11.11213"/>
      <trkpt lat="46.10663" lon="11.11209"/>
      <trkpt lat="46.10666" lon="11.11206"/>
      <trkpt lat="46.10666" lon="11.11202"/>
      <trkpt lat="46.10665" lon="11.11195"/>
      <trkpt lat="46.1067" lon="11.11194"/>
      <trkpt lat="46.10674" lon="11.11192"/>
      <trkpt lat="46.10676" lon="11.11198"/>
      <trkpt lat="46.10683" lon="11.11202"/>
      <trkpt lat="46.10699" lon="11.11197"/>
      <trkpt lat="46.107" lon="11.11203"/>
      <trkpt lat="46.107" lon="11.11205"/>
      <trkpt lat="46.10701" lon="11.1121"/>
      <trkpt lat="46.10704" lon="11.11212"/>
      <trkpt lat="46.10707" lon="11.11207"/>
      <trkpt lat="46.10719" lon="11.11197"/>
      <trkpt lat="46.10755" lon="11.11185"/>
      <trkpt lat="46.10757" lon="11.11185"/>
      <trkpt lat="46.10791" lon="11.11173"/>
      <trkpt lat="46.10816" lon="11.11166"/>
      <trkpt lat="46.10822" lon="11.11165"/>
      <trkpt lat="46.10848" lon="11.11158"/>
      <trkpt lat="46.10873" lon="11.11148"/>
      <trkpt lat="46.10878" lon="11.11146"/>
      <trkpt lat="46.10891" lon="11.11136"/>
      <trkpt lat="46.10894" lon="11.11134"/>
      <trkpt lat="46.10906" lon="11.11123"/>
      <trkpt lat="46.10908" lon="11.11122"/>
      <trkpt lat="46.10939" lon="11.11097"/>
      <trkpt lat="46.10951" lon="11.11086"/>
      <trkpt lat="46.10961" lon="11.11076"/>
      <trkpt lat="46.10975" lon="11.1106"/>
      <trkpt lat="46.10976" lon="11.11059"/>
      <trkpt lat="46.10981" lon="11.11054"/>
      <trkpt lat="46.10996" lon="11.11037"/>
      <trkpt lat="46.11006" lon="11.11026"/>
      <trkpt lat="46.11051" lon="11.1099"/>
      <trkpt lat="46.11054" lon="11.10988"/>
      <trkpt lat="46.11055" lon="11.10993"/>
      <trkpt lat="46.11058" lon="11.10992"/>
      <trkpt lat="46.11075" lon="11.10981"/>
      <trkpt lat="46.11078" lon="11.10979"/>
      <trkpt lat="46.11098" lon="11.10966"/>
      <trkpt lat="46.11131" lon="11.10946"/>
      <trkpt lat="46.11167" lon="11.10924"/>
      <trkpt lat="46.11184" lon="11.10913"/>
      <trkpt lat="46.11224" lon="11.10878"/>
      <trkpt lat="46.11338" lon="11.10774"/>
      <trkpt lat="46.11355" lon="11.1076"/>
      <trkpt lat="46.11387" lon="11.10739"/>
      <trkpt lat="46.11394" lon="11.1073"/>
      <trkpt lat="46.114" lon="11.10731"/>
      <trkpt lat="46.11406" lon="11.10742"/>
      <trkpt lat="46.1141" lon="11.10742"/>
      <trkpt lat="46.11413" lon="11.10742"/>
      <trkpt lat="46.11415" lon="11.10731"/>
      <trkpt lat="46.11418" lon="11.10728"/>
      <trkpt lat="46.11431" lon="11.10725"/>
      <trkpt lat="46.11438" lon="11.10727"/>
      <trkpt lat="46.11447" lon="11.1073"/>
      <trkpt lat="46.11476" lon="11.10746"/>
      <trkpt lat="46.1148" lon="11.10743"/>
      <trkpt lat="46.11495" lon="11.1073"/>
      <trkpt lat="46.11513" lon="11.10731"/>
      <trkpt lat="46.11585" lon="11.10737"/>
      <trkpt lat="46.11623" lon="11.10751"/>
      <trkpt lat="46.11655" lon="11.10774"/>
      <trkpt lat="46.11685" lon="11.10801"/>
      <trkpt lat="46.11688" lon="11.10803"/>
      <trkpt lat="46.11691" lon="11.10802"/>
      <trkpt lat="46.11696" lon="11.10796"/>
      <trkpt lat="46.11699" lon="11.10792"/>
      <trkpt lat="46.11711" lon="11.10788"/>
      <trkpt lat="46.11727" lon="11.10787"/>
      <trkpt lat="46.11841" lon="11.10795"/>
      <trkpt lat="46.11932" lon="11.10801"/>
      <trkpt lat="46.1194" lon="11.10804"/>
      <trkpt lat="46.11952" lon="11.10815"/>
      <trkpt lat="46.12089" lon="11.10843"/>
      <trkpt lat="46.12316" lon="11.10892"/>
      <trkpt lat="46.12375" lon="11.10909"/>
      <trkpt lat="46.12413" lon="11.10922"/>
      <trkpt lat="46.12501" lon="11.10922"/>
      <trkpt lat="46.12505" lon="11.10919"/>
      <trkpt lat="46.12545" lon="11.10944"/>
      <trkpt lat="46.12584" lon="11.10979"/>
      <trkpt lat="46.12589" lon="11.10987"/>
      <trkpt lat="46.12593" lon="11.11016"/>
      <trkpt lat="46.12588" lon="11.11058"/>
      <trkpt lat="46.12591" lon="11.11078"/>
      <trkpt lat="46.12628" lon="11.1111"/>
      <trkpt lat="46.12641" lon="11.11124"/>
      <trkpt lat="46.12649" lon="11.1113"/>
      <trkpt lat="46.12672" lon="11.11138"/>
      <trkpt lat="46.12757" lon="11.11164"/>
      <trkpt lat="46.12792" lon="11.11169"/>
      <trkpt lat="46.12826" lon="11.11178"/>
      <trkpt lat="46.12892" lon="11.11199"/>
      <trkpt lat="46.12899" lon="11.11197"/>
      <trkpt lat="46.12911" lon="11.11201"/>
      <trkpt lat="46.12937" lon="11.11217"/>
      <trkpt lat="46.12956" lon="11.11235"/>
      <trkpt lat="46.1298" lon="11.11247"/>
      <trkpt lat="46.13234" lon="11.11366"/>
      <trkpt lat="46.13287" lon="11.11389"/>
      <trkpt lat="46.13296" lon="11.1139"/>
      <trkpt lat="46.13309" lon="11.11382"/>
      <trkpt lat="46.13319" lon="11.11359"/>
      <trkpt lat="46.13332" lon="11.11224"/>
      <trkpt lat="46.13334" lon="11.1117"/>
      <trkpt lat="46.13337" lon="11.11162"/>
      <trkpt lat="46.13342" lon="11.11154"/>
      <trkpt lat="46.13357" lon="11.11154"/>
      <trkpt lat="46.13372" lon="11.11156"/>
      <trkpt lat="46.13378" lon="11.11153"/>
      <trkpt lat="46.13394" lon="11.1114"/>
      <trkpt lat="46.13405" lon="11.11139"/>
      <trkpt lat="46.13415" lon="11.1114"/>
      <trkpt lat="46.13418" lon="11.11133"/>
      <trkpt lat="46.1342" lon="11.11127"/>
      <trkpt lat="46.1342" lon="11.11113"/>
      <trkpt lat="46.13419" lon="11.11108"/>
      <trkpt lat="46.13461" lon="11.11092"/>
      <trkpt lat="46.13479" lon="11.11081"/>
      <trkpt lat="46.13483" lon="11.1108"/>
      <trkpt lat="46.13488" lon="11.11077"/>
      <trkpt lat="46.13586" lon="11.1103"/>
      <trkpt lat="46.13593" lon="11.11026"/>
      <trkpt lat="46.1366" lon="11.10994"/>
      <trkpt lat="46.13726" lon="11.10962"/>
      <trkpt lat="46.13756" lon="11.10947"/>
      <trkpt lat="46.13776" lon="11.10937"/>
      <trkpt lat="46.13796" lon="11.10926"/>
      <trkpt lat="46.13798" lon="11.10926"/>
      <trkpt lat="46.13805" lon="11.10923"/>
      <trkpt lat="46.13807" lon="11.1092"/>
      <trkpt lat="46.13816" lon="11.10917"/>
      <trkpt lat="46.13833" lon="11.10915"/>
      <trkpt lat="46.13837" lon="11.10913"/>
      <trkpt lat="46.13852" lon="11.10906"/>
      <trkpt lat="46.1387" lon="11.10897"/>
      <trkpt lat="46.13883" lon="11.10889"/>
      <trkpt lat="46.13923" lon="11.10871"/>
      <trkpt lat="46.13937" lon="11.10864"/>
      <trkpt lat="46.1396" lon="11.10852"/>
      <trkpt lat="46.13998" lon="11.1083"/>
      <trkpt lat="46.14022" lon="11.10815"/>
      <trkpt lat="46.14047" lon="11.10793"/>
      <trkpt lat="46.14065" lon="11.10772"/>
      <trkpt lat="46.14084" lon="11.10745"/>
      <trkpt lat="46.14096" lon="11.10725"/>
      <trkpt lat="46.14107" lon="11.10724"/>
      <trkpt lat="46.14112" lon="11.10724"/>
      <trkpt lat="46.14115" lon="11.10725"/>
      <trkpt lat="46.14154" lon="11.10751"/>
      <trkpt lat="46.14237" lon="11.10803"/>
      <trkpt lat="46.14258" lon="11.10822"/>
      <trkpt lat="46.14269" lon="11.10811"/>
      <trkpt lat="46.14273" lon="11.10808"/>
      <trkpt lat="46.14303" lon="11.10782"/>
      <trkpt lat="46.1433" lon="11.10758"/>
      <trkpt lat="46.14341" lon="11.1075"/>
      <trkpt lat="46.14369" lon="11.1074"/>
      <trkpt lat="46.14404" lon="11.10727"/>
      <trkpt lat="46.14436" lon="11.10708"/>
      <trkpt lat="46.14457" lon="11.10692"/>
      <trkpt lat="46.14501" lon="11.10656"/>
      <trkpt lat="46.14522" lon="11.10635"/>
      <trkpt lat="46.14581" lon="11.10563"/>
      <trkpt lat="46.14654" lon="11.10495"/>
      <trkpt lat="46.14672" lon="11.10484"/>
      <trkpt lat="46.14748" lon="11.10487"/>
      <trkpt lat="46.14782" lon="11.10482"/>
      <trkpt lat="46.14815" lon="11.10473"/>
      <trkpt lat="46.14839" lon="11.10459"/>
      <trkpt lat="46.14859" lon="11.10443"/>
      <trkpt lat="46.1488" lon="11.10433"/>
      <trkpt lat="46.14934" lon="11.10417"/>
      <trkpt lat="46.14942" lon="11.10417"/>
      <trkpt lat="46.14957" lon="11.10418"/>
      <trkpt lat="46.14988" lon="11.10428"/>
      <trkpt lat="46.1501" lon="11.10436"/>
      <trkpt lat="46.15074" lon="11.10481"/>
      <trkpt lat="46.15095" lon="11.10499"/>
      <trkpt lat="46.1513" lon="11.10519"/>
      <trkpt lat="46.15168" lon="11.1055"/>
      <trkpt lat="46.15189" lon="11.10576"/>
      <trkpt lat="46.15206" lon="11.10599"/>
      <trkpt lat="46.15212" lon="11.10606"/>
      <trkpt lat="46.15235" lon="11.10627"/>
      <trkpt lat="46.15272" lon="11.10648"/>
      <trkpt lat="46.15301" lon="11.1066"/>
      <trkpt lat="46.15327" lon="11.10671"/>
      <trkpt lat="46.15357" lon="11.1068"/>
      <trkpt lat="46.15365" lon="11.10706"/>
      <trkpt lat="46.1537" lon="11.10706"/>
      <trkpt lat="46.15455" lon="11.10727"/>
      <trkpt lat="46.155" lon="11.10734"/>
      <trkpt lat="46.15514" lon="11.10738"/>
      <trkpt lat="46.15559" lon="11.10762"/>
      <trkpt lat="46.15597" lon="11.10769"/>
      <trkpt lat="46.15621" lon="11.10769"/>
      <trkpt lat="46.15675" lon="11.10776"/>
      <trkpt lat="46.15737" lon="11.10778"/>
      <trkpt lat="46.15775" lon="11.10789"/>
      <trkpt lat="46.1588" lon="11.10812"/>
      <trkpt lat="46.15924" lon="11.10816"/>
      <trkpt lat="46.15951" lon="11.10815"/>
      <trkpt lat="46.15989" lon="11.10852"/>
      <trkpt lat="46.16047" lon="11.10872"/>
      <trkpt lat="46.16074" lon="11.1089"/>
      <trkpt lat="46.16117" lon="11.10918"/>
      <trkpt lat="46.16124" lon="11.10922"/>
      <trkpt lat="46.16127" lon="11.10924"/>
      <trkpt lat="46.16154" lon="11.10936"/>
      <trkpt lat="46.16167" lon="11.10945"/>
      <trkpt lat="46.16224" lon="11.11019"/>
      <trkpt lat="46.16257" lon="11.11051"/>
      <trkpt lat="46.16315" lon="11.11108"/>
      <trkpt lat="46.16335" lon="11.11127"/>
      <trkpt lat="46.16363" lon="11.11148"/>
      <trkpt lat="46.16373" lon="11.11153"/>
      <trkpt lat="46.16403" lon="11.11177"/>
      <trkpt lat="46.16455" lon="11.11212"/>
      <trkpt lat="46.16469" lon="11.11222"/>
      <trkpt lat="46.16475" lon="11.11225"/>
      <trkpt lat="46.16483" lon="11.11221"/>
      <trkpt lat="46.16498" lon="11.11218"/>
      <trkpt lat="46.16553" lon="11.11249"/>
      <trkpt lat="46.16604" lon="11.11277"/>
      <trkpt lat="46.16638" lon="11.11298"/>
      <trkpt lat="46.16662" lon="11.11318"/>
      <trkpt lat="46.16682" lon="11.11345"/>
      <trkpt lat="46.167" lon="11.11344"/>
      <trkpt lat="46.16703" lon="11.1134"/>
      <trkpt lat="46.16716" lon="11.11351"/>
      <trkpt lat="46.16739" lon="11.1137"/>
      <trkpt lat="46.1675" lon="11.11377"/>
      <trkpt lat="46.16756" lon="11.11377"/>
      <trkpt lat="46.1676" lon="11.11372"/>
      <trkpt lat="46.16769" lon="11.11344"/>
      <trkpt lat="46.1677" lon="11.11335"/>
      <trkpt lat="46.16769" lon="11.1133"/>
      <trkpt lat="46.16762" lon="11.1132"/>
      <trkpt lat="46.16687" lon="11.11287"/>
      <trkpt lat="46.16681" lon="11.11282"/>
      <trkpt lat="46.16678" lon="11.11275"/>
      <trkpt lat="46.16678" lon="11.1127"/>
      <trkpt lat="46.16678" lon="11.11255"/>
      <trkpt lat="46.16681" lon="11.11245"/>
      <trkpt lat="46.1671" lon="11.11114"/>
      <trkpt lat="46.16711" lon="11.11107"/>
      <trkpt lat="46.16737" lon="11.11109"/>
      <trkpt lat="46.16751" lon="11.11111"/>
      <trkpt lat="46.16785" lon="11.11114"/>
      <trkpt lat="46.16837" lon="11.11116"/>
      <trkpt lat="46.16926" lon="11.11106"/>
      <trkpt lat="46.17108" lon="11.11085"/>
      <trkpt lat="46.17391" lon="11.11051"/>
      <trkpt lat="46.17519" lon="11.11036"/>
      <trkpt lat="46.17595" lon="11.11037"/>
      <trkpt lat="46.17639" lon="11.11043"/>
      <trkpt lat="46.17682" lon="11.11051"/>
      <trkpt lat="46.17735" lon="11.11067"/>
      <trkpt lat="46.17783" lon="11.11086"/>
      <trkpt lat="46.17844" lon="11.11119"/>
      <trkpt lat="46.18052" lon="11.11249"/>
      <trkpt lat="46.18686" lon="11.11655"/>
      <trkpt lat="46.18799" lon="11.1174"/>
      <trkpt lat="46.18886" lon="11.11814"/>
      <trkpt lat="46.1889" lon="11.1182"/>
      <trkpt lat="46.18892" lon="11.11824"/>
      <trkpt lat="46.18885" lon="11.11872"/>
      <trkpt lat="46.18886" lon="11.1189"/>
      <trkpt lat="46.18895" lon="11.11907"/>
      <trkpt lat="46.18928" lon="11.11941"/>
      <trkpt lat="46.18997" lon="11.12018"/>
      <trkpt lat="46.19009" lon="11.12035"/>
      <trkpt lat="46.19094" lon="11.1228"/>
      <trkpt lat="46.19101" lon="11.12299"/>
      <trkpt lat="46.19103" lon="11.12305"/>
      <trkpt lat="46.19109" lon="11.1232"/>
      <trkpt lat="46.19117" lon="11.12335"/>
      <trkpt lat="46.1912" lon="11.12343"/>
      <trkpt lat="46.1913" lon="11.1238"/>
      <trkpt lat="46.19139" lon="11.12431"/>
      <trkpt lat="46.19206" lon="11.12691"/>
      <trkpt lat="46.1923" lon="11.12767"/>
      <trkpt lat="46.1924" lon="11.12833"/>
      <trkpt lat="46.19255" lon="11.12883"/>
      <trkpt lat="46.19263" lon="11.12905"/>
      <trkpt lat="46.19267" lon="11.12914"/>
      <trkpt lat="46.19275" lon="11.1294"/>
      <trkpt lat="46.19291" lon="11.12976"/>
      <trkpt lat="46.19311" lon="11.13009"/>
      <trkpt lat="46.19346" lon="11.1305"/>
      <trkpt lat="46.19414" lon="11.13112"/>
      <trkpt lat="46.19443" lon="11.13133"/>
      <trkpt lat="46.19479" lon="11.13155"/>
      <trkpt lat="46.19545" lon="11.13191"/>
      <trkpt lat="46.19558" lon="11.13196"/>
      <trkpt lat="46.19582" lon="11.132"/>
      <trkpt lat="46.19623" lon="11.13201"/>
      <trkpt lat="46.1963" lon="11.13203"/>
      <trkpt lat="46.19635" lon="11.13199"/>
      <trkpt lat="46.19676" lon="11.13271"/>
      <trkpt lat="46.19686" lon="11.13279"/>
      <trkpt lat="46.19698" lon="11.13287"/>
      <trkpt lat="46.20008" lon="11.13463"/>
      <trkpt lat="46.20037" lon="11.13482"/>
      <trkpt lat="46.20082" lon="11.13516"/>
      <trkpt lat="46.20161" lon="11.1358"/>
      <trkpt lat="46.20217" lon="11.1363"/>
      <trkpt lat="46.20314" lon="11.13729"/>
      <trkpt lat="46.20363" lon="11.13782"/>
      <trkpt lat="46.20409" lon="11.1384"/>
      <trkpt lat="46.20624" lon="11.14129"/>
      <trkpt lat="46.20622" lon="11.14133"/>
      <trkpt lat="46.20577" lon="11.1422"/>
      <trkpt lat="46.20575" lon="11.14225"/>
      <trkpt lat="46.20802" lon="11.14537"/>
      <trkpt lat="46.2086" lon="11.1461"/>
      <trkpt lat="46.20884" lon="11.14631"/>
      <trkpt lat="46.20935" lon="11.14671"/>
      <trkpt lat="46.20965" lon="11.14689"/>
      <trkpt lat="46.20995" lon="11.14707"/>
      <trkpt lat="46.21037" lon="11.14727"/>
      <trkpt lat="46.21079" lon="11.14743"/>
      <trkpt lat="46.2112" lon="11.14752"/>
      <trkpt lat="46.21167" lon="11.14759"/>
      <trkpt lat="46.21283" lon="11.14763"/>
      <trkpt lat="46.21502" lon="11.14768"/>
      <trkpt lat="46.21717" lon="11.14776"/>
      <trkpt lat="46.21772" lon="11.14778"/>
      <trkpt lat="46.21824" lon="11.14784"/>
      <trkpt lat="46.2186" lon="11.14791"/>
      <trkpt lat="46.21957" lon="11.14821"/>
      <trkpt lat="46.21969" lon="11.14827"/>
      <trkpt lat="46.21976" lon="11.14831"/>
      <trkpt lat="46.22086" lon="11.14895"/>
      <trkpt lat="46.2211" lon="11.14912"/>
      <trkpt lat="46.22215" lon="11.15003"/>
      <trkpt lat="46.22392" lon="11.15154"/>
      <trkpt lat="46.22454" lon="11.15211"/>
      <trkpt lat="46.22471" lon="11.15231"/>
      <trkpt lat="46.22509" lon="11.15293"/>
      <trkpt lat="46.22529" lon="11.15329"/>
      <trkpt lat="46.22551" lon="11.1539"/>
      <trkpt lat="46.22567" lon="11.15442"/>
      <trkpt lat="46.2259" lon="11.15525"/>
      <trkpt lat="46.22616" lon="11.1564"/>
      <trkpt lat="46.22627" lon="11.15734"/>
      <trkpt lat="46.22635" lon="11.15849"/>
      <trkpt lat="46.22636" lon="11.159"/>
      <trkpt lat="46.22636" lon="11.16011"/>
      <trkpt lat="46.22634" lon="11.16136"/>
      <trkpt lat="46.22631" lon="11.16176"/>
      <trkpt lat="46.22625" lon="11.16226"/>
      <trkpt lat="46.22605" lon="11.16364"/>
      <trkpt lat="46.22602" lon="11.16405"/>
      <trkpt lat="46.22602" lon="11.16424"/>
      <trkpt lat="46.22609" lon="11.16539"/>
      <trkpt lat="46.22621" lon="11.16596"/>
      <trkpt lat="46.22618" lon="11.16647"/>
      <trkpt lat="46.22619" lon="11.16671"/>
      <trkpt lat="46.22625" lon="11.16688"/>
      <trkpt lat="46.22633" lon="11.16735"/>
      <trkpt lat="46.22635" lon="11.16742"/>
      <trkpt lat="46.2264" lon="11.16745"/>
      <trkpt lat="46.22657" lon="11.1674"/>
      <trkpt lat="46.22661" lon="11.16749"/>
      <trkpt lat="46.2267" lon="11.1681"/>
      <trkpt lat="46.22683" lon="11.1686"/>
      <trkpt lat="46.22686" lon="11.16884"/>
      <trkpt lat="46.22691" lon="11.16902"/>
      <trkpt lat="46.22718" lon="11.16987"/>
      <trkpt lat="46.22744" lon="11.17058"/>
      <trkpt lat="46.2277" lon="11.17113"/>
      <trkpt lat="46.22794" lon="11.17159"/>
      <trkpt lat="46.2305" lon="11.17558"/>
      <trkpt lat="46.23099" lon="11.17629"/>
      <trkpt lat="46.23107" lon="11.17638"/>
      <trkpt lat="46.23194" lon="11.17721"/>
      <trkpt lat="46.23266" lon="11.17788"/>
      <trkpt lat="46.23299" lon="11.17824"/>
      <trkpt lat="46.23375" lon="11.17928"/>
      <trkpt lat="46.2346" lon="11.18051"/>
      <trkpt lat="46.23535" lon="11.18163"/>
      <trkpt lat="46.23555" lon="11.18195"/>
      <trkpt lat="46.23614" lon="11.18306"/>
      <trkpt lat="46.23637" lon="11.18354"/>
      <trkpt lat="46.237" lon="11.18494"/>
      <trkpt lat="46.23753" lon="11.1862"/>
      <trkpt lat="46.23772" lon="11.18676"/>
      <trkpt lat="46.23786" lon="11.18733"/>
      <trkpt lat="46.23808" lon="11.18823"/>
      <trkpt lat="46.23815" lon="11.18859"/>
      <trkpt lat="46.23822" lon="11.18947"/>
      <trkpt lat="46.23829" lon="11.18981"/>
      <trkpt lat="46.23837" lon="11.19003"/>
      <trkpt lat="46.23848" lon="11.19026"/>
      <trkpt lat="46.23905" lon="11.19128"/>
      <trkpt lat="46.2395" lon="11.1921"/>
      <trkpt lat="46.23958" lon="11.19228"/>
      <trkpt lat="46.24134" lon="11.19765"/>
      <trkpt lat="46.24325" lon="11.2034"/>
      <trkpt lat="46.24326" lon="11.20354"/>
      <trkpt lat="46.24339" lon="11.20393"/>
      <trkpt lat="46.24345" lon="11.20403"/>
      <trkpt lat="46.24361" lon="11.2045"/>
      <trkpt lat="46.24371" lon="11.20466"/>
      <trkpt lat="46.24389" lon="11.20502"/>
      <trkpt lat="46.24396" lon="11.20517"/>
      <trkpt lat="46.24399" lon="11.20528"/>
      <trkpt lat="46.24403" lon="11.20548"/>
      <trkpt lat="46.244" lon="11.20569"/>
      <trkpt lat="46.24413" lon="11.20609"/>
      <trkpt lat="46.24452" lon="11.20704"/>
      <trkpt lat="46.24501" lon="11.20813"/>
      <trkpt lat="46.24561" lon="11.20924"/>
      <trkpt lat="46.24638" lon="11.21041"/>
      <trkpt lat="46.24721" lon="11.2115"/>
      <trkpt lat="46.2479" lon="11.21238"/>
      <trkpt lat="46.24824" lon="11.21276"/>
      <trkpt lat="46.24893" lon="11.21346"/>
      <trkpt lat="46.25015" lon="11.21465"/>
      <trkpt lat="46.25043" lon="11.21493"/>
      <trkpt lat="46.25077" lon="11.21533"/>
      <trkpt lat="46.25242" lon="11.21761"/>
      <trkpt lat="46.25385" lon="11.21947"/>
      <trkpt lat="46.25514" lon="11.22136"/>
      <trkpt lat="46.25544" lon="11.22174"/>
      <trkpt lat="46.25613" lon="11.22248"/>
      <trkpt lat="46.2575" lon="11.22383"/>
      <trkpt lat="46.26115" lon="11.22751"/>
      <trkpt lat="46.26305" lon="11.22946"/>
      <trkpt lat="46.26384" lon="11.23018"/>
      <trkpt lat="46.26416" lon="11.23043"/>
      <trkpt lat="46.2647" lon="11.23082"/>
      <trkpt lat="46.26541" lon="11.2313"/>
      <trkpt lat="46.26745" lon="11.23262"/>
      <trkpt lat="46.26833" lon="11.23314"/>
      <trkpt lat="46.26858" lon="11.23333"/>
      <trkpt lat="46.26865" lon="11.23338"/>
      <trkpt lat="46.2688" lon="11.23341"/>
      <trkpt lat="46.26895" lon="11.23344"/>
      <trkpt lat="46.27045" lon="11.23416"/>
      <trkpt lat="46.27137" lon="11.23455"/>
      <trkpt lat="46.27267" lon="11.23496"/>
      <trkpt lat="46.27687" lon="11.23614"/>
      <trkpt lat="46.2772" lon="11.23624"/>
      <trkpt lat="46.27825" lon="11.23669"/>
      <trkpt lat="46.279" lon="11.23703"/>
      <trkpt lat="46.27987" lon="11.2375"/>
      <trkpt lat="46.28015" lon="11.23759"/>
      <trkpt lat="46.28091" lon="11.23786"/>
      <trkpt lat="46.28123" lon="11.23794"/>
      <trkpt lat="46.28361" lon="11.23821"/>
      <trkpt lat="46.28463" lon="11.23833"/>
      <trkpt lat="46.28535" lon="11.23845"/>
      <trkpt lat="46.2861" lon="11.23862"/>
      <trkpt lat="46.28699" lon="11.23887"/>
      <trkpt lat="46.28782" lon="11.23913"/>
      <trkpt lat="46.28863" lon="11.23945"/>
      <trkpt lat="46.28931" lon="11.23975"/>
      <trkpt lat="46.28939" lon="11.23979"/>
      <trkpt lat="46.28949" lon="11.23984"/>
      <trkpt lat="46.28967" lon="11.23994"/>
      <trkpt lat="46.29063" lon="11.24045"/>
      <trkpt lat="46.29195" lon="11.24128"/>
      <trkpt lat="46.29224" lon="11.24146"/>
      <trkpt lat="46.29228" lon="11.24148"/>
      <trkpt lat="46.29235" lon="11.24154"/>
      <trkpt lat="46.29326" lon="11.24231"/>
      <trkpt lat="46.29356" lon="11.24254"/>
      <trkpt lat="46.29415" lon="11.24305"/>
      <trkpt lat="46.29452" lon="11.24336"/>
      <trkpt lat="46.29917" lon="11.24719"/>
      <trkpt lat="46.30247" lon="11.24994"/>
      <trkpt lat="46.30303" lon="11.25043"/>
      <trkpt lat="46.30388" lon="11.25119"/>
      <trkpt lat="46.30677" lon="11.25401"/>
      <trkpt lat="46.31053" lon="11.25773"/>
      <trkpt lat="46.31477" lon="11.26195"/>
      <trkpt lat="46.3148" lon="11.26197"/>
      <trkpt lat="46.31499" lon="11.26216"/>
      <trkpt lat="46.31535" lon="11.26263"/>
      <trkpt lat="46.31579" lon="11.26318"/>
      <trkpt lat="46.3159" lon="11.26325"/>
      <trkpt lat="46.31599" lon="11.26334"/>
      <trkpt lat="46.31619" lon="11.26361"/>
      <trkpt lat="46.31636" lon="11.2639"/>
      <trkpt lat="46.31711" lon="11.26483"/>
      <trkpt lat="46.31797" lon="11.26578"/>
      <trkpt lat="46.31794" lon="11.26585"/>
      <trkpt lat="46.31817" lon="11.26612"/>
      <trkpt lat="46.31901" lon="11.26706"/>
      <trkpt lat="46.31906" lon="11.26732"/>
      <trkpt lat="46.31949" lon="11.26867"/>
      <trkpt lat="46.3195" lon="11.26875"/>
      <trkpt lat="46.31948" lon="11.26882"/>
      <trkpt lat="46.31925" lon="11.26917"/>
      <trkpt lat="46.31922" lon="11.26927"/>
      <trkpt lat="46.31923" lon="11.26937"/>
      <trkpt lat="46.31931" lon="11.26959"/>
      <trkpt lat="46.31937" lon="11.26969"/>
      <trkpt lat="46.3195" lon="11.26984"/>
      <trkpt lat="46.31985" lon="11.26997"/>
      <trkpt lat="46.31992" lon="11.26993"/>
      <trkpt lat="46.32" lon="11.26999"/>
      <trkpt lat="46.3199" lon="11.27025"/>
      <trkpt lat="46.32036" lon="11.27064"/>
      <trkpt lat="46.32081" lon="11.27115"/>
      <trkpt lat="46.32199" lon="11.27249"/>
      <trkpt lat="46.32235" lon="11.2729"/>
      <trkpt lat="46.32243" lon="11.273"/>
      <trkpt lat="46.32314" lon="11.2738"/>
      <trkpt lat="46.32331" lon="11.27349"/>
      <trkpt lat="46.32345" lon="11.27324"/>
      <trkpt lat="46.32352" lon="11.27312"/>
      <trkpt lat="46.32367" lon="11.27298"/>
      <trkpt lat="46.32382" lon="11.27295"/>
      <trkpt lat="46.32395" lon="11.27299"/>
      <trkpt lat="46.32452" lon="11.27361"/>
      <trkpt lat="46.32482" lon="11.27307"/>
      <trkpt lat="46.32652" lon="11.27473"/>
      <trkpt lat="46.32683" lon="11.27506"/>
      <trkpt lat="46.32736" lon="11.27581"/>
      <trkpt lat="46.32826" lon="11.27715"/>
      <trkpt lat="46.32833" lon="11.27734"/>
      <trkpt lat="46.32842" lon="11.27754"/>
      <trkpt lat="46.32858" lon="11.27777"/>
      <trkpt lat="46.32885" lon="11.27799"/>
      <trkpt lat="46.32919" lon="11.27849"/>
      <trkpt lat="46.3299" lon="11.2794"/>
      <trkpt lat="46.33022" lon="11.27978"/>
      <trkpt lat="46.33059" lon="11.28015"/>
      <trkpt lat="46.33155" lon="11.28078"/>
      <trkpt lat="46.33213" lon="11.28112"/>
      <trkpt lat="46.33239" lon="11.28124"/>
      <trkpt lat="46.33266" lon="11.28134"/>
      <trkpt lat="46.3333" lon="11.28148"/>
      <trkpt lat="46.33373" lon="11.28166"/>
      <trkpt lat="46.33372" lon="11.28174"/>
      <trkpt lat="46.33323" lon="11.28155"/>
      <trkpt lat="46.33317" lon="11.28157"/>
      <trkpt lat="46.3331" lon="11.2817"/>
      <trkpt lat="46.33349" lon="11.28188"/>
      <trkpt lat="46.33502" lon="11.28262"/>
      <trkpt lat="46.33549" lon="11.28285"/>
      <trkpt lat="46.33559" lon="11.283"/>
      <trkpt lat="46.33616" lon="11.2834"/>
      <trkpt lat="46.33666" lon="11.28385"/>
      <trkpt lat="46.33684" lon="11.28397"/>
      <trkpt lat="46.33703" lon="11.28401"/>
      <trkpt lat="46.33723" lon="11.28402"/>
      <trkpt lat="46.33799" lon="11.28405"/>
      <trkpt lat="46.33804" lon="11.28408"/>
      <trkpt lat="46.3382" lon="11.28415"/>
      <trkpt lat="46.3383" lon="11.2842"/>
      <trkpt lat="46.33906" lon="11.28456"/>
      <trkpt lat="46.33927" lon="11.28466"/>
      <trkpt lat="46.34036" lon="11.2852"/>
      <trkpt lat="46.34063" lon="11.2854"/>
      <trkpt lat="46.34089" lon="11.28563"/>
      <trkpt lat="46.34115" lon="11.28595"/>
      <trkpt lat="46.34136" lon="11.28626"/>
      <trkpt lat="46.34164" lon="11.28677"/>
      <trkpt lat="46.34176" lon="11.28698"/>
      <trkpt lat="46.34192" lon="11.28727"/>
      <trkpt lat="46.34205" lon="11.28754"/>
      <trkpt lat="46.34211" lon="11.28767"/>
      <trkpt lat="46.34221" lon="11.28786"/>
      <trkpt lat="46.34237" lon="11.28818"/>
      <trkpt lat="46.34239" lon="11.28822"/>
      <trkpt lat="46.3425" lon="11.28844"/>
      <trkpt lat="46.34255" lon="11.28853"/>
      <trkpt lat="46.34303" lon="11.2895"/>
      <trkpt lat="46.34315" lon="11.28973"/>
      <trkpt lat="46.34334" lon="11.29011"/>
      <trkpt lat="46.34347" lon="11.29037"/>
      <trkpt lat="46.34364" lon="11.2907"/>
      <trkpt lat="46.3439" lon="11.29081"/>
      <trkpt lat="46.34405" lon="11.29095"/>
      <trkpt lat="46.3441" lon="11.29105"/>
      <trkpt lat="46.34433" lon="11.29143"/>
      <trkpt lat="46.34454" lon="11.29167"/>
      <trkpt lat="46.34503" lon="11.29202"/>
      <trkpt lat="46.34537" lon="11.29225"/>
      <trkpt lat="46.34604" lon="11.2927"/>
      <trkpt lat="46.34612" lon="11.29275"/>
      <trkpt lat="46.34657" lon="11.29309"/>
      <trkpt lat="46.34677" lon="11.29331"/>
      <trkpt lat="46.34696" lon="11.29358"/>
      <trkpt lat="46.34714" lon="11.2939"/>
      <trkpt lat="46.3473" lon="11.29426"/>
      <trkpt lat="46.34727" lon="11.29429"/>
      <trkpt lat="46.34724" lon="11.29438"/>
      <trkpt lat="46.34724" lon="11.29448"/>
      <trkpt lat="46.34729" lon="11.29456"/>
      <trkpt lat="46.34733" lon="11.29458"/>
      <trkpt lat="46.34741" lon="11.29457"/>
      <trkpt lat="46.34746" lon="11.2945"/>
      <trkpt lat="46.34748" lon="11.29438"/>
      <trkpt lat="46.34743" lon="11.29427"/>
      <trkpt lat="46.3476" lon="11.29408"/>
      <trkpt lat="46.34784" lon="11.29379"/>
      <trkpt lat="46.34801" lon="11.29356"/>
      <trkpt lat="46.34827" lon="11.2932"/>
      <trkpt lat="46.34843" lon="11.29303"/>
      <trkpt lat="46.34866" lon="11.29286"/>
      <trkpt lat="46.34927" lon="11.29249"/>
      <trkpt lat="46.34987" lon="11.29212"/>
      <trkpt lat="46.35007" lon="11.292"/>
      <trkpt lat="46.35054" lon="11.29172"/>
      <trkpt lat="46.35082" lon="11.29156"/>
      <trkpt lat="46.35103" lon="11.29141"/>
      <trkpt lat="46.35141" lon="11.29101"/>
      <trkpt lat="46.35158" lon="11.2908"/>
      <trkpt lat="46.35176" lon="11.29052"/>
      <trkpt lat="46.352" lon="11.29004"/>
      <trkpt lat="46.35221" lon="11.28946"/>
      <trkpt lat="46.3525" lon="11.28832"/>
      <trkpt lat="46.35253" lon="11.28819"/>
      <trkpt lat="46.35253" lon="11.28816"/>
      <trkpt lat="46.35254" lon="11.28813"/>
      <trkpt lat="46.3526" lon="11.28788"/>
      <trkpt lat="46.35263" lon="11.28774"/>
      <trkpt lat="46.35286" lon="11.28784"/>
      <trkpt lat="46.35313" lon="11.28797"/>
      <trkpt lat="46.3533" lon="11.28809"/>
      <trkpt lat="46.35356" lon="11.2883"/>
      <trkpt lat="46.35374" lon="11.28851"/>
      <trkpt lat="46.35386" lon="11.28873"/>
      <trkpt lat="46.35397" lon="11.28904"/>
      <trkpt lat="46.35405" lon="11.28905"/>
      <trkpt lat="46.35408" lon="11.28907"/>
      <trkpt lat="46.35417" lon="11.28947"/>
      <trkpt lat="46.35438" lon="11.29011"/>
      <trkpt lat="46.35458" lon="11.28998"/>
      <trkpt lat="46.35461" lon="11.28994"/>
      <trkpt lat="46.35461" lon="11.28962"/>
      <trkpt lat="46.35451" lon="11.28898"/>
      <trkpt lat="46.35453" lon="11.28884"/>
      <trkpt lat="46.35458" lon="11.28873"/>
      <trkpt lat="46.35466" lon="11.28867"/>
      <trkpt lat="46.35491" lon="11.28874"/>
      <trkpt lat="46.35496" lon="11.28871"/>
      <trkpt lat="46.35501" lon="11.28872"/>
      <trkpt lat="46.3553" lon="11.28882"/>
      <trkpt lat="46.3593" lon="11.29023"/>
      <trkpt lat="46.36142" lon="11.29098"/>
      <trkpt lat="46.36256" lon="11.29128"/>
      <trkpt lat="46.36371" lon="11.2915"/>
      <trkpt lat="46.36496" lon="11.29167"/>
      <trkpt lat="46.36507" lon="11.29167"/>
      <trkpt lat="46.36523" lon="11.29166"/>
      <trkpt lat="46.36535" lon="11.2917"/>
      <trkpt lat="46.36555" lon="11.29175"/>
      <trkpt lat="46.3682" lon="11.29207"/>
      <trkpt lat="46.37078" lon="11.29227"/>
      <trkpt lat="46.37191" lon="11.29239"/>
      <trkpt lat="46.37228" lon="11.29248"/>
      <trkpt lat="46.37273" lon="11.29264"/>
      <trkpt lat="46.37347" lon="11.29286"/>
      <trkpt lat="46.37648" lon="11.29347"/>
      <trkpt lat="46.37715" lon="11.29362"/>
      <trkpt lat="46.38156" lon="11.29492"/>
      <trkpt lat="46.38354" lon="11.29573"/>
      <trkpt lat="46.38486" lon="11.29641"/>
      <trkpt lat="46.38577" lon="11.29692"/>
      <trkpt lat="46.38734" lon="11.29791"/>
      <trkpt lat="46.38766" lon="11.29806"/>
      <trkpt lat="46.38783" lon="11.29812"/>
      <trkpt lat="46.38803" lon="11.29816"/>
      <trkpt lat="46.3885" lon="11.29817"/>
      <trkpt lat="46.39014" lon="11.29801"/>
      <trkpt lat="46.39112" lon="11.2979"/>
      <trkpt lat="46.39184" lon="11.29768"/>
      <trkpt lat="46.39245" lon="11.29744"/>
      <trkpt lat="46.39264" lon="11.29739"/>
      <trkpt lat="46.39363" lon="11.29753"/>
      <trkpt lat="46.39389" lon="11.29765"/>
      <trkpt lat="46.39452" lon="11.29812"/>
      <trkpt lat="46.39588" lon="11.29928"/>
      <trkpt lat="46.39818" lon="11.3014"/>
      <trkpt lat="46.39837" lon="11.3016"/>
      <trkpt lat="46.39862" lon="11.30191"/>
      <trkpt lat="46.39943" lon="11.30285"/>
      <trkpt lat="46.39963" lon="11.30303"/>
      <trkpt lat="46.40004" lon="11.3033"/>
      <trkpt lat="46.40078" lon="11.30374"/>
      <trkpt lat="46.40239" lon="11.30421"/>
      <trkpt lat="46.40289" lon="11.30448"/>
      <trkpt lat="46.40308" lon="11.30464"/>
      <trkpt lat="46.40341" lon="11.30496"/>
      <trkpt lat="46.40409" lon="11.30578"/>
      <trkpt lat="46.40501" lon="11.30697"/>
      <trkpt lat="46.40514" lon="11.30712"/>
      <trkpt lat="46.40566" lon="11.30761"/>
      <trkpt lat="46.406" lon="11.30803"/>
      <trkpt lat="46.40666" lon="11.30896"/>
      <trkpt lat="46.40726" lon="11.30995"/>
      <trkpt lat="46.40888" lon="11.31223"/>
      <trkpt lat="46.40921" lon="11.31259"/>
      <trkpt lat="46.40997" lon="11.31347"/>
      <trkpt lat="46.41041" lon="11.31381"/>
      <trkpt lat="46.41082" lon="11.31406"/>
      <trkpt lat="46.41192" lon="11.31465"/>
      <trkpt lat="46.41202" lon="11.31473"/>
      <trkpt lat="46.41222" lon="11.31497"/>
      <trkpt lat="46.41228" lon="11.31502"/>
      <trkpt lat="46.41233" lon="11.31511"/>
      <trkpt lat="46.41236" lon="11.31509"/>
      <trkpt lat="46.41245" lon="11.3151"/>
      <trkpt lat="46.41349" lon="11.3155"/>
      <trkpt lat="46.41365" lon="11.31553"/>
      <trkpt lat="46.41375" lon="11.31553"/>
      <trkpt lat="46.41381" lon="11.31558"/>
      <trkpt lat="46.41384" lon="11.31539"/>
      <trkpt lat="46.41396" lon="11.31447"/>
      <trkpt lat="46.41397" lon="11.31436"/>
      <trkpt lat="46.41403" lon="11.31436"/>
      <trkpt lat="46.41403" lon="11.3144"/>
      <trkpt lat="46.41435" lon="11.31455"/>
      <trkpt lat="46.41467" lon="11.31464"/>
      <trkpt lat="46.41521" lon="11.31473"/>
      <trkpt lat="46.41567" lon="11.31477"/>
      <trkpt lat="46.41615" lon="11.31478"/>
      <trkpt lat="46.41641" lon="11.31475"/>
      <trkpt lat="46.41702" lon="11.31464"/>
      <trkpt lat="46.41772" lon="11.31444"/>
      <trkpt lat="46.41821" lon="11.31427"/>
      <trkpt lat="46.41861" lon="11.31406"/>
      <trkpt lat="46.41901" lon="11.31382"/>
      <trkpt lat="46.41992" lon="11.31321"/>
      <trkpt lat="46.42015" lon="11.31303"/>
      <trkpt lat="46.42036" lon="11.31281"/>
      <trkpt lat="46.42066" lon="11.31259"/>
      <trkpt lat="46.42077" lon="11.31257"/>
      <trkpt lat="46.42092" lon="11.31256"/>
      <trkpt lat="46.42165" lon="11.31216"/>
      <trkpt lat="46.42208" lon="11.31188"/>
      <trkpt lat="46.42249" lon="11.31159"/>
      <trkpt lat="46.42303" lon="11.31108"/>
      <trkpt lat="46.42376" lon="11.31055"/>
      <trkpt lat="46.42398" lon="11.31046"/>
      <trkpt lat="46.42423" lon="11.3104"/>
      <trkpt lat="46.42457" lon="11.3103"/>
      <trkpt lat="46.42492" lon="11.31024"/>
      <trkpt lat="46.42602" lon="11.31012"/>
      <trkpt lat="46.42664" lon="11.31"/>
      <trkpt lat="46.42724" lon="11.30996"/>
      <trkpt lat="46.42793" lon="11.3101"/>
      <trkpt lat="46.42851" lon="11.31015"/>
      <trkpt lat="46.42872" lon="11.31023"/>
      <trkpt lat="46.42935" lon="11.31041"/>
      <trkpt lat="46.42944" lon="11.31047"/>
      <trkpt lat="46.43094" lon="11.31172"/>
      <trkpt lat="46.43143" lon="11.31215"/>
      <trkpt lat="46.43258" lon="11.31327"/>
      <trkpt lat="46.43327" lon="11.31404"/>
      <trkpt lat="46.43353" lon="11.31436"/>
      <trkpt lat="46.43396" lon="11.31468"/>
      <trkpt lat="46.43463" lon="11.315"/>
      <trkpt lat="46.43652" lon="11.3156"/>
      <trkpt lat="46.43746" lon="11.31573"/>
      <trkpt lat="46.43768" lon="11.31574"/>
      <trkpt lat="46.43812" lon="11.31568"/>
      <trkpt lat="46.43826" lon="11.31564"/>
      <trkpt lat="46.43884" lon="11.3155"/>
      <trkpt lat="46.43932" lon="11.31531"/>
      <trkpt lat="46.44006" lon="11.31496"/>
      <trkpt lat="46.44043" lon="11.31472"/>
      <trkpt lat="46.4407" lon="11.31452"/>
      <trkpt lat="46.44122" lon="11.31407"/>
      <trkpt lat="46.44152" lon="11.31376"/>
      <trkpt lat="46.4417" lon="11.31353"/>
      <trkpt lat="46.44172" lon="11.31347"/>
      <trkpt lat="46.44178" lon="11.31341"/>
      <trkpt lat="46.44191" lon="11.31332"/>
      <trkpt lat="46.44198" lon="11.31325"/>
      <trkpt lat="46.44254" lon="11.31261"/>
      <trkpt lat="46.44265" lon="11.31253"/>
      <trkpt lat="46.4428" lon="11.31246"/>
      <trkpt lat="46.44315" lon="11.31207"/>
      <trkpt lat="46.44366" lon="11.31124"/>
      <trkpt lat="46.44408" lon="11.31065"/>
      <trkpt lat="46.44443" lon="11.31026"/>
      <trkpt lat="46.4447" lon="11.30985"/>
      <trkpt lat="46.44486" lon="11.30966"/>
      <trkpt lat="46.44503" lon="11.30952"/>
      <trkpt lat="46.44524" lon="11.30944"/>
      <trkpt lat="46.44549" lon="11.30928"/>
      <trkpt lat="46.44561" lon="11.30916"/>
      <trkpt lat="46.4457" lon="11.309"/>
      <trkpt lat="46.44615" lon="11.30856"/>
      <trkpt lat="46.44646" lon="11.3081"/>
      <trkpt lat="46.44691" lon="11.30767"/>
      <trkpt lat="46.44728" lon="11.30723"/>
      <trkpt lat="46.44746" lon="11.30708"/>
      <trkpt lat="46.4475" lon="11.30711"/>
      <trkpt lat="46.4478" lon="11.30736"/>
      <trkpt lat="46.44786" lon="11.30745"/>
      <trkpt lat="46.44817" lon="11.30823"/>
      <trkpt lat="46.4482" lon="11.30828"/>
      <trkpt lat="46.44823" lon="11.30826"/>
      <trkpt lat="46.44866" lon="11.30788"/>
      <trkpt lat="46.45087" lon="11.306"/>
      <trkpt lat="46.45183" lon="11.30522"/>
      <trkpt lat="46.45466" lon="11.30333"/>
      <trkpt lat="46.45485" lon="11.30323"/>
      <trkpt lat="46.45506" lon="11.30308"/>
      <trkpt lat="46.4564" lon="11.30225"/>
      <trkpt lat="46.45661" lon="11.30215"/>
      <trkpt lat="46.45674" lon="11.30211"/>
      <trkpt lat="46.45704" lon="11.30205"/>
      <trkpt lat="46.45747" lon="11.30203"/>
      <trkpt lat="46.45934" lon="11.30208"/>
      <trkpt lat="46.46053" lon="11.30214"/>
      <trkpt lat="46.46105" lon="11.3022"/>
      <trkpt lat="46.46191" lon="11.30237"/>
      <trkpt lat="46.46317" lon="11.3028"/>
      <trkpt lat="46.46402" lon="11.30342"/>
      <trkpt lat="46.46544" lon="11.30433"/>
      <trkpt lat="46.4661" lon="11.30479"/>
      <trkpt lat="46.46827" lon="11.30632"/>
      <trkpt lat="46.47011" lon="11.30771"/>
      <trkpt lat="46.4704" lon="11.3079"/>
      <trkpt lat="46.47077" lon="11.30824"/>
      <trkpt lat="46.47299" lon="11.31002"/>
      <trkpt lat="46.47354" lon="11.31049"/>
      <trkpt lat="46.47366" lon="11.3106"/>
      <trkpt lat="46.47381" lon="11.3107"/>
      <trkpt lat="46.4739" lon="11.31078"/>
      <trkpt lat="46.47408" lon="11.31097"/>
      <trkpt lat="46.47465" lon="11.31151"/>
      <trkpt lat="46.47519" lon="11.31214"/>
      <trkpt lat="46.47597" lon="11.31311"/>
      <trkpt lat="46.47649" lon="11.31368"/>
      <trkpt lat="46.47681" lon="11.3141"/>
      <trkpt lat="46.47724" lon="11.31474"/>
      <trkpt lat="46.47848" lon="11.31671"/>
      <trkpt lat="46.47882" lon="11.31715"/>
      <trkpt lat="46.47894" lon="11.31734"/>
      <trkpt lat="46.47941" lon="11.31823"/>
      <trkpt lat="46.47994" lon="11.31917"/>
      <trkpt lat="46.48065" lon="11.32032"/>
      <trkpt lat="46.48106" lon="11.32096"/>
      <trkpt lat="46.4818" lon="11.3221"/>
      <trkpt lat="46.48182" lon="11.32208"/>
      <trkpt lat="46.48183" lon="11.32205"/>
      <trkpt lat="46.48186" lon="11.32202"/>
      <trkpt lat="46.48189" lon="11.32203"/>
      <trkpt lat="46.48217" lon="11.32221"/>
      <trkpt lat="46.48223" lon="11.32226"/>
      <trkpt lat="46.48226" lon="11.3223"/>
      <trkpt lat="46.48237" lon="11.32247"/>
      <trkpt lat="46.48241" lon="11.32256"/>
      <trkpt lat="46.48249" lon="11.32302"/>
      <trkpt lat="46.48252" lon="11.32309"/>
      <trkpt lat="46.48285" lon="11.3237"/>
      <trkpt lat="46.48301" lon="11.32395"/>
      <trkpt lat="46.48323" lon="11.32432"/>
      <trkpt lat="46.4849" lon="11.32669"/>
      <trkpt lat="46.48565" lon="11.3279"/>
      <trkpt lat="46.48579" lon="11.32804"/>
      <trkpt lat="46.48589" lon="11.32808"/>
      <trkpt lat="46.48607" lon="11.32836"/>
      <trkpt lat="46.4862" lon="11.32861"/>
      <trkpt lat="46.48623" lon="11.32876"/>
      <trkpt lat="46.48622" lon="11.3289"/>
      <trkpt lat="46.48625" lon="11.32907"/>
      <trkpt lat="46.48631" lon="11.32923"/>
      <trkpt lat="46.48675" lon="11.33051"/>
      <trkpt lat="46.48682" lon="11.33066"/>
      <trkpt lat="46.4869" lon="11.33075"/>
      <trkpt lat="46.487" lon="11.33101"/>
      <trkpt lat="46.48704" lon="11.33109"/>
      <trkpt lat="46.48711" lon="11.33131"/>
      <trkpt lat="46.48714" lon="11.33146"/>
      <trkpt lat="46.48723" lon="11.33174"/>
      <trkpt lat="46.48725" lon="11.33193"/>
      <trkpt lat="46.48729" lon="11.3321"/>
      <trkpt lat="46.48765" lon="11.33299"/>
      <trkpt lat="46.48793" lon="11.33375"/>
      <trkpt lat="46.48804" lon="11.33434"/>
      <trkpt lat="46.48805" lon="11.3344"/>
      <trkpt lat="46.48831" lon="11.33561"/>
      <trkpt lat="46.48844" lon="11.33632"/>
      <trkpt lat="46.48858" lon="11.33688"/>
      <trkpt lat="46.48911" lon="11.33867"/>
      <trkpt lat="46.48976" lon="11.34157"/>
      <trkpt lat="46.48978" lon="11.34166"/>
      <trkpt lat="46.4898" lon="11.34177"/>
      <trkpt lat="46.48979" lon="11.34182"/>
      <trkpt lat="46.4898" lon="11.34197"/>
      <trkpt lat="46.48986" lon="11.34223"/>
      <trkpt lat="46.48991" lon="11.34245"/>
      <trkpt lat="46.48992" lon="11.34249"/>
      <trkpt lat="46.49013" lon="11.34277"/>
      <trkpt lat="46.49025" lon="11.34284"/>
      <trkpt lat="46.4903" lon="11.34283"/>
      <trkpt lat="46.49062" lon="11.34339"/>
      <trkpt lat="46.49086" lon="11.34369"/>
      <trkpt lat="46.49103" lon="11.34387"/>
      <trkpt lat="46.49163" lon="11.34437"/>
      <trkpt lat="46.49188" lon="11.34453"/>
      <trkpt lat="46.492" lon="11.34463"/>
      <trkpt lat="46.49229" lon="11.34488"/>
      <trkpt lat="46.49259" lon="11.34514"/>
      <trkpt lat="46.49323" lon="11.34567"/>
      <trkpt lat="46.49327" lon="11.34572"/>
      <trkpt lat="46.49343" lon="11.34599"/>
      <trkpt lat="46.49367" lon="11.3465"/>
      <trkpt lat="46.49379" lon="11.34696"/>
      <trkpt lat="46.49382" lon="11.34724"/>
      <trkpt lat="46.49384" lon="11.34761"/>
      <trkpt lat="46.49383" lon="11.34767"/>
      <trkpt lat="46.49382" lon="11.34897"/>
      <trkpt lat="46.49382" lon="11.34899"/>
      <trkpt lat="46.49383" lon="11.34907"/>
      <trkpt lat="46.49387" lon="11.34941"/>
      <trkpt lat="46.49397" lon="11.35"/>
      <trkpt lat="46.49425" lon="11.3512"/>
      <trkpt lat="46.49443" lon="11.35213"/>
      <trkpt lat="46.49454" lon="11.35263"/>
      <trkpt lat="46.49459" lon="11.35301"/>
      <trkpt lat="46.49458" lon="11.35309"/>
      <trkpt lat="46.49459" lon="11.35355"/>
      <trkpt lat="46.49458" lon="11.35381"/>
      <trkpt lat="46.49453" lon="11.35412"/>
      <trkpt lat="46.49444" lon="11.3545"/>
      <trkpt lat="46.49443" lon="11.35456"/>
      <trkpt lat="46.49443" lon="11.3546"/>
      <trkpt lat="46.49435" lon="11.35481"/>
      <trkpt lat="46.49428" lon="11.35491"/>
      <trkpt lat="46.49426" lon="11.35495"/>
      <trkpt lat="46.49413" lon="11.35518"/>
      <trkpt lat="46.49406" lon="11.35536"/>
      <trkpt lat="46.49394" lon="11.35559"/>
      <trkpt lat="46.49382" lon="11.35594"/>
      <trkpt lat="46.49371" lon="11.35633"/>
      <trkpt lat="46.49347" lon="11.35703"/>
      <trkpt lat="46.4933" lon="11.35757"/>
      <trkpt lat="46.49311" lon="11.35839"/>
      <trkpt lat="46.49298" lon="11.35892"/>
      <trkpt lat="46.49285" lon="11.35955"/>
      <trkpt lat="46.49278" lon="11.35994"/>
      <trkpt lat="46.49269" lon="11.36027"/>
      <trkpt lat="46.49264" lon="11.36055"/>
      <trkpt lat="46.49247" lon="11.36187"/>
      <trkpt lat="46.49238" lon="11.36256"/>
      <trkpt lat="46.49229" lon="11.36355"/>
      <trkpt lat="46.4923" lon="11.36397"/>
      <trkpt lat="46.49257" lon="11.36545"/>
      <trkpt lat="46.49292" lon="11.36738"/>
      <trkpt lat="46.49293" lon="11.36793"/>
      <trkpt lat="46.49295" lon="11.36822"/>
      <trkpt lat="46.49304" lon="11.36855"/>
      <trkpt lat="46.49305" lon="11.36864"/>
      <trkpt lat="46.49307" lon="11.36873"/>
      <trkpt lat="46.49326" lon="11.36946"/>
      <trkpt lat="46.49336" lon="11.36995"/>
      <trkpt lat="46.49349" lon="11.37108"/>
      <trkpt lat="46.49377" lon="11.37309"/>
      <trkpt lat="46.49396" lon="11.37433"/>
      <trkpt lat="46.49406" lon="11.37466"/>
      <trkpt lat="46.49403" lon="11.37478"/>
      <trkpt lat="46.49426" lon="11.37617"/>
      <trkpt lat="46.49431" lon="11.37681"/>
      <trkpt lat="46.49432" lon="11.37824"/>
      <trkpt lat="46.49438" lon="11.3787"/>
      <trkpt lat="46.49454" lon="11.3795"/>
      <trkpt lat="46.49454" lon="11.3796"/>
      <trkpt lat="46.49455" lon="11.38012"/>
      <trkpt lat="46.49455" lon="11.38047"/>
      <trkpt lat="46.49463" lon="11.38208"/>
      <trkpt lat="46.49459" lon="11.38406"/>
      <trkpt lat="46.49497" lon="11.38753"/>
      <trkpt lat="46.49501" lon="11.38777"/>
      <trkpt lat="46.4951" lon="11.38804"/>
      <trkpt lat="46.49507" lon="11.38856"/>
      <trkpt lat="46.49488" lon="11.3892"/>
      <trkpt lat="46.49485" lon="11.38949"/>
      <trkpt lat="46.49478" lon="11.38976"/>
      <trkpt lat="46.49465" lon="11.39035"/>
      <trkpt lat="46.49464" lon="11.39049"/>
      <trkpt lat="46.49492" lon="11.39068"/>
      <trkpt lat="46.49487" lon="11.39107"/>
      <trkpt lat="46.49475" lon="11.39173"/>
      <trkpt lat="46.49461" lon="11.39167"/>
      <trkpt lat="46.4944" lon="11.39153"/>
      <trkpt lat="46.4943" lon="11.39147"/>
      <trkpt lat="46.49425" lon="11.39147"/>
      <trkpt lat="46.49437" lon="11.39158"/>
      <trkpt lat="46.49461" lon="11.39177"/>
      <trkpt lat="46.49467" lon="11.3918"/>
      <trkpt lat="46.49506" lon="11.39205"/>
      <trkpt lat="46.49509" lon="11.39202"/>
      <trkpt lat="46.49513" lon="11.39186"/>
      <trkpt lat="46.49518" lon="11.39146"/>
      <trkpt lat="46.49515" lon="11.39142"/>
      <trkpt lat="46.49513" lon="11.39147"/>
      <trkpt lat="46.49514" lon="11.39156"/>
      <trkpt lat="46.4951" lon="11.39183"/>
      <trkpt lat="46.49502" lon="11.39216"/>
      <trkpt lat="46.49493" lon="11.39273"/>
      <trkpt lat="46.49479" lon="11.39356"/>
      <trkpt lat="46.49466" lon="11.39404"/>
      <trkpt lat="46.49465" lon="11.39415"/>
      <trkpt lat="46.49466" lon="11.39426"/>
      <trkpt lat="46.49465" lon="11.39427"/>
      <trkpt lat="46.49463" lon="11.3943"/>
      <trkpt lat="46.49457" lon="11.39434"/>
      <trkpt lat="46.4945" lon="11.39437"/>
      <trkpt lat="46.4944" lon="11.39449"/>
      <trkpt lat="46.49402" lon="11.39507"/>
      <trkpt lat="46.49374" lon="11.39551"/>
      <trkpt lat="46.49301" lon="11.39672"/>
      <trkpt lat="46.49298" lon="11.39692"/>
      <trkpt lat="46.49287" lon="11.39716"/>
      <trkpt lat="46.49266" lon="11.39773"/>
      <trkpt lat="46.49258" lon="11.3982"/>
      <trkpt lat="46.49259" lon="11.39867"/>
      <trkpt lat="46.49255" lon="11.39896"/>
      <trkpt lat="46.49256" lon="11.39927"/>
      <trkpt lat="46.4926" lon="11.39952"/>
      <trkpt lat="46.49269" lon="11.39988"/>
      <trkpt lat="46.49283" lon="11.4012"/>
      <trkpt lat="46.49297" lon="11.40201"/>
      <trkpt lat="46.49309" lon="11.40256"/>
      <trkpt lat="46.4931" lon="11.40268"/>
      <trkpt lat="46.49308" lon="11.40276"/>
      <trkpt lat="46.49299" lon="11.40303"/>
      <trkpt lat="46.49312" lon="11.40386"/>
      <trkpt lat="46.4934" lon="11.4058"/>
      <trkpt lat="46.49346" lon="11.40634"/>
      <trkpt lat="46.49348" lon="11.40691"/>
      <trkpt lat="46.49348" lon="11.40738"/>
      <trkpt lat="46.49342" lon="11.40844"/>
      <trkpt lat="46.49333" lon="11.40927"/>
      <trkpt lat="46.49303" lon="11.41155"/>
      <trkpt lat="46.49296" lon="11.41205"/>
      <trkpt lat="46.49288" lon="11.41249"/>
      <trkpt lat="46.4928" lon="11.4128"/>
      <trkpt lat="46.4927" lon="11.41308"/>
      <trkpt lat="46.49252" lon="11.41353"/>
      <trkpt lat="46.49168" lon="11.41526"/>
      <trkpt lat="46.49142" lon="11.41579"/>
      <trkpt lat="46.49088" lon="11.41675"/>
      <trkpt lat="46.49084" lon="11.41682"/>
      <trkpt lat="46.49071" lon="11.41705"/>
      <trkpt lat="46.48991" lon="11.41846"/>
      <trkpt lat="46.48957" lon="11.41913"/>
      <trkpt lat="46.48932" lon="11.41966"/>
      <trkpt lat="46.48924" lon="11.42005"/>
      <trkpt lat="46.4891" lon="11.4204"/>
      <trkpt lat="46.48899" lon="11.42056"/>
      <trkpt lat="46.48893" lon="11.42072"/>
      <trkpt lat="46.48873" lon="11.42152"/>
      <trkpt lat="46.48863" lon="11.42206"/>
      <trkpt lat="46.48855" lon="11.42261"/>
      <trkpt lat="46.48852" lon="11.42304"/>
      <trkpt lat="46.48851" lon="11.42364"/>
      <trkpt lat="46.48853" lon="11.4241"/>
      <trkpt lat="46.48858" lon="11.42453"/>
      <trkpt lat="46.48869" lon="11.42514"/>
      <trkpt lat="46.48878" lon="11.42559"/>
      <trkpt lat="46.48902" lon="11.42642"/>
      <trkpt lat="46.48914" lon="11.42681"/>
      <trkpt lat="46.48946" lon="11.42767"/>
      <trkpt lat="46.48988" lon="11.42858"/>
      <trkpt lat="46.49015" lon="11.4291"/>
      <trkpt lat="46.49045" lon="11.42956"/>
      <trkpt lat="46.49083" lon="11.43012"/>
      <trkpt lat="46.49112" lon="11.43047"/>
      <trkpt lat="46.49122" lon="11.43058"/>
      <trkpt lat="46.49153" lon="11.43119"/>
      <trkpt lat="46.49191" lon="11.43231"/>
      <trkpt lat="46.4922" lon="11.43352"/>
      <trkpt lat="46.49227" lon="11.4347"/>
      <trkpt lat="46.49219" lon="11.43551"/>
      <trkpt lat="46.49209" lon="11.43571"/>
      <trkpt lat="46.49204" lon="11.43601"/>
      <trkpt lat="46.49198" lon="11.43659"/>
      <trkpt lat="46.49189" lon="11.43681"/>
      <trkpt lat="46.49182" lon="11.43704"/>
      <trkpt lat="46.49174" lon="11.43746"/>
      <trkpt lat="46.49171" lon="11.4379"/>
      <trkpt lat="46.49176" lon="11.4384"/>
      <trkpt lat="46.4918" lon="11.4387"/>
      <trkpt lat="46.49194" lon="11.43896"/>
      <trkpt lat="46.49206" lon="11.43912"/>
      <trkpt lat="46.49218" lon="11.43924"/>
      <trkpt lat="46.49295" lon="11.43992"/>
      <trkpt lat="46.49439" lon="11.44131"/>
      <trkpt lat="46.49477" lon="11.44173"/>
      <trkpt lat="46.49494" lon="11.44195"/>
      <trkpt lat="46.49515" lon="11.4423"/>
      <trkpt lat="46.49543" lon="11.44285"/>
      <trkpt lat="46.49551" lon="11.44313"/>
      <trkpt lat="46.49555" lon="11.44335"/>
      <trkpt lat="46.4956" lon="11.44389"/>
      <trkpt lat="46.49559" lon="11.444"/>
      <trkpt lat="46.49555" lon="11.4442"/>
      <trkpt lat="46.49556" lon="11.44434"/>
      <trkpt lat="46.49581" lon="11.44566"/>
      <trkpt lat="46.49579" lon="11.44579"/>
      <trkpt lat="46.49583" lon="11.44641"/>
      <trkpt lat="46.49563" lon="11.44652"/>
      <trkpt lat="46.4957" lon="11.44657"/>
      <trkpt lat="46.4958" lon="11.44654"/>
      <trkpt lat="46.49584" lon="11.44655"/>
      <trkpt lat="46.49586" lon="11.44658"/>
      <trkpt lat="46.496" lon="11.44725"/>
      <trkpt lat="46.49626" lon="11.44817"/>
      <trkpt lat="46.49631" lon="11.44845"/>
      <trkpt lat="46.49629" lon="11.44853"/>
      <trkpt lat="46.49626" lon="11.44861"/>
      <trkpt lat="46.49627" lon="11.44869"/>
      <trkpt lat="46.49639" lon="11.44872"/>
      <trkpt lat="46.49649" lon="11.44877"/>
      <trkpt lat="46.49668" lon="11.44892"/>
      <trkpt lat="46.49694" lon="11.44943"/>
      <trkpt lat="46.49717" lon="11.44979"/>
      <trkpt lat="46.49757" lon="11.45036"/>
      <trkpt lat="46.4978" lon="11.45061"/>
      <trkpt lat="46.49811" lon="11.4509"/>
      <trkpt lat="46.4983" lon="11.45104"/>
      <trkpt lat="46.49894" lon="11.45142"/>
      <trkpt lat="46.49913" lon="11.45156"/>
      <trkpt lat="46.49919" lon="11.4516"/>
      <trkpt lat="46.49953" lon="11.45183"/>
      <trkpt lat="46.49966" lon="11.45196"/>
      <trkpt lat="46.49995" lon="11.45229"/>
      <trkpt lat="46.50007" lon="11.45245"/>
      <trkpt lat="46.50028" lon="11.45282"/>
      <trkpt lat="46.50039" lon="11.45305"/>
      <trkpt lat="46.50056" lon="11.45348"/>
      <trkpt lat="46.50063" lon="11.45369"/>
      <trkpt lat="46.50068" lon="11.45392"/>
      <trkpt lat="46.50077" lon="11.45458"/>
      <trkpt lat="46.50091" lon="11.45647"/>
      <trkpt lat="46.50095" lon="11.45681"/>
      <trkpt lat="46.50103" lon="11.4572"/>
      <trkpt lat="46.50118" lon="11.45769"/>
      <trkpt lat="46.50129" lon="11.45796"/>
      <trkpt lat="46.50143" lon="11.45822"/>
      <trkpt lat="46.50157" lon="11.45845"/>
      <trkpt lat="46.50187" lon="11.45885"/>
      <trkpt lat="46.50222" lon="11.45917"/>
      <trkpt lat="46.50263" lon="11.45946"/>
      <trkpt lat="46.50268" lon="11.45949"/>
      <trkpt lat="46.50421" lon="11.46045"/>
      <trkpt lat="46.50456" lon="11.4607"/>
      <trkpt lat="46.50486" lon="11.46095"/>
      <trkpt lat="46.50498" lon="11.46106"/>
      <trkpt lat="46.50521" lon="11.46136"/>
      <trkpt lat="46.50546" lon="11.46177"/>
      <trkpt lat="46.50565" lon="11.46216"/>
      <trkpt lat="46.50618" lon="11.46344"/>
      <trkpt lat="46.50737" lon="11.46629"/>
      <trkpt lat="46.50764" lon="11.46682"/>
      <trkpt lat="46.50791" lon="11.46724"/>
      <trkpt lat="46.50856" lon="11.46799"/>
      <trkpt lat="46.50929" lon="11.46876"/>
      <trkpt lat="46.51063" lon="11.47006"/>
      <trkpt lat="46.51091" lon="11.47027"/>
      <trkpt lat="46.51134" lon="11.47067"/>
      <trkpt lat="46.51151" lon="11.47094"/>
      <trkpt lat="46.51159" lon="11.47111"/>
      <trkpt lat="46.51163" lon="11.47129"/>
      <trkpt lat="46.51165" lon="11.4716"/>
      <trkpt lat="46.51166" lon="11.47203"/>
      <trkpt lat="46.51146" lon="11.4746"/>
      <trkpt lat="46.51144" lon="11.47523"/>
      <trkpt lat="46.51146" lon="11.47557"/>
      <trkpt lat="46.51148" lon="11.47587"/>
      <trkpt lat="46.51152" lon="11.47616"/>
      <trkpt lat="46.51157" lon="11.47641"/>
      <trkpt lat="46.51163" lon="11.47664"/>
      <trkpt lat="46.51172" lon="11.47688"/>
      <trkpt lat="46.51187" lon="11.47723"/>
      <trkpt lat="46.512" lon="11.47747"/>
      <trkpt lat="46.51218" lon="11.47776"/>
      <trkpt lat="46.51238" lon="11.478"/>
      <trkpt lat="46.51242" lon="11.47804"/>
      <trkpt lat="46.51266" lon="11.47827"/>
      <trkpt lat="46.51292" lon="11.47845"/>
      <trkpt lat="46.51307" lon="11.47852"/>
      <trkpt lat="46.51352" lon="11.47867"/>
      <trkpt lat="46.51376" lon="11.47871"/>
      <trkpt lat="46.51487" lon="11.47878"/>
      <trkpt lat="46.51511" lon="11.47884"/>
      <trkpt lat="46.51538" lon="11.47894"/>
      <trkpt lat="46.51557" lon="11.47903"/>
      <trkpt lat="46.51587" lon="11.47922"/>
      <trkpt lat="46.51702" lon="11.48004"/>
      <trkpt lat="46.51738" lon="11.48033"/>
      <trkpt lat="46.51763" lon="11.48057"/>
      <trkpt lat="46.51788" lon="11.48085"/>
      <trkpt lat="46.51815" lon="11.48122"/>
      <trkpt lat="46.5184" lon="11.48159"/>
      <trkpt lat="46.51899" lon="11.48238"/>
      <trkpt lat="46.5194" lon="11.48287"/>
      <trkpt lat="46.52039" lon="11.48357"/>
      <trkpt lat="46.52056" lon="11.48372"/>
      <trkpt lat="46.52067" lon="11.48384"/>
      <trkpt lat="46.52091" lon="11.48421"/>
      <trkpt lat="46.52124" lon="11.48485"/>
      <trkpt lat="46.52205" lon="11.48678"/>
      <trkpt lat="46.52245" lon="11.48749"/>
      <trkpt lat="46.52263" lon="11.48773"/>
      <trkpt lat="46.52284" lon="11.48798"/>
      <trkpt lat="46.52449" lon="11.48942"/>
      <trkpt lat="46.52455" lon="11.48948"/>
      <trkpt lat="46.52473" lon="11.48964"/>
      <trkpt lat="46.52527" lon="11.48994"/>
      <trkpt lat="46.52571" lon="11.49006"/>
      <trkpt lat="46.52593" lon="11.49008"/>
      <trkpt lat="46.52638" lon="11.49004"/>
      <trkpt lat="46.52652" lon="11.49"/>
      <trkpt lat="46.52699" lon="11.48979"/>
      <trkpt lat="46.5275" lon="11.48956"/>
      <trkpt lat="46.52824" lon="11.48923"/>
      <trkpt lat="46.52914" lon="11.48888"/>
      <trkpt lat="46.52954" lon="11.48882"/>
      <trkpt lat="46.53062" lon="11.48886"/>
      <trkpt lat="46.53101" lon="11.48897"/>
      <trkpt lat="46.53165" lon="11.48935"/>
      <trkpt lat="46.53191" lon="11.48958"/>
      <trkpt lat="46.53215" lon="11.48985"/>
      <trkpt lat="46.53223" lon="11.48997"/>
      <trkpt lat="46.53263" lon="11.49057"/>
      <trkpt lat="46.53267" lon="11.49062"/>
      <trkpt lat="46.53332" lon="11.4916"/>
      <trkpt lat="46.53336" lon="11.49166"/>
      <trkpt lat="46.53408" lon="11.49272"/>
      <trkpt lat="46.53423" lon="11.49295"/>
      <trkpt lat="46.53455" lon="11.49344"/>
      <trkpt lat="46.53472" lon="11.49371"/>
      <trkpt lat="46.5351" lon="11.49453"/>
      <trkpt lat="46.53521" lon="11.49489"/>
      <trkpt lat="46.53533" lon="11.49517"/>
      <trkpt lat="46.5361" lon="11.49675"/>
      <trkpt lat="46.5365" lon="11.49763"/>
      <trkpt lat="46.53654" lon="11.49769"/>
      <trkpt lat="46.53669" lon="11.49782"/>
      <trkpt lat="46.53715" lon="11.49869"/>
      <trkpt lat="46.53731" lon="11.49897"/>
      <trkpt lat="46.53748" lon="11.49921"/>
      <trkpt lat="46.53764" lon="11.49936"/>
      <trkpt lat="46.53781" lon="11.49962"/>
      <trkpt lat="46.53796" lon="11.49977"/>
      <trkpt lat="46.53815" lon="11.49993"/>
      <trkpt lat="46.53856" lon="11.50023"/>
      <trkpt lat="46.53885" lon="11.50048"/>
      <trkpt lat="46.53948" lon="11.50111"/>
      <trkpt lat="46.54061" lon="11.50249"/>
      <trkpt lat="46.54109" lon="11.50315"/>
      <trkpt lat="46.54124" lon="11.50333"/>
      <trkpt lat="46.54148" lon="11.50355"/>
      <trkpt lat="46.54231" lon="11.50422"/>
      <trkpt lat="46.54251" lon="11.50441"/>
      <trkpt lat="46.54273" lon="11.50466"/>
      <trkpt lat="46.543" lon="11.505"/>
      <trkpt lat="46.54363" lon="11.50593"/>
      <trkpt lat="46.5438" lon="11.50614"/>
      <trkpt lat="46.54405" lon="11.50641"/>
      <trkpt lat="46.54502" lon="11.50731"/>
      <trkpt lat="46.54537" lon="11.50769"/>
      <trkpt lat="46.54564" lon="11.50804"/>
      <trkpt lat="46.54625" lon="11.5088"/>
      <trkpt lat="46.54656" lon="11.50914"/>
      <trkpt lat="46.547" lon="11.50957"/>
      <trkpt lat="46.5472" lon="11.5098"/>
      <trkpt lat="46.54752" lon="11.51001"/>
      <trkpt lat="46.54862" lon="11.51069"/>
      <trkpt lat="46.54894" lon="11.51093"/>
      <trkpt lat="46.54914" lon="11.51112"/>
      <trkpt lat="46.54932" lon="11.51131"/>
      <trkpt lat="46.55039" lon="11.51274"/>
      <trkpt lat="46.55062" lon="11.51301"/>
      <trkpt lat="46.55136" lon="11.51382"/>
      <trkpt lat="46.55144" lon="11.51388"/>
      <trkpt lat="46.55163" lon="11.51395"/>
      <trkpt lat="46.55207" lon="11.51404"/>
      <trkpt lat="46.55236" lon="11.51405"/>
      <trkpt lat="46.55256" lon="11.51402"/>
      <trkpt lat="46.55294" lon="11.51391"/>
      <trkpt lat="46.55348" lon="11.51364"/>
      <trkpt lat="46.55496" lon="11.51271"/>
      <trkpt lat="46.55609" lon="11.51212"/>
      <trkpt lat="46.55641" lon="11.51202"/>
      <trkpt lat="46.55679" lon="11.51195"/>
      <trkpt lat="46.55865" lon="11.51182"/>
      <trkpt lat="46.55896" lon="11.51183"/>
      <trkpt lat="46.55931" lon="11.51188"/>
      <trkpt lat="46.55977" lon="11.51204"/>
      <trkpt lat="46.5607" lon="11.51243"/>
      <trkpt lat="46.56095" lon="11.51256"/>
      <trkpt lat="46.56138" lon="11.51282"/>
      <trkpt lat="46.56404" lon="11.51481"/>
      <trkpt lat="46.56455" lon="11.51525"/>
      <trkpt lat="46.5646" lon="11.51511"/>
      <trkpt lat="46.56487" lon="11.51543"/>
      <trkpt lat="46.5651" lon="11.51576"/>
      <trkpt lat="46.56536" lon="11.51626"/>
      <trkpt lat="46.5656" lon="11.51683"/>
      <trkpt lat="46.56607" lon="11.51786"/>
      <trkpt lat="46.56638" lon="11.51844"/>
      <trkpt lat="46.5667" lon="11.5189"/>
      <trkpt lat="46.56698" lon="11.51924"/>
      <trkpt lat="46.56725" lon="11.51952"/>
      <trkpt lat="46.56764" lon="11.51983"/>
      <trkpt lat="46.5686" lon="11.52049"/>
      <trkpt lat="46.56892" lon="11.52064"/>
      <trkpt lat="46.56936" lon="11.52081"/>
      <trkpt lat="46.56968" lon="11.5209"/>
      <trkpt lat="46.57107" lon="11.52127"/>
      <trkpt lat="46.57238" lon="11.52151"/>
      <trkpt lat="46.57288" lon="11.52159"/>
      <trkpt lat="46.57305" lon="11.5216"/>
      <trkpt lat="46.57361" lon="11.52157"/>
      <trkpt lat="46.57376" lon="11.52157"/>
      <trkpt lat="46.5739" lon="11.52161"/>
      <trkpt lat="46.5748" lon="11.52198"/>
      <trkpt lat="46.57527" lon="11.5221"/>
      <trkpt lat="46.57557" lon="11.52215"/>
      <trkpt lat="46.57589" lon="11.52217"/>
      <trkpt lat="46.5763" lon="11.52216"/>
      <trkpt lat="46.5767" lon="11.52208"/>
      <trkpt lat="46.57701" lon="11.52206"/>
      <trkpt lat="46.57796" lon="11.52206"/>
      <trkpt lat="46.57829" lon="11.52214"/>
      <trkpt lat="46.57865" lon="11.52226"/>
      <trkpt lat="46.57926" lon="11.52259"/>
      <trkpt lat="46.57961" lon="11.52268"/>
      <trkpt lat="46.57972" lon="11.5227"/>
      <trkpt lat="46.57979" lon="11.5227"/>
      <trkpt lat="46.58019" lon="11.52267"/>
      <trkpt lat="46.58099" lon="11.52252"/>
      <trkpt lat="46.5824" lon="11.52244"/>
      <trkpt lat="46.58264" lon="11.52245"/>
      <trkpt lat="46.58298" lon="11.52249"/>
      <trkpt lat="46.58322" lon="11.52249"/>
      <trkpt lat="46.58381" lon="11.52241"/>
      <trkpt lat="46.58417" lon="11.52242"/>
      <trkpt lat="46.58438" lon="11.52248"/>
      <trkpt lat="46.5855" lon="11.5229"/>
      <trkpt lat="46.58575" lon="11.52302"/>
      <trkpt lat="46.58679" lon="11.52368"/>
      <trkpt lat="46.58699" lon="11.52378"/>
      <trkpt lat="46.58713" lon="11.52383"/>
      <trkpt lat="46.58743" lon="11.52391"/>
      <trkpt lat="46.58793" lon="11.524"/>
      <trkpt lat="46.58844" lon="11.52408"/>
      <trkpt lat="46.58872" lon="11.52416"/>
      <trkpt lat="46.58907" lon="11.52433"/>
      <trkpt lat="46.58944" lon="11.52456"/>
      <trkpt lat="46.58942" lon="11.52463"/>
      <trkpt lat="46.58962" lon="11.52475"/>
      <trkpt lat="46.58969" lon="11.52483"/>
      <trkpt lat="46.58987" lon="11.52496"/>
      <trkpt lat="46.5899" lon="11.52488"/>
      <trkpt lat="46.59045" lon="11.52536"/>
      <trkpt lat="46.59061" lon="11.52549"/>
      <trkpt lat="46.59064" lon="11.52552"/>
      <trkpt lat="46.59083" lon="11.52567"/>
      <trkpt lat="46.59091" lon="11.52575"/>
      <trkpt lat="46.59124" lon="11.52602"/>
      <trkpt lat="46.59136" lon="11.52609"/>
      <trkpt lat="46.59149" lon="11.52612"/>
      <trkpt lat="46.59152" lon="11.52619"/>
      <trkpt lat="46.59185" lon="11.52627"/>
      <trkpt lat="46.59213" lon="11.52627"/>
      <trkpt lat="46.59275" lon="11.52638"/>
      <trkpt lat="46.59288" lon="11.52646"/>
      <trkpt lat="46.59313" lon="11.52672"/>
      <trkpt lat="46.59348" lon="11.52716"/>
      <trkpt lat="46.59448" lon="11.5282"/>
      <trkpt lat="46.59476" lon="11.52847"/>
      <trkpt lat="46.59511" lon="11.52873"/>
      <trkpt lat="46.59532" lon="11.52885"/>
      <trkpt lat="46.59548" lon="11.5289"/>
      <trkpt lat="46.59557" lon="11.52901"/>
      <trkpt lat="46.59573" lon="11.52904"/>
      <trkpt lat="46.59613" lon="11.5289"/>
      <trkpt lat="46.59612" lon="11.52882"/>
      <trkpt lat="46.59644" lon="11.52879"/>
      <trkpt lat="46.59668" lon="11.52876"/>
      <trkpt lat="46.59703" lon="11.52874"/>
      <trkpt lat="46.59737" lon="11.52875"/>
      <trkpt lat="46.59774" lon="11.52878"/>
      <trkpt lat="46.59791" lon="11.52883"/>
      <trkpt lat="46.59823" lon="11.52898"/>
      <trkpt lat="46.59835" lon="11.52908"/>
      <trkpt lat="46.59851" lon="11.52926"/>
      <trkpt lat="46.5986" lon="11.52938"/>
      <trkpt lat="46.59868" lon="11.52949"/>
      <trkpt lat="46.59896" lon="11.52987"/>
      <trkpt lat="46.59959" lon="11.53072"/>
      <trkpt lat="46.5997" lon="11.53083"/>
      <trkpt lat="46.60011" lon="11.53112"/>
      <trkpt lat="46.60041" lon="11.53129"/>
      <trkpt lat="46.6024" lon="11.53213"/>
      <trkpt lat="46.60269" lon="11.5322"/>
      <trkpt lat="46.60288" lon="11.5322"/>
      <trkpt lat="46.60319" lon="11.53216"/>
      <trkpt lat="46.60347" lon="11.53216"/>
      <trkpt lat="46.60361" lon="11.53218"/>
      <trkpt lat="46.60425" lon="11.53242"/>
      <trkpt lat="46.60528" lon="11.53278"/>
      <trkpt lat="46.60555" lon="11.53287"/>
      <trkpt lat="46.60599" lon="11.53302"/>
      <trkpt lat="46.60669" lon="11.53328"/>
      <trkpt lat="46.60691" lon="11.53332"/>
      <trkpt lat="46.60709" lon="11.53331"/>
      <trkpt lat="46.60775" lon="11.5331"/>
      <trkpt lat="46.60807" lon="11.53305"/>
      <trkpt lat="46.60842" lon="11.53302"/>
      <trkpt lat="46.60933" lon="11.53295"/>
      <trkpt lat="46.61011" lon="11.53298"/>
      <trkpt lat="46.61043" lon="11.53301"/>
      <trkpt lat="46.61087" lon="11.5331"/>
      <trkpt lat="46.61112" lon="11.53322"/>
      <trkpt lat="46.6115" lon="11.53348"/>
      <trkpt lat="46.61163" lon="11.53353"/>
      <trkpt lat="46.61219" lon="11.53365"/>
      <trkpt lat="46.61236" lon="11.53374"/>
      <trkpt lat="46.61255" lon="11.53388"/>
      <trkpt lat="46.61287" lon="11.53421"/>
      <trkpt lat="46.61367" lon="11.53546"/>
      <trkpt lat="46.61415" lon="11.53623"/>
      <trkpt lat="46.61435" lon="11.53646"/>
      <trkpt lat="46.61446" lon="11.53657"/>
      <trkpt lat="46.61476" lon="11.53687"/>
      <trkpt lat="46.6149" lon="11.53701"/>
      <trkpt lat="46.61515" lon="11.53724"/>
      <trkpt lat="46.61524" lon="11.53731"/>
      <trkpt lat="46.61542" lon="11.5374"/>
      <trkpt lat="46.6157" lon="11.5375"/>
      <trkpt lat="46.61603" lon="11.53759"/>
      <trkpt lat="46.61636" lon="11.53768"/>
      <trkpt lat="46.6174" lon="11.53798"/>
      <trkpt lat="46.61762" lon="11.53808"/>
      <trkpt lat="46.61781" lon="11.53821"/>
      <trkpt lat="46.61838" lon="11.53877"/>
      <trkpt lat="46.6186" lon="11.53901"/>
      <trkpt lat="46.61887" lon="11.53934"/>
      <trkpt lat="46.61906" lon="11.53952"/>
      <trkpt lat="46.61916" lon="11.53959"/>
      <trkpt lat="46.61938" lon="11.53968"/>
      <trkpt lat="46.61986" lon="11.53972"/>
      <trkpt lat="46.62002" lon="11.53979"/>
      <trkpt lat="46.62052" lon="11.54023"/>
      <trkpt lat="46.62074" lon="11.54043"/>
      <trkpt lat="46.62085" lon="11.54058"/>
      <trkpt lat="46.621" lon="11.54086"/>
      <trkpt lat="46.62111" lon="11.54114"/>
      <trkpt lat="46.62118" lon="11.54145"/>
      <trkpt lat="46.62128" lon="11.542"/>
      <trkpt lat="46.62143" lon="11.54242"/>
      <trkpt lat="46.62168" lon="11.54283"/>
      <trkpt lat="46.62179" lon="11.54298"/>
      <trkpt lat="46.62189" lon="11.54313"/>
      <trkpt lat="46.62197" lon="11.54324"/>
      <trkpt lat="46.62208" lon="11.54336"/>
      <trkpt lat="46.62229" lon="11.54354"/>
      <trkpt lat="46.62251" lon="11.54364"/>
      <trkpt lat="46.62279" lon="11.54375"/>
      <trkpt lat="46.623" lon="11.54385"/>
      <trkpt lat="46.62325" lon="11.54401"/>
      <trkpt lat="46.6234" lon="11.54413"/>
      <trkpt lat="46.62429" lon="11.54509"/>
      <trkpt lat="46.62453" lon="11.54539"/>
      <trkpt lat="46.62481" lon="11.54585"/>
      <trkpt lat="46.62501" lon="11.54621"/>
      <trkpt lat="46.62551" lon="11.54732"/>
      <trkpt lat="46.6256" lon="11.54747"/>
      <trkpt lat="46.62578" lon="11.54769"/>
      <trkpt lat="46.62625" lon="11.54806"/>
      <trkpt lat="46.62715" lon="11.54873"/>
      <trkpt lat="46.62742" lon="11.54888"/>
      <trkpt lat="46.6277" lon="11.54893"/>
      <trkpt lat="46.62783" lon="11.54894"/>
      <trkpt lat="46.62817" lon="11.54888"/>
      <trkpt lat="46.6283" lon="11.5489"/>
      <trkpt lat="46.62852" lon="11.54898"/>
      <trkpt lat="46.62868" lon="11.54909"/>
      <trkpt lat="46.62879" lon="11.54921"/>
      <trkpt lat="46.62891" lon="11.54937"/>
      <trkpt lat="46.62928" lon="11.54996"/>
      <trkpt lat="46.62946" lon="11.55015"/>
      <trkpt lat="46.6297" lon="11.55029"/>
      <trkpt lat="46.63025" lon="11.55036"/>
      <trkpt lat="46.63038" lon="11.55041"/>
      <trkpt lat="46.63052" lon="11.55048"/>
      <trkpt lat="46.63078" lon="11.55069"/>
      <trkpt lat="46.63081" lon="11.55072"/>
      <trkpt lat="46.63095" lon="11.55083"/>
      <trkpt lat="46.6323" lon="11.55196"/>
      <trkpt lat="46.63279" lon="11.55235"/>
      <trkpt lat="46.63391" lon="11.55328"/>
      <trkpt lat="46.6341" lon="11.55348"/>
      <trkpt lat="46.63421" lon="11.55364"/>
      <trkpt lat="46.63416" lon="11.5537"/>
      <trkpt lat="46.63479" lon="11.55467"/>
      <trkpt lat="46.63497" lon="11.55491"/>
      <trkpt lat="46.63502" lon="11.55501"/>
      <trkpt lat="46.63516" lon="11.55546"/>
      <trkpt lat="46.63589" lon="11.5575"/>
      <trkpt lat="46.6359" lon="11.55762"/>
      <trkpt lat="46.63599" lon="11.55775"/>
      <trkpt lat="46.63621" lon="11.55872"/>
      <trkpt lat="46.63623" lon="11.55877"/>
      <trkpt lat="46.63627" lon="11.5588"/>
      <trkpt lat="46.63631" lon="11.55877"/>
      <trkpt lat="46.63635" lon="11.5589"/>
      <trkpt lat="46.63652" lon="11.55927"/>
      <trkpt lat="46.63671" lon="11.55959"/>
      <trkpt lat="46.63701" lon="11.55998"/>
      <trkpt lat="46.63713" lon="11.56014"/>
      <trkpt lat="46.63737" lon="11.56046"/>
      <trkpt lat="46.63757" lon="11.56071"/>
      <trkpt lat="46.63762" lon="11.56077"/>
      <trkpt lat="46.63793" lon="11.56117"/>
      <trkpt lat="46.6381" lon="11.5614"/>
      <trkpt lat="46.63815" lon="11.56146"/>
      <trkpt lat="46.63836" lon="11.5617"/>
      <trkpt lat="46.6386" lon="11.56191"/>
      <trkpt lat="46.63885" lon="11.56207"/>
      <trkpt lat="46.63912" lon="11.56219"/>
      <trkpt lat="46.63962" lon="11.56242"/>
      <trkpt lat="46.63983" lon="11.56256"/>
      <trkpt lat="46.63995" lon="11.56267"/>
      <trkpt lat="46.64003" lon="11.56279"/>
      <trkpt lat="46.64012" lon="11.56295"/>
      <trkpt lat="46.64022" lon="11.56332"/>
      <trkpt lat="46.64048" lon="11.56443"/>
      <trkpt lat="46.6405" lon="11.5645"/>
      <trkpt lat="46.64054" lon="11.56467"/>
      <trkpt lat="46.64086" lon="11.56608"/>
      <trkpt lat="46.64091" lon="11.56623"/>
      <trkpt lat="46.64103" lon="11.56646"/>
      <trkpt lat="46.64113" lon="11.56661"/>
      <trkpt lat="46.64128" lon="11.56684"/>
      <trkpt lat="46.64142" lon="11.56705"/>
      <trkpt lat="46.64154" lon="11.56725"/>
      <trkpt lat="46.64195" lon="11.56809"/>
      <trkpt lat="46.64211" lon="11.56834"/>
      <trkpt lat="46.64232" lon="11.5686"/>
      <trkpt lat="46.6431" lon="11.5695"/>
      <trkpt lat="46.64327" lon="11.56972"/>
      <trkpt lat="46.64386" lon="11.57061"/>
      <trkpt lat="46.64398" lon="11.57074"/>
      <trkpt lat="46.6442" lon="11.57086"/>
      <trkpt lat="46.64433" lon="11.57094"/>
      <trkpt lat="46.64447" lon="11.57106"/>
      <trkpt lat="46.6447" lon="11.57133"/>
      <trkpt lat="46.64477" lon="11.57143"/>
      <trkpt lat="46.64489" lon="11.57168"/>
      <trkpt lat="46.64496" lon="11.57163"/>
      <trkpt lat="46.64504" lon="11.57165"/>
      <trkpt lat="46.645" lon="11.57173"/>
      <trkpt lat="46.64506" lon="11.57205"/>
      <trkpt lat="46.64495" lon="11.5721"/>
      <trkpt lat="46.64499" lon="11.57235"/>
      <trkpt lat="46.64515" lon="11.57387"/>
      <trkpt lat="46.64529" lon="11.57504"/>
      <trkpt lat="46.64534" lon="11.57526"/>
      <trkpt lat="46.64547" lon="11.57561"/>
      <trkpt lat="46.64549" lon="11.57575"/>
      <trkpt lat="46.64556" lon="11.57591"/>
      <trkpt lat="46.64557" lon="11.57605"/>
      <trkpt lat="46.64581" lon="11.57666"/>
      <trkpt lat="46.64586" lon="11.57681"/>
      <trkpt lat="46.64594" lon="11.5771"/>
      <trkpt lat="46.64594" lon="11.57789"/>
      <trkpt lat="46.64582" lon="11.57798"/>
      <trkpt lat="46.64456" lon="11.57789"/>
      <trkpt lat="46.64455" lon="11.57794"/>
      <trkpt lat="46.6446" lon="11.57817"/>
      <trkpt lat="46.6447" lon="11.57851"/>
      <trkpt lat="46.64477" lon="11.57882"/>
      <trkpt lat="46.64497" lon="11.57998"/>
      <trkpt lat="46.64503" lon="11.58042"/>
      <trkpt lat="46.64502" lon="11.58084"/>
      <trkpt lat="46.64503" lon="11.581"/>
      <trkpt lat="46.64531" lon="11.58191"/>
      <trkpt lat="46.6456" lon="11.58264"/>
      <trkpt lat="46.64577" lon="11.58297"/>
      <trkpt lat="46.64588" lon="11.58312"/>
      <trkpt lat="46.646" lon="11.58322"/>
      <trkpt lat="46.64656" lon="11.58357"/>
      <trkpt lat="46.647" lon="11.58395"/>
      <trkpt lat="46.6483" lon="11.58478"/>
      <trkpt lat="46.64849" lon="11.58492"/>
      <trkpt lat="46.64872" lon="11.58512"/>
      <trkpt lat="46.649" lon="11.58534"/>
      <trkpt lat="46.64953" lon="11.58595"/>
      <trkpt lat="46.65004" lon="11.58643"/>
      <trkpt lat="46.65013" lon="11.58657"/>
      <trkpt lat="46.65049" lon="11.58676"/>
      <trkpt lat="46.65064" lon="11.58687"/>
      <trkpt lat="46.65072" lon="11.58698"/>
      <trkpt lat="46.65104" lon="11.58744"/>
      <trkpt lat="46.65136" lon="11.58799"/>
      <trkpt lat="46.65166" lon="11.58841"/>
      <trkpt lat="46.65191" lon="11.58883"/>
      <trkpt lat="46.6527" lon="11.59008"/>
      <trkpt lat="46.65282" lon="11.59022"/>
      <trkpt lat="46.65477" lon="11.59159"/>
      <trkpt lat="46.65482" lon="11.59163"/>
      <trkpt lat="46.65563" lon="11.59221"/>
      <trkpt lat="46.65577" lon="11.59237"/>
      <trkpt lat="46.65591" lon="11.59262"/>
      <trkpt lat="46.65611" lon="11.59325"/>
      <trkpt lat="46.65619" lon="11.59354"/>
      <trkpt lat="46.65634" lon="11.59499"/>
      <trkpt lat="46.65634" lon="11.59525"/>
      <trkpt lat="46.65631" lon="11.59593"/>
      <trkpt lat="46.6563" lon="11.59638"/>
      <trkpt lat="46.6563" lon="11.59646"/>
      <trkpt lat="46.65633" lon="11.59659"/>
      <trkpt lat="46.65641" lon="11.59677"/>
      <trkpt lat="46.6565" lon="11.59705"/>
      <trkpt lat="46.65681" lon="11.59748"/>
      <trkpt lat="46.65689" lon="11.59764"/>
      <trkpt lat="46.65693" lon="11.59775"/>
      <trkpt lat="46.657" lon="11.59805"/>
      <trkpt lat="46.65702" lon="11.59838"/>
      <trkpt lat="46.65701" lon="11.59853"/>
      <trkpt lat="46.65704" lon="11.59866"/>
      <trkpt lat="46.65712" lon="11.59959"/>
      <trkpt lat="46.65703" lon="11.60139"/>
      <trkpt lat="46.657" lon="11.60184"/>
      <trkpt lat="46.65699" lon="11.60233"/>
      <trkpt lat="46.65704" lon="11.60261"/>
      <trkpt lat="46.65703" lon="11.60304"/>
      <trkpt lat="46.65705" lon="11.60334"/>
      <trkpt lat="46.6571" lon="11.60365"/>
      <trkpt lat="46.65748" lon="11.60501"/>
      <trkpt lat="46.65766" lon="11.60552"/>
      <trkpt lat="46.65779" lon="11.60595"/>
      <trkpt lat="46.65797" lon="11.60615"/>
      <trkpt lat="46.65826" lon="11.60657"/>
      <trkpt lat="46.65847" lon="11.6067"/>
      <trkpt lat="46.65857" lon="11.60672"/>
      <trkpt lat="46.65871" lon="11.60685"/>
      <trkpt lat="46.65885" lon="11.60692"/>
      <trkpt lat="46.65922" lon="11.60718"/>
      <trkpt lat="46.65983" lon="11.6078"/>
      <trkpt lat="46.65988" lon="11.60783"/>
      <trkpt lat="46.66042" lon="11.60791"/>
      <trkpt lat="46.66061" lon="11.60791"/>
      <trkpt lat="46.66126" lon="11.60809"/>
      <trkpt lat="46.66153" lon="11.60823"/>
      <trkpt lat="46.66172" lon="11.6083"/>
      <trkpt lat="46.66222" lon="11.60837"/>
      <trkpt lat="46.66259" lon="11.60827"/>
      <trkpt lat="46.6627" lon="11.6083"/>
      <trkpt lat="46.66282" lon="11.60838"/>
      <trkpt lat="46.66288" lon="11.60843"/>
      <trkpt lat="46.66302" lon="11.60864"/>
      <trkpt lat="46.6633" lon="11.60887"/>
      <trkpt lat="46.66365" lon="11.60924"/>
      <trkpt lat="46.66422" lon="11.60995"/>
      <trkpt lat="46.66435" lon="11.61018"/>
      <trkpt lat="46.66452" lon="11.61053"/>
      <trkpt lat="46.66463" lon="11.61097"/>
      <trkpt lat="46.66467" lon="11.61128"/>
      <trkpt lat="46.66468" lon="11.61165"/>
      <trkpt lat="46.6647" lon="11.61183"/>
      <trkpt lat="46.66476" lon="11.61202"/>
      <trkpt lat="46.66493" lon="11.61238"/>
      <trkpt lat="46.66502" lon="11.61265"/>
      <trkpt lat="46.66521" lon="11.61326"/>
      <trkpt lat="46.66534" lon="11.61384"/>
      <trkpt lat="46.66545" lon="11.61413"/>
      <trkpt lat="46.66582" lon="11.61482"/>
      <trkpt lat="46.66623" lon="11.61537"/>
      <trkpt lat="46.66655" lon="11.61574"/>
      <trkpt lat="46.66771" lon="11.61667"/>
      <trkpt lat="46.669" lon="11.61745"/>
      <trkpt lat="46.66918" lon="11.61761"/>
      <trkpt lat="46.66926" lon="11.61768"/>
      <trkpt lat="46.66944" lon="11.61782"/>
      <trkpt lat="46.66958" lon="11.61798"/>
      <trkpt lat="46.66983" lon="11.61827"/>
      <trkpt lat="46.67052" lon="11.61867"/>
      <trkpt lat="46.67089" lon="11.6191"/>
      <trkpt lat="46.67097" lon="11.61917"/>
      <trkpt lat="46.67121" lon="11.61924"/>
      <trkpt lat="46.67145" lon="11.61938"/>
      <trkpt lat="46.6719" lon="11.61993"/>
      <trkpt lat="46.67366" lon="11.62088"/>
      <trkpt lat="46.67614" lon="11.62176"/>
      <trkpt lat="46.67793" lon="11.62231"/>
      <trkpt lat="46.67902" lon="11.62245"/>
      <trkpt lat="46.67909" lon="11.62246"/>
      <trkpt lat="46.68014" lon="11.62288"/>
      <trkpt lat="46.68041" lon="11.62306"/>
      <trkpt lat="46.68156" lon="11.62394"/>
      <trkpt lat="46.682" lon="11.62433"/>
      <trkpt lat="46.68216" lon="11.62451"/>
      <trkpt lat="46.68246" lon="11.62493"/>
      <trkpt lat="46.68291" lon="11.62565"/>
      <trkpt lat="46.68301" lon="11.62577"/>
      <trkpt lat="46.68309" lon="11.62582"/>
      <trkpt lat="46.68312" lon="11.62597"/>
      <trkpt lat="46.68316" lon="11.62608"/>
      <trkpt lat="46.68356" lon="11.62681"/>
      <trkpt lat="46.68363" lon="11.62698"/>
      <trkpt lat="46.68381" lon="11.62751"/>
      <trkpt lat="46.68398" lon="11.62804"/>
      <trkpt lat="46.68405" lon="11.62832"/>
      <trkpt lat="46.68417" lon="11.62901"/>
      <trkpt lat="46.68418" lon="11.62918"/>
      <trkpt lat="46.68417" lon="11.62943"/>
      <trkpt lat="46.68414" lon="11.62966"/>
      <trkpt lat="46.68411" lon="11.6298"/>
      <trkpt lat="46.68391" lon="11.63021"/>
      <trkpt lat="46.68375" lon="11.63042"/>
      <trkpt lat="46.68369" lon="11.63052"/>
      <trkpt lat="46.68335" lon="11.63143"/>
      <trkpt lat="46.68322" lon="11.63183"/>
      <trkpt lat="46.68312" lon="11.63232"/>
      <trkpt lat="46.68306" lon="11.63338"/>
      <trkpt lat="46.68311" lon="11.63409"/>
      <trkpt lat="46.68316" lon="11.63444"/>
      <trkpt lat="46.68323" lon="11.63467"/>
      <trkpt lat="46.6834" lon="11.63515"/>
      <trkpt lat="46.68384" lon="11.63591"/>
      <trkpt lat="46.68399" lon="11.6361"/>
      <trkpt lat="46.68411" lon="11.63621"/>
      <trkpt lat="46.68456" lon="11.6369"/>
      <trkpt lat="46.68636" lon="11.63958"/>
      <trkpt lat="46.68675" lon="11.64023"/>
      <trkpt lat="46.68706" lon="11.64082"/>
      <trkpt lat="46.68747" lon="11.64164"/>
      <trkpt lat="46.68764" lon="11.64196"/>
      <trkpt lat="46.68785" lon="11.64228"/>
      <trkpt lat="46.6881" lon="11.64257"/>
      <trkpt lat="46.68831" lon="11.64276"/>
      <trkpt lat="46.6885" lon="11.64288"/>
      <trkpt lat="46.68865" lon="11.64294"/>
      <trkpt lat="46.68926" lon="11.643"/>
      <trkpt lat="46.68986" lon="11.64302"/>
      <trkpt lat="46.69024" lon="11.64307"/>
      <trkpt lat="46.69057" lon="11.64316"/>
      <trkpt lat="46.69202" lon="11.64367"/>
      <trkpt lat="46.6935" lon="11.6442"/>
      <trkpt lat="46.69376" lon="11.64433"/>
      <trkpt lat="46.69411" lon="11.64453"/>
      <trkpt lat="46.69419" lon="11.64459"/>
      <trkpt lat="46.69452" lon="11.64484"/>
      <trkpt lat="46.6955" lon="11.64572"/>
      <trkpt lat="46.69837" lon="11.64806"/>
      <trkpt lat="46.69994" lon="11.64933"/>
      <trkpt lat="46.70173" lon="11.65079"/>
      <trkpt lat="46.70183" lon="11.65079"/>
      <trkpt lat="46.70339" lon="11.65207"/>
      <trkpt lat="46.70367" lon="11.65232"/>
      <trkpt lat="46.70373" lon="11.65244"/>
      <trkpt lat="46.70394" lon="11.65265"/>
      <trkpt lat="46.70407" lon="11.65272"/>
      <trkpt lat="46.70459" lon="11.65332"/>
      <trkpt lat="46.70567" lon="11.65066"/>
      <trkpt lat="46.70577" lon="11.65057"/>
      <trkpt lat="46.70588" lon="11.65055"/>
      <trkpt lat="46.70593" lon="11.65052"/>
      <trkpt lat="46.70616" lon="11.65039"/>
      <trkpt lat="46.70638" lon="11.65028"/>
      <trkpt lat="46.70658" lon="11.65028"/>
      <trkpt lat="46.70664" lon="11.65025"/>
      <trkpt lat="46.7067" lon="11.6502"/>
      <trkpt lat="46.70676" lon="11.65014"/>
      <trkpt lat="46.70681" lon="11.65019"/>
      <trkpt lat="46.70684" lon="11.6502"/>
      <trkpt lat="46.70689" lon="11.65017"/>
      <trkpt lat="46.70699" lon="11.6502"/>
      <trkpt lat="46.7071" lon="11.65026"/>
      <trkpt lat="46.70729" lon="11.65047"/>
      <trkpt lat="46.70743" lon="11.65064"/>
      <trkpt lat="46.70779" lon="11.65104"/>
      <trkpt lat="46.70801" lon="11.65124"/>
      <trkpt lat="46.70827" lon="11.65142"/>
      <trkpt lat="46.70848" lon="11.65153"/>
      <trkpt lat="46.7087" lon="11.65162"/>
      <trkpt lat="46.70894" lon="11.65169"/>
      <trkpt lat="46.70921" lon="11.65173"/>
      <trkpt lat="46.70926" lon="11.65174"/>
      <trkpt lat="46.70948" lon="11.65178"/>
      <trkpt lat="46.7096" lon="11.6518"/>
      <trkpt lat="46.70988" lon="11.65185"/>
      <trkpt lat="46.71018" lon="11.652"/>
      <trkpt lat="46.71032" lon="11.65207"/>
      <trkpt lat="46.71034" lon="11.65211"/>
      <trkpt lat="46.7104" lon="11.65214"/>
      <trkpt lat="46.71046" lon="11.65212"/>
      <trkpt lat="46.71049" lon="11.65208"/>
      <trkpt lat="46.71061" lon="11.65201"/>
      <trkpt lat="46.7107" lon="11.65201"/>
      <trkpt lat="46.71171" lon="11.65217"/>
      <trkpt lat="46.71188" lon="11.6522"/>
      <trkpt lat="46.71301" lon="11.65238"/>
      <trkpt lat="46.71302" lon="11.65234"/>
      <trkpt lat="46.71304" lon="11.65234"/>
      <trkpt lat="46.71309" lon="11.6524"/>
      <trkpt lat="46.71319" lon="11.65245"/>
      <trkpt lat="46.71321" lon="11.6525"/>
      <trkpt lat="46.7133" lon="11.65257"/>
      <trkpt lat="46.7135" lon="11.65259"/>
      <trkpt lat="46.71361" lon="11.65255"/>
      <trkpt lat="46.71363" lon="11.65252"/>
      <trkpt lat="46.71377" lon="11.65249"/>
      <trkpt lat="46.71389" lon="11.65247"/>
      <trkpt lat="46.71464" lon="11.65249"/>
      <trkpt lat="46.71476" lon="11.65249"/>
      <trkpt lat="46.71559" lon="11.6525"/>
      <trkpt lat="46.7157" lon="11.65247"/>
      <trkpt lat="46.71605" lon="11.6523"/>
      <trkpt lat="46.71635" lon="11.65211"/>
      <trkpt lat="46.71647" lon="11.65209"/>
      <trkpt lat="46.71652" lon="11.65211"/>
      <trkpt lat="46.71663" lon="11.65231"/>
      <trkpt lat="46.71676" lon="11.65341"/>
      <trkpt lat="46.71683" lon="11.654"/>
      <trkpt lat="46.71686" lon="11.65422"/>
      <trkpt lat="46.71686" lon="11.65426"/>
      <trkpt lat="46.7169" lon="11.65467"/>
      <trkpt lat="46.71656" lon="11.65473"/>
    </trkseg>
  </trk>
</gpx>