<?xml version="1.0" encoding="UTF-8" standalone="yes"?>
<gpx version="1.1" creator="https://onthegomap.com" xmlns="http://www.topografix.com/GPX/1/1">
  <metadata>
    <name>149km route</name>
    <link href="https://onthegomap.com">
      <text>On The Go Map</text>
    </link>
    <time>2026-05-25T15:39:35.385Z</time>
    <copyright author="On The Go Map, OpenStreetMap Contributors">
      <year>2026</year>
    </copyright>
  </metadata>
  <trk>
    <name>149km route</name>
    <trkseg>
      <trkpt lat="46.71683" lon="11.65182"/>
      <trkpt lat="46.71685" lon="11.65181"/>
      <trkpt lat="46.71698" lon="11.65177"/>
      <trkpt lat="46.71704" lon="11.65169"/>
      <trkpt lat="46.71716" lon="11.65163"/>
      <trkpt lat="46.71776" lon="11.65138"/>
      <trkpt lat="46.71798" lon="11.65129"/>
      <trkpt lat="46.71824" lon="11.65119"/>
      <trkpt lat="46.71875" lon="11.65098"/>
      <trkpt lat="46.71925" lon="11.65078"/>
      <trkpt lat="46.71939" lon="11.65074"/>
      <trkpt lat="46.71949" lon="11.65075"/>
      <trkpt lat="46.71955" lon="11.65077"/>
      <trkpt lat="46.71967" lon="11.65086"/>
      <trkpt lat="46.71977" lon="11.65099"/>
      <trkpt lat="46.71984" lon="11.65114"/>
      <trkpt lat="46.7199" lon="11.65137"/>
      <trkpt lat="46.72004" lon="11.6524"/>
      <trkpt lat="46.72008" lon="11.6527"/>
      <trkpt lat="46.72013" lon="11.65311"/>
      <trkpt lat="46.72017" lon="11.65341"/>
      <trkpt lat="46.72019" lon="11.65359"/>
      <trkpt lat="46.72024" lon="11.65397"/>
      <trkpt lat="46.72025" lon="11.65408"/>
      <trkpt lat="46.72035" lon="11.65475"/>
      <trkpt lat="46.72039" lon="11.65493"/>
      <trkpt lat="46.72053" lon="11.65525"/>
      <trkpt lat="46.72059" lon="11.65535"/>
      <trkpt lat="46.72069" lon="11.65549"/>
      <trkpt lat="46.72076" lon="11.65556"/>
      <trkpt lat="46.72085" lon="11.65563"/>
      <trkpt lat="46.72101" lon="11.65569"/>
      <trkpt lat="46.72119" lon="11.65572"/>
      <trkpt lat="46.72134" lon="11.65571"/>
      <trkpt lat="46.72168" lon="11.65569"/>
      <trkpt lat="46.72212" lon="11.65568"/>
      <trkpt lat="46.7226" lon="11.65564"/>
      <trkpt lat="46.72267" lon="11.65566"/>
      <trkpt lat="46.72285" lon="11.65565"/>
      <trkpt lat="46.72301" lon="11.65568"/>
      <trkpt lat="46.72303" lon="11.65571"/>
      <trkpt lat="46.72307" lon="11.65572"/>
      <trkpt lat="46.7231" lon="11.65572"/>
      <trkpt lat="46.72316" lon="11.65568"/>
      <trkpt lat="46.7232" lon="11.65561"/>
      <trkpt lat="46.72333" lon="11.6555"/>
      <trkpt lat="46.72342" lon="11.65545"/>
      <trkpt lat="46.72353" lon="11.65535"/>
      <trkpt lat="46.72394" lon="11.65511"/>
      <trkpt lat="46.72438" lon="11.65488"/>
      <trkpt lat="46.72469" lon="11.65468"/>
      <trkpt lat="46.7249" lon="11.65451"/>
      <trkpt lat="46.72509" lon="11.65432"/>
      <trkpt lat="46.72541" lon="11.65403"/>
      <trkpt lat="46.72547" lon="11.65398"/>
      <trkpt lat="46.72562" lon="11.65385"/>
      <trkpt lat="46.72584" lon="11.65369"/>
      <trkpt lat="46.72604" lon="11.65358"/>
      <trkpt lat="46.72656" lon="11.65332"/>
      <trkpt lat="46.72665" lon="11.65328"/>
      <trkpt lat="46.7269" lon="11.65313"/>
      <trkpt lat="46.72708" lon="11.65301"/>
      <trkpt lat="46.72721" lon="11.65292"/>
      <trkpt lat="46.72753" lon="11.65273"/>
      <trkpt lat="46.72762" lon="11.65267"/>
      <trkpt lat="46.7279" lon="11.65251"/>
      <trkpt lat="46.72849" lon="11.65216"/>
      <trkpt lat="46.72858" lon="11.65211"/>
      <trkpt lat="46.72888" lon="11.65197"/>
      <trkpt lat="46.72893" lon="11.65194"/>
      <trkpt lat="46.72921" lon="11.6518"/>
      <trkpt lat="46.72968" lon="11.65157"/>
      <trkpt lat="46.72973" lon="11.65155"/>
      <trkpt lat="46.73004" lon="11.65138"/>
      <trkpt lat="46.73049" lon="11.65109"/>
      <trkpt lat="46.73069" lon="11.65096"/>
      <trkpt lat="46.73086" lon="11.65086"/>
      <trkpt lat="46.73098" lon="11.65079"/>
      <trkpt lat="46.73141" lon="11.65056"/>
      <trkpt lat="46.73199" lon="11.65027"/>
      <trkpt lat="46.73217" lon="11.65025"/>
      <trkpt lat="46.73236" lon="11.65023"/>
      <trkpt lat="46.73246" lon="11.65028"/>
      <trkpt lat="46.73254" lon="11.65029"/>
      <trkpt lat="46.73268" lon="11.65035"/>
      <trkpt lat="46.73277" lon="11.65039"/>
      <trkpt lat="46.73295" lon="11.65041"/>
      <trkpt lat="46.73307" lon="11.65044"/>
      <trkpt lat="46.73329" lon="11.6505"/>
      <trkpt lat="46.73354" lon="11.65055"/>
      <trkpt lat="46.73422" lon="11.6507"/>
      <trkpt lat="46.73469" lon="11.6508"/>
      <trkpt lat="46.73563" lon="11.65099"/>
      <trkpt lat="46.73629" lon="11.65114"/>
      <trkpt lat="46.73639" lon="11.65115"/>
      <trkpt lat="46.73645" lon="11.65117"/>
      <trkpt lat="46.73675" lon="11.65121"/>
      <trkpt lat="46.73696" lon="11.6512"/>
      <trkpt lat="46.73761" lon="11.65112"/>
      <trkpt lat="46.73781" lon="11.65112"/>
      <trkpt lat="46.73833" lon="11.65118"/>
      <trkpt lat="46.73869" lon="11.65131"/>
      <trkpt lat="46.73896" lon="11.65146"/>
      <trkpt lat="46.73956" lon="11.65181"/>
      <trkpt lat="46.73994" lon="11.65195"/>
      <trkpt lat="46.74045" lon="11.65212"/>
      <trkpt lat="46.74073" lon="11.65218"/>
      <trkpt lat="46.74133" lon="11.65225"/>
      <trkpt lat="46.74141" lon="11.65226"/>
      <trkpt lat="46.74157" lon="11.65225"/>
      <trkpt lat="46.74161" lon="11.65219"/>
      <trkpt lat="46.74167" lon="11.65197"/>
      <trkpt lat="46.74172" lon="11.65189"/>
      <trkpt lat="46.74181" lon="11.65182"/>
      <trkpt lat="46.74202" lon="11.65169"/>
      <trkpt lat="46.74203" lon="11.65165"/>
      <trkpt lat="46.74202" lon="11.6516"/>
      <trkpt lat="46.74208" lon="11.65156"/>
      <trkpt lat="46.74253" lon="11.65145"/>
      <trkpt lat="46.7427" lon="11.6514"/>
      <trkpt lat="46.74285" lon="11.6513"/>
      <trkpt lat="46.74329" lon="11.65092"/>
      <trkpt lat="46.74352" lon="11.65066"/>
      <trkpt lat="46.74365" lon="11.65051"/>
      <trkpt lat="46.74399" lon="11.65024"/>
      <trkpt lat="46.74409" lon="11.65014"/>
      <trkpt lat="46.74461" lon="11.64944"/>
      <trkpt lat="46.74561" lon="11.64796"/>
      <trkpt lat="46.74584" lon="11.64776"/>
      <trkpt lat="46.74611" lon="11.64759"/>
      <trkpt lat="46.74659" lon="11.64744"/>
      <trkpt lat="46.74682" lon="11.6474"/>
      <trkpt lat="46.74699" lon="11.64734"/>
      <trkpt lat="46.74723" lon="11.64722"/>
      <trkpt lat="46.7474" lon="11.64712"/>
      <trkpt lat="46.74761" lon="11.64709"/>
      <trkpt lat="46.74793" lon="11.6471"/>
      <trkpt lat="46.74796" lon="11.64711"/>
      <trkpt lat="46.74824" lon="11.64711"/>
      <trkpt lat="46.74834" lon="11.64712"/>
      <trkpt lat="46.74878" lon="11.64704"/>
      <trkpt lat="46.749" lon="11.64704"/>
      <trkpt lat="46.74952" lon="11.64705"/>
      <trkpt lat="46.75008" lon="11.64714"/>
      <trkpt lat="46.75013" lon="11.64716"/>
      <trkpt lat="46.75015" lon="11.64721"/>
      <trkpt lat="46.75049" lon="11.64723"/>
      <trkpt lat="46.75082" lon="11.64733"/>
      <trkpt lat="46.75118" lon="11.64756"/>
      <trkpt lat="46.75134" lon="11.64767"/>
      <trkpt lat="46.75138" lon="11.64763"/>
      <trkpt lat="46.75172" lon="11.64793"/>
      <trkpt lat="46.75289" lon="11.64927"/>
      <trkpt lat="46.75365" lon="11.64993"/>
      <trkpt lat="46.75414" lon="11.65028"/>
      <trkpt lat="46.75457" lon="11.65054"/>
      <trkpt lat="46.75505" lon="11.65078"/>
      <trkpt lat="46.75552" lon="11.65094"/>
      <trkpt lat="46.75614" lon="11.65109"/>
      <trkpt lat="46.75636" lon="11.65118"/>
      <trkpt lat="46.75665" lon="11.65138"/>
      <trkpt lat="46.75695" lon="11.65167"/>
      <trkpt lat="46.75818" lon="11.65301"/>
      <trkpt lat="46.75878" lon="11.65348"/>
      <trkpt lat="46.76065" lon="11.6547"/>
      <trkpt lat="46.76098" lon="11.65497"/>
      <trkpt lat="46.76136" lon="11.65535"/>
      <trkpt lat="46.76216" lon="11.65625"/>
      <trkpt lat="46.7623" lon="11.65641"/>
      <trkpt lat="46.76321" lon="11.65735"/>
      <trkpt lat="46.76427" lon="11.65828"/>
      <trkpt lat="46.7646" lon="11.65864"/>
      <trkpt lat="46.76525" lon="11.6594"/>
      <trkpt lat="46.76551" lon="11.65976"/>
      <trkpt lat="46.76605" lon="11.66061"/>
      <trkpt lat="46.76677" lon="11.6616"/>
      <trkpt lat="46.76738" lon="11.66233"/>
      <trkpt lat="46.76836" lon="11.66348"/>
      <trkpt lat="46.76834" lon="11.66354"/>
      <trkpt lat="46.76886" lon="11.66414"/>
      <trkpt lat="46.76898" lon="11.66425"/>
      <trkpt lat="46.7691" lon="11.66435"/>
      <trkpt lat="46.7694" lon="11.66453"/>
      <trkpt lat="46.76988" lon="11.66463"/>
      <trkpt lat="46.77138" lon="11.66482"/>
      <trkpt lat="46.77208" lon="11.66491"/>
      <trkpt lat="46.77228" lon="11.66493"/>
      <trkpt lat="46.77268" lon="11.66494"/>
      <trkpt lat="46.77301" lon="11.66491"/>
      <trkpt lat="46.77332" lon="11.66483"/>
      <trkpt lat="46.7739" lon="11.66482"/>
      <trkpt lat="46.77421" lon="11.66489"/>
      <trkpt lat="46.77491" lon="11.66523"/>
      <trkpt lat="46.77492" lon="11.66524"/>
      <trkpt lat="46.77509" lon="11.66543"/>
      <trkpt lat="46.77526" lon="11.6656"/>
      <trkpt lat="46.77592" lon="11.6666"/>
      <trkpt lat="46.77616" lon="11.6669"/>
      <trkpt lat="46.77665" lon="11.66738"/>
      <trkpt lat="46.77711" lon="11.66781"/>
      <trkpt lat="46.77765" lon="11.66831"/>
      <trkpt lat="46.77779" lon="11.66842"/>
      <trkpt lat="46.77806" lon="11.66856"/>
      <trkpt lat="46.77846" lon="11.66874"/>
      <trkpt lat="46.77897" lon="11.66888"/>
      <trkpt lat="46.77937" lon="11.66899"/>
      <trkpt lat="46.77939" lon="11.66894"/>
      <trkpt lat="46.77946" lon="11.66891"/>
      <trkpt lat="46.77979" lon="11.66896"/>
      <trkpt lat="46.7803" lon="11.66897"/>
      <trkpt lat="46.78067" lon="11.66895"/>
      <trkpt lat="46.78108" lon="11.66881"/>
      <trkpt lat="46.78114" lon="11.66879"/>
      <trkpt lat="46.78148" lon="11.66867"/>
      <trkpt lat="46.78164" lon="11.66859"/>
      <trkpt lat="46.782" lon="11.66836"/>
      <trkpt lat="46.78229" lon="11.66812"/>
      <trkpt lat="46.78255" lon="11.66797"/>
      <trkpt lat="46.78267" lon="11.66793"/>
      <trkpt lat="46.78285" lon="11.66789"/>
      <trkpt lat="46.78309" lon="11.66791"/>
      <trkpt lat="46.78354" lon="11.66818"/>
      <trkpt lat="46.78362" lon="11.6682"/>
      <trkpt lat="46.78369" lon="11.66819"/>
      <trkpt lat="46.78392" lon="11.66812"/>
      <trkpt lat="46.78411" lon="11.66808"/>
      <trkpt lat="46.78433" lon="11.66794"/>
      <trkpt lat="46.78461" lon="11.66769"/>
      <trkpt lat="46.78527" lon="11.66708"/>
      <trkpt lat="46.78555" lon="11.66679"/>
      <trkpt lat="46.78566" lon="11.66662"/>
      <trkpt lat="46.78572" lon="11.66645"/>
      <trkpt lat="46.78586" lon="11.66624"/>
      <trkpt lat="46.78592" lon="11.66619"/>
      <trkpt lat="46.78601" lon="11.66612"/>
      <trkpt lat="46.78645" lon="11.66588"/>
      <trkpt lat="46.78687" lon="11.66561"/>
      <trkpt lat="46.7871" lon="11.66533"/>
      <trkpt lat="46.78729" lon="11.66497"/>
      <trkpt lat="46.78736" lon="11.66487"/>
      <trkpt lat="46.78753" lon="11.66472"/>
      <trkpt lat="46.78775" lon="11.66456"/>
      <trkpt lat="46.78788" lon="11.66451"/>
      <trkpt lat="46.78837" lon="11.66456"/>
      <trkpt lat="46.78889" lon="11.66446"/>
      <trkpt lat="46.78946" lon="11.66425"/>
      <trkpt lat="46.78953" lon="11.66415"/>
      <trkpt lat="46.78962" lon="11.6639"/>
      <trkpt lat="46.78972" lon="11.66383"/>
      <trkpt lat="46.78982" lon="11.66383"/>
      <trkpt lat="46.78991" lon="11.6639"/>
      <trkpt lat="46.78999" lon="11.66404"/>
      <trkpt lat="46.7901" lon="11.66415"/>
      <trkpt lat="46.79037" lon="11.66435"/>
      <trkpt lat="46.79056" lon="11.66446"/>
      <trkpt lat="46.79071" lon="11.6645"/>
      <trkpt lat="46.79099" lon="11.66446"/>
      <trkpt lat="46.79116" lon="11.66453"/>
      <trkpt lat="46.79138" lon="11.66457"/>
      <trkpt lat="46.79184" lon="11.66481"/>
      <trkpt lat="46.79247" lon="11.66498"/>
      <trkpt lat="46.79307" lon="11.66527"/>
      <trkpt lat="46.79367" lon="11.66541"/>
      <trkpt lat="46.7939" lon="11.6654"/>
      <trkpt lat="46.79443" lon="11.66523"/>
      <trkpt lat="46.79455" lon="11.66521"/>
      <trkpt lat="46.79508" lon="11.66523"/>
      <trkpt lat="46.79517" lon="11.66524"/>
      <trkpt lat="46.79498" lon="11.66531"/>
      <trkpt lat="46.79479" lon="11.6653"/>
      <trkpt lat="46.79476" lon="11.66536"/>
      <trkpt lat="46.79477" lon="11.66544"/>
      <trkpt lat="46.79491" lon="11.66543"/>
      <trkpt lat="46.79502" lon="11.66551"/>
      <trkpt lat="46.79504" lon="11.66554"/>
      <trkpt lat="46.79511" lon="11.66581"/>
      <trkpt lat="46.79516" lon="11.66602"/>
      <trkpt lat="46.79526" lon="11.66658"/>
      <trkpt lat="46.79528" lon="11.66671"/>
      <trkpt lat="46.79534" lon="11.66701"/>
      <trkpt lat="46.7954" lon="11.66718"/>
      <trkpt lat="46.79545" lon="11.66726"/>
      <trkpt lat="46.79557" lon="11.66738"/>
      <trkpt lat="46.79591" lon="11.66762"/>
      <trkpt lat="46.79643" lon="11.66804"/>
      <trkpt lat="46.79653" lon="11.66811"/>
      <trkpt lat="46.79698" lon="11.66848"/>
      <trkpt lat="46.79714" lon="11.6686"/>
      <trkpt lat="46.79742" lon="11.66878"/>
      <trkpt lat="46.79769" lon="11.66888"/>
      <trkpt lat="46.79782" lon="11.66891"/>
      <trkpt lat="46.79816" lon="11.66907"/>
      <trkpt lat="46.79874" lon="11.66956"/>
      <trkpt lat="46.79916" lon="11.66995"/>
      <trkpt lat="46.79933" lon="11.67018"/>
      <trkpt lat="46.79964" lon="11.67067"/>
      <trkpt lat="46.79963" lon="11.67075"/>
      <trkpt lat="46.80014" lon="11.67157"/>
      <trkpt lat="46.80033" lon="11.67187"/>
      <trkpt lat="46.80045" lon="11.67199"/>
      <trkpt lat="46.80175" lon="11.6731"/>
      <trkpt lat="46.80177" lon="11.67311"/>
      <trkpt lat="46.80183" lon="11.67307"/>
      <trkpt lat="46.8019" lon="11.67304"/>
      <trkpt lat="46.80207" lon="11.67317"/>
      <trkpt lat="46.80288" lon="11.67384"/>
      <trkpt lat="46.80363" lon="11.67466"/>
      <trkpt lat="46.8038" lon="11.67481"/>
      <trkpt lat="46.80389" lon="11.67492"/>
      <trkpt lat="46.80405" lon="11.67514"/>
      <trkpt lat="46.80437" lon="11.67566"/>
      <trkpt lat="46.80446" lon="11.67583"/>
      <trkpt lat="46.80454" lon="11.67604"/>
      <trkpt lat="46.80463" lon="11.67635"/>
      <trkpt lat="46.80469" lon="11.67645"/>
      <trkpt lat="46.80485" lon="11.67699"/>
      <trkpt lat="46.80522" lon="11.67782"/>
      <trkpt lat="46.80539" lon="11.67802"/>
      <trkpt lat="46.80556" lon="11.67822"/>
      <trkpt lat="46.80567" lon="11.67844"/>
      <trkpt lat="46.80579" lon="11.6787"/>
      <trkpt lat="46.80584" lon="11.67892"/>
      <trkpt lat="46.80588" lon="11.67906"/>
      <trkpt lat="46.80601" lon="11.67944"/>
      <trkpt lat="46.8061" lon="11.67963"/>
      <trkpt lat="46.80648" lon="11.68012"/>
      <trkpt lat="46.80667" lon="11.68032"/>
      <trkpt lat="46.8068" lon="11.68045"/>
      <trkpt lat="46.80706" lon="11.68078"/>
      <trkpt lat="46.80848" lon="11.68236"/>
      <trkpt lat="46.80874" lon="11.68256"/>
      <trkpt lat="46.80875" lon="11.68258"/>
      <trkpt lat="46.80925" lon="11.68299"/>
      <trkpt lat="46.80982" lon="11.6833"/>
      <trkpt lat="46.80994" lon="11.68331"/>
      <trkpt lat="46.81004" lon="11.68328"/>
      <trkpt lat="46.81008" lon="11.68329"/>
      <trkpt lat="46.81022" lon="11.68336"/>
      <trkpt lat="46.81045" lon="11.68342"/>
      <trkpt lat="46.81074" lon="11.68357"/>
      <trkpt lat="46.81105" lon="11.68374"/>
      <trkpt lat="46.81117" lon="11.68383"/>
      <trkpt lat="46.81118" lon="11.68388"/>
      <trkpt lat="46.81117" lon="11.68394"/>
      <trkpt lat="46.81113" lon="11.68393"/>
      <trkpt lat="46.8109" lon="11.68378"/>
      <trkpt lat="46.81086" lon="11.68395"/>
      <trkpt lat="46.81076" lon="11.68417"/>
      <trkpt lat="46.81097" lon="11.68439"/>
      <trkpt lat="46.81148" lon="11.68491"/>
      <trkpt lat="46.81194" lon="11.68534"/>
      <trkpt lat="46.81243" lon="11.68574"/>
      <trkpt lat="46.81273" lon="11.686"/>
      <trkpt lat="46.81291" lon="11.68619"/>
      <trkpt lat="46.81305" lon="11.68638"/>
      <trkpt lat="46.8133" lon="11.68673"/>
      <trkpt lat="46.81348" lon="11.68709"/>
      <trkpt lat="46.81365" lon="11.68746"/>
      <trkpt lat="46.81373" lon="11.68771"/>
      <trkpt lat="46.81388" lon="11.6883"/>
      <trkpt lat="46.81395" lon="11.68881"/>
      <trkpt lat="46.81399" lon="11.6893"/>
      <trkpt lat="46.81401" lon="11.68951"/>
      <trkpt lat="46.81407" lon="11.69014"/>
      <trkpt lat="46.81415" lon="11.69057"/>
      <trkpt lat="46.81428" lon="11.69105"/>
      <trkpt lat="46.81437" lon="11.69129"/>
      <trkpt lat="46.81457" lon="11.69171"/>
      <trkpt lat="46.81468" lon="11.69192"/>
      <trkpt lat="46.81485" lon="11.69226"/>
      <trkpt lat="46.81507" lon="11.69276"/>
      <trkpt lat="46.81516" lon="11.69304"/>
      <trkpt lat="46.81527" lon="11.69347"/>
      <trkpt lat="46.81532" lon="11.69378"/>
      <trkpt lat="46.81537" lon="11.69436"/>
      <trkpt lat="46.81539" lon="11.69452"/>
      <trkpt lat="46.81543" lon="11.69498"/>
      <trkpt lat="46.81549" lon="11.69539"/>
      <trkpt lat="46.81561" lon="11.6958"/>
      <trkpt lat="46.81579" lon="11.69632"/>
      <trkpt lat="46.81594" lon="11.69679"/>
      <trkpt lat="46.81605" lon="11.69724"/>
      <trkpt lat="46.81613" lon="11.69784"/>
      <trkpt lat="46.81614" lon="11.69815"/>
      <trkpt lat="46.81628" lon="11.70224"/>
      <trkpt lat="46.8163" lon="11.70245"/>
      <trkpt lat="46.81636" lon="11.70303"/>
      <trkpt lat="46.81644" lon="11.70345"/>
      <trkpt lat="46.81655" lon="11.70385"/>
      <trkpt lat="46.81681" lon="11.70451"/>
      <trkpt lat="46.81709" lon="11.70513"/>
      <trkpt lat="46.81718" lon="11.70535"/>
      <trkpt lat="46.81735" lon="11.70588"/>
      <trkpt lat="46.81748" lon="11.70634"/>
      <trkpt lat="46.81753" lon="11.70664"/>
      <trkpt lat="46.81763" lon="11.70734"/>
      <trkpt lat="46.81769" lon="11.70804"/>
      <trkpt lat="46.81772" lon="11.70853"/>
      <trkpt lat="46.81772" lon="11.70924"/>
      <trkpt lat="46.81771" lon="11.7097"/>
      <trkpt lat="46.81766" lon="11.71035"/>
      <trkpt lat="46.81759" lon="11.71102"/>
      <trkpt lat="46.81752" lon="11.71144"/>
      <trkpt lat="46.81746" lon="11.71168"/>
      <trkpt lat="46.81733" lon="11.71215"/>
      <trkpt lat="46.81721" lon="11.71246"/>
      <trkpt lat="46.81728" lon="11.71252"/>
      <trkpt lat="46.81731" lon="11.71258"/>
      <trkpt lat="46.81731" lon="11.71264"/>
      <trkpt lat="46.81729" lon="11.71271"/>
      <trkpt lat="46.8169" lon="11.71354"/>
      <trkpt lat="46.81673" lon="11.71398"/>
      <trkpt lat="46.81662" lon="11.71426"/>
      <trkpt lat="46.81657" lon="11.71455"/>
      <trkpt lat="46.81651" lon="11.7146"/>
      <trkpt lat="46.81648" lon="11.71457"/>
      <trkpt lat="46.81641" lon="11.71454"/>
      <trkpt lat="46.81634" lon="11.7146"/>
      <trkpt lat="46.81632" lon="11.71466"/>
      <trkpt lat="46.81633" lon="11.71477"/>
      <trkpt lat="46.81635" lon="11.7148"/>
      <trkpt lat="46.81641" lon="11.71484"/>
      <trkpt lat="46.81647" lon="11.71482"/>
      <trkpt lat="46.81649" lon="11.71497"/>
      <trkpt lat="46.81648" lon="11.71508"/>
      <trkpt lat="46.81643" lon="11.71524"/>
      <trkpt lat="46.81639" lon="11.71535"/>
      <trkpt lat="46.8163" lon="11.7155"/>
      <trkpt lat="46.81548" lon="11.71652"/>
      <trkpt lat="46.81523" lon="11.71687"/>
      <trkpt lat="46.81508" lon="11.71713"/>
      <trkpt lat="46.81485" lon="11.71759"/>
      <trkpt lat="46.81475" lon="11.71791"/>
      <trkpt lat="46.81474" lon="11.71795"/>
      <trkpt lat="46.81462" lon="11.7184"/>
      <trkpt lat="46.81456" lon="11.71866"/>
      <trkpt lat="46.81448" lon="11.7191"/>
      <trkpt lat="46.81443" lon="11.71955"/>
      <trkpt lat="46.81442" lon="11.71977"/>
      <trkpt lat="46.81444" lon="11.72026"/>
      <trkpt lat="46.81452" lon="11.72073"/>
      <trkpt lat="46.81467" lon="11.72126"/>
      <trkpt lat="46.8149" lon="11.72187"/>
      <trkpt lat="46.81506" lon="11.72234"/>
      <trkpt lat="46.81509" lon="11.72243"/>
      <trkpt lat="46.81531" lon="11.72349"/>
      <trkpt lat="46.81536" lon="11.72374"/>
      <trkpt lat="46.81549" lon="11.72439"/>
      <trkpt lat="46.81552" lon="11.72453"/>
      <trkpt lat="46.81562" lon="11.72449"/>
      <trkpt lat="46.81572" lon="11.7245"/>
      <trkpt lat="46.81574" lon="11.72455"/>
      <trkpt lat="46.81576" lon="11.72468"/>
      <trkpt lat="46.81581" lon="11.72552"/>
      <trkpt lat="46.81584" lon="11.72577"/>
      <trkpt lat="46.81592" lon="11.72618"/>
      <trkpt lat="46.81617" lon="11.72707"/>
      <trkpt lat="46.8162" lon="11.72731"/>
      <trkpt lat="46.8162" lon="11.72747"/>
      <trkpt lat="46.81619" lon="11.72753"/>
      <trkpt lat="46.81612" lon="11.72817"/>
      <trkpt lat="46.8161" lon="11.72871"/>
      <trkpt lat="46.81606" lon="11.72872"/>
      <trkpt lat="46.81599" lon="11.72897"/>
      <trkpt lat="46.81598" lon="11.72945"/>
      <trkpt lat="46.81593" lon="11.72985"/>
      <trkpt lat="46.81588" lon="11.7305"/>
      <trkpt lat="46.81583" lon="11.73163"/>
      <trkpt lat="46.81575" lon="11.73242"/>
      <trkpt lat="46.81575" lon="11.73291"/>
      <trkpt lat="46.81575" lon="11.73295"/>
      <trkpt lat="46.81567" lon="11.733"/>
      <trkpt lat="46.81562" lon="11.73301"/>
      <trkpt lat="46.81562" lon="11.73305"/>
      <trkpt lat="46.81567" lon="11.7345"/>
      <trkpt lat="46.81571" lon="11.73495"/>
      <trkpt lat="46.81574" lon="11.73526"/>
      <trkpt lat="46.81574" lon="11.73626"/>
      <trkpt lat="46.81571" lon="11.73762"/>
      <trkpt lat="46.81569" lon="11.73809"/>
      <trkpt lat="46.81565" lon="11.73815"/>
      <trkpt lat="46.81558" lon="11.73818"/>
      <trkpt lat="46.81558" lon="11.73825"/>
      <trkpt lat="46.81558" lon="11.73832"/>
      <trkpt lat="46.81565" lon="11.73834"/>
      <trkpt lat="46.81569" lon="11.73841"/>
      <trkpt lat="46.81568" lon="11.73909"/>
      <trkpt lat="46.81567" lon="11.73918"/>
      <trkpt lat="46.81561" lon="11.7393"/>
      <trkpt lat="46.81558" lon="11.73945"/>
      <trkpt lat="46.81554" lon="11.73974"/>
      <trkpt lat="46.81552" lon="11.74019"/>
      <trkpt lat="46.8155" lon="11.74025"/>
      <trkpt lat="46.81543" lon="11.74032"/>
      <trkpt lat="46.81544" lon="11.7404"/>
      <trkpt lat="46.81549" lon="11.74048"/>
      <trkpt lat="46.81557" lon="11.74056"/>
      <trkpt lat="46.81562" lon="11.74074"/>
      <trkpt lat="46.8157" lon="11.74163"/>
      <trkpt lat="46.81569" lon="11.74202"/>
      <trkpt lat="46.81566" lon="11.74253"/>
      <trkpt lat="46.81561" lon="11.74283"/>
      <trkpt lat="46.81553" lon="11.74318"/>
      <trkpt lat="46.81536" lon="11.74369"/>
      <trkpt lat="46.81529" lon="11.74384"/>
      <trkpt lat="46.81515" lon="11.74424"/>
      <trkpt lat="46.81499" lon="11.74481"/>
      <trkpt lat="46.81505" lon="11.74483"/>
      <trkpt lat="46.81498" lon="11.74521"/>
      <trkpt lat="46.81489" lon="11.74581"/>
      <trkpt lat="46.81473" lon="11.74708"/>
      <trkpt lat="46.81469" lon="11.74745"/>
      <trkpt lat="46.81469" lon="11.74762"/>
      <trkpt lat="46.81471" lon="11.74793"/>
      <trkpt lat="46.81475" lon="11.74819"/>
      <trkpt lat="46.81493" lon="11.74902"/>
      <trkpt lat="46.815" lon="11.74957"/>
      <trkpt lat="46.81502" lon="11.75034"/>
      <trkpt lat="46.81497" lon="11.75082"/>
      <trkpt lat="46.81464" lon="11.75218"/>
      <trkpt lat="46.81463" lon="11.75223"/>
      <trkpt lat="46.81461" lon="11.75231"/>
      <trkpt lat="46.81447" lon="11.75403"/>
      <trkpt lat="46.81443" lon="11.75433"/>
      <trkpt lat="46.81435" lon="11.75459"/>
      <trkpt lat="46.81424" lon="11.75479"/>
      <trkpt lat="46.81407" lon="11.75498"/>
      <trkpt lat="46.81391" lon="11.75509"/>
      <trkpt lat="46.81363" lon="11.75527"/>
      <trkpt lat="46.81351" lon="11.75536"/>
      <trkpt lat="46.81338" lon="11.75552"/>
      <trkpt lat="46.8133" lon="11.75567"/>
      <trkpt lat="46.81323" lon="11.75594"/>
      <trkpt lat="46.81301" lon="11.75709"/>
      <trkpt lat="46.81294" lon="11.75706"/>
      <trkpt lat="46.81257" lon="11.759"/>
      <trkpt lat="46.81242" lon="11.75955"/>
      <trkpt lat="46.8122" lon="11.76025"/>
      <trkpt lat="46.81204" lon="11.76081"/>
      <trkpt lat="46.8117" lon="11.76229"/>
      <trkpt lat="46.81155" lon="11.7631"/>
      <trkpt lat="46.81151" lon="11.76334"/>
      <trkpt lat="46.81149" lon="11.76346"/>
      <trkpt lat="46.81147" lon="11.76359"/>
      <trkpt lat="46.81133" lon="11.76469"/>
      <trkpt lat="46.81126" lon="11.76531"/>
      <trkpt lat="46.81114" lon="11.76533"/>
      <trkpt lat="46.81094" lon="11.76535"/>
      <trkpt lat="46.81059" lon="11.76526"/>
      <trkpt lat="46.81033" lon="11.76522"/>
      <trkpt lat="46.81001" lon="11.76525"/>
      <trkpt lat="46.80991" lon="11.76531"/>
      <trkpt lat="46.80979" lon="11.76541"/>
      <trkpt lat="46.80942" lon="11.7659"/>
      <trkpt lat="46.80938" lon="11.76592"/>
      <trkpt lat="46.80929" lon="11.76596"/>
      <trkpt lat="46.80885" lon="11.76601"/>
      <trkpt lat="46.80883" lon="11.76601"/>
      <trkpt lat="46.80873" lon="11.76603"/>
      <trkpt lat="46.80866" lon="11.7665"/>
      <trkpt lat="46.80865" lon="11.76666"/>
      <trkpt lat="46.80866" lon="11.76701"/>
      <trkpt lat="46.80858" lon="11.76752"/>
      <trkpt lat="46.80858" lon="11.7678"/>
      <trkpt lat="46.80859" lon="11.76787"/>
      <trkpt lat="46.80859" lon="11.76797"/>
      <trkpt lat="46.80841" lon="11.76841"/>
      <trkpt lat="46.80839" lon="11.76863"/>
      <trkpt lat="46.80843" lon="11.76887"/>
      <trkpt lat="46.8085" lon="11.76923"/>
      <trkpt lat="46.80869" lon="11.7698"/>
      <trkpt lat="46.8089" lon="11.77097"/>
      <trkpt lat="46.80893" lon="11.77127"/>
      <trkpt lat="46.80891" lon="11.77147"/>
      <trkpt lat="46.80892" lon="11.77165"/>
      <trkpt lat="46.80894" lon="11.77178"/>
      <trkpt lat="46.80898" lon="11.77211"/>
      <trkpt lat="46.80913" lon="11.77376"/>
      <trkpt lat="46.80923" lon="11.77519"/>
      <trkpt lat="46.80923" lon="11.77529"/>
      <trkpt lat="46.8092" lon="11.77538"/>
      <trkpt lat="46.80909" lon="11.77566"/>
      <trkpt lat="46.80907" lon="11.77593"/>
      <trkpt lat="46.80897" lon="11.77656"/>
      <trkpt lat="46.80895" lon="11.77707"/>
      <trkpt lat="46.80893" lon="11.7772"/>
      <trkpt lat="46.80869" lon="11.77828"/>
      <trkpt lat="46.80842" lon="11.77888"/>
      <trkpt lat="46.80834" lon="11.77914"/>
      <trkpt lat="46.80827" lon="11.77945"/>
      <trkpt lat="46.80827" lon="11.77982"/>
      <trkpt lat="46.8083" lon="11.78082"/>
      <trkpt lat="46.8083" lon="11.7813"/>
      <trkpt lat="46.8081" lon="11.78294"/>
      <trkpt lat="46.80809" lon="11.78315"/>
      <trkpt lat="46.8081" lon="11.78325"/>
      <trkpt lat="46.80813" lon="11.78334"/>
      <trkpt lat="46.80841" lon="11.78389"/>
      <trkpt lat="46.80841" lon="11.78396"/>
      <trkpt lat="46.80834" lon="11.78427"/>
      <trkpt lat="46.80835" lon="11.78434"/>
      <trkpt lat="46.80842" lon="11.78464"/>
      <trkpt lat="46.80846" lon="11.78486"/>
      <trkpt lat="46.80844" lon="11.78584"/>
      <trkpt lat="46.80842" lon="11.78602"/>
      <trkpt lat="46.80834" lon="11.78622"/>
      <trkpt lat="46.80804" lon="11.78684"/>
      <trkpt lat="46.80774" lon="11.78769"/>
      <trkpt lat="46.80766" lon="11.78803"/>
      <trkpt lat="46.80763" lon="11.78821"/>
      <trkpt lat="46.80762" lon="11.78844"/>
      <trkpt lat="46.80763" lon="11.78903"/>
      <trkpt lat="46.80764" lon="11.7892"/>
      <trkpt lat="46.80771" lon="11.78995"/>
      <trkpt lat="46.80778" lon="11.79028"/>
      <trkpt lat="46.80786" lon="11.79055"/>
      <trkpt lat="46.80798" lon="11.79081"/>
      <trkpt lat="46.80818" lon="11.79115"/>
      <trkpt lat="46.80832" lon="11.79166"/>
      <trkpt lat="46.80862" lon="11.79192"/>
      <trkpt lat="46.80868" lon="11.79201"/>
      <trkpt lat="46.80877" lon="11.79218"/>
      <trkpt lat="46.80885" lon="11.79241"/>
      <trkpt lat="46.80892" lon="11.79273"/>
      <trkpt lat="46.80894" lon="11.79289"/>
      <trkpt lat="46.80903" lon="11.79482"/>
      <trkpt lat="46.80904" lon="11.79495"/>
      <trkpt lat="46.80917" lon="11.79558"/>
      <trkpt lat="46.80919" lon="11.79573"/>
      <trkpt lat="46.80921" lon="11.7961"/>
      <trkpt lat="46.80926" lon="11.79613"/>
      <trkpt lat="46.80947" lon="11.79611"/>
      <trkpt lat="46.80954" lon="11.79613"/>
      <trkpt lat="46.80966" lon="11.79617"/>
      <trkpt lat="46.8097" lon="11.79622"/>
      <trkpt lat="46.80975" lon="11.79633"/>
      <trkpt lat="46.80977" lon="11.79642"/>
      <trkpt lat="46.80982" lon="11.79725"/>
      <trkpt lat="46.80987" lon="11.79742"/>
      <trkpt lat="46.80989" lon="11.79746"/>
      <trkpt lat="46.81008" lon="11.79745"/>
      <trkpt lat="46.81009" lon="11.79756"/>
      <trkpt lat="46.81018" lon="11.79862"/>
      <trkpt lat="46.81022" lon="11.79938"/>
      <trkpt lat="46.81027" lon="11.7999"/>
      <trkpt lat="46.81027" lon="11.80041"/>
      <trkpt lat="46.81025" lon="11.80053"/>
      <trkpt lat="46.8102" lon="11.80072"/>
      <trkpt lat="46.81011" lon="11.80085"/>
      <trkpt lat="46.80973" lon="11.80131"/>
      <trkpt lat="46.80943" lon="11.80191"/>
      <trkpt lat="46.809" lon="11.80262"/>
      <trkpt lat="46.8088" lon="11.80303"/>
      <trkpt lat="46.80874" lon="11.80313"/>
      <trkpt lat="46.80855" lon="11.80332"/>
      <trkpt lat="46.80814" lon="11.80411"/>
      <trkpt lat="46.80781" lon="11.80469"/>
      <trkpt lat="46.80779" lon="11.8047"/>
      <trkpt lat="46.80774" lon="11.80468"/>
      <trkpt lat="46.80767" lon="11.8046"/>
      <trkpt lat="46.80757" lon="11.80453"/>
      <trkpt lat="46.80752" lon="11.80453"/>
      <trkpt lat="46.80746" lon="11.80455"/>
      <trkpt lat="46.80738" lon="11.80463"/>
      <trkpt lat="46.80727" lon="11.80489"/>
      <trkpt lat="46.80723" lon="11.80507"/>
      <trkpt lat="46.80713" lon="11.80529"/>
      <trkpt lat="46.80699" lon="11.80559"/>
      <trkpt lat="46.80671" lon="11.80609"/>
      <trkpt lat="46.80665" lon="11.80624"/>
      <trkpt lat="46.80654" lon="11.80663"/>
      <trkpt lat="46.80634" lon="11.80721"/>
      <trkpt lat="46.80614" lon="11.80794"/>
      <trkpt lat="46.80589" lon="11.80862"/>
      <trkpt lat="46.80578" lon="11.80883"/>
      <trkpt lat="46.80564" lon="11.80904"/>
      <trkpt lat="46.80548" lon="11.80925"/>
      <trkpt lat="46.80545" lon="11.80939"/>
      <trkpt lat="46.8054" lon="11.80958"/>
      <trkpt lat="46.80512" lon="11.81041"/>
      <trkpt lat="46.80507" lon="11.81071"/>
      <trkpt lat="46.80502" lon="11.81124"/>
      <trkpt lat="46.805" lon="11.81192"/>
      <trkpt lat="46.80502" lon="11.81226"/>
      <trkpt lat="46.80515" lon="11.81318"/>
      <trkpt lat="46.80517" lon="11.81327"/>
      <trkpt lat="46.80522" lon="11.81348"/>
      <trkpt lat="46.80532" lon="11.81431"/>
      <trkpt lat="46.80537" lon="11.81453"/>
      <trkpt lat="46.80561" lon="11.81523"/>
      <trkpt lat="46.80566" lon="11.81544"/>
      <trkpt lat="46.80566" lon="11.81555"/>
      <trkpt lat="46.8056" lon="11.81591"/>
      <trkpt lat="46.80558" lon="11.81611"/>
      <trkpt lat="46.80557" lon="11.81652"/>
      <trkpt lat="46.80546" lon="11.81744"/>
      <trkpt lat="46.80544" lon="11.81791"/>
      <trkpt lat="46.8054" lon="11.8183"/>
      <trkpt lat="46.80489" lon="11.82136"/>
      <trkpt lat="46.80485" lon="11.82198"/>
      <trkpt lat="46.80487" lon="11.82227"/>
      <trkpt lat="46.80493" lon="11.82259"/>
      <trkpt lat="46.805" lon="11.82297"/>
      <trkpt lat="46.80518" lon="11.82362"/>
      <trkpt lat="46.80524" lon="11.82391"/>
      <trkpt lat="46.8053" lon="11.82436"/>
      <trkpt lat="46.80531" lon="11.82469"/>
      <trkpt lat="46.80523" lon="11.8254"/>
      <trkpt lat="46.80521" lon="11.82597"/>
      <trkpt lat="46.8052" lon="11.82646"/>
      <trkpt lat="46.80521" lon="11.82659"/>
      <trkpt lat="46.80528" lon="11.82693"/>
      <trkpt lat="46.8053" lon="11.82738"/>
      <trkpt lat="46.8053" lon="11.82803"/>
      <trkpt lat="46.80528" lon="11.82823"/>
      <trkpt lat="46.8052" lon="11.82871"/>
      <trkpt lat="46.80523" lon="11.82911"/>
      <trkpt lat="46.80534" lon="11.82953"/>
      <trkpt lat="46.80545" lon="11.83024"/>
      <trkpt lat="46.80555" lon="11.8307"/>
      <trkpt lat="46.80565" lon="11.83106"/>
      <trkpt lat="46.80573" lon="11.83176"/>
      <trkpt lat="46.8058" lon="11.83219"/>
      <trkpt lat="46.80588" lon="11.83243"/>
      <trkpt lat="46.80593" lon="11.83251"/>
      <trkpt lat="46.80622" lon="11.83274"/>
      <trkpt lat="46.80626" lon="11.83283"/>
      <trkpt lat="46.80628" lon="11.83299"/>
      <trkpt lat="46.80627" lon="11.83308"/>
      <trkpt lat="46.8061" lon="11.83353"/>
      <trkpt lat="46.80584" lon="11.83414"/>
      <trkpt lat="46.80541" lon="11.83527"/>
      <trkpt lat="46.80533" lon="11.83549"/>
      <trkpt lat="46.80531" lon="11.83553"/>
      <trkpt lat="46.80528" lon="11.83554"/>
      <trkpt lat="46.80519" lon="11.83553"/>
      <trkpt lat="46.80511" lon="11.83569"/>
      <trkpt lat="46.80497" lon="11.83604"/>
      <trkpt lat="46.80487" lon="11.83628"/>
      <trkpt lat="46.80484" lon="11.83644"/>
      <trkpt lat="46.80457" lon="11.8371"/>
      <trkpt lat="46.8045" lon="11.83724"/>
      <trkpt lat="46.80438" lon="11.83741"/>
      <trkpt lat="46.80433" lon="11.83751"/>
      <trkpt lat="46.80426" lon="11.83773"/>
      <trkpt lat="46.80423" lon="11.83796"/>
      <trkpt lat="46.80417" lon="11.83823"/>
      <trkpt lat="46.80398" lon="11.8388"/>
      <trkpt lat="46.80379" lon="11.83931"/>
      <trkpt lat="46.80371" lon="11.8395"/>
      <trkpt lat="46.80355" lon="11.83977"/>
      <trkpt lat="46.80338" lon="11.84002"/>
      <trkpt lat="46.80333" lon="11.84005"/>
      <trkpt lat="46.80317" lon="11.84012"/>
      <trkpt lat="46.80305" lon="11.84014"/>
      <trkpt lat="46.80283" lon="11.84012"/>
      <trkpt lat="46.80271" lon="11.84014"/>
      <trkpt lat="46.80262" lon="11.84021"/>
      <trkpt lat="46.80245" lon="11.84028"/>
      <trkpt lat="46.80237" lon="11.84029"/>
      <trkpt lat="46.80199" lon="11.84021"/>
      <trkpt lat="46.8009" lon="11.84026"/>
      <trkpt lat="46.80074" lon="11.84032"/>
      <trkpt lat="46.8007" lon="11.84037"/>
      <trkpt lat="46.80063" lon="11.84039"/>
      <trkpt lat="46.80051" lon="11.84063"/>
      <trkpt lat="46.80047" lon="11.84084"/>
      <trkpt lat="46.80046" lon="11.8409"/>
      <trkpt lat="46.80044" lon="11.84099"/>
      <trkpt lat="46.80062" lon="11.84135"/>
      <trkpt lat="46.80063" lon="11.8414"/>
      <trkpt lat="46.80061" lon="11.84148"/>
      <trkpt lat="46.80051" lon="11.84161"/>
      <trkpt lat="46.80003" lon="11.84195"/>
      <trkpt lat="46.79992" lon="11.84196"/>
      <trkpt lat="46.79981" lon="11.84204"/>
      <trkpt lat="46.79955" lon="11.84217"/>
      <trkpt lat="46.79897" lon="11.8424"/>
      <trkpt lat="46.79878" lon="11.84245"/>
      <trkpt lat="46.79866" lon="11.84246"/>
      <trkpt lat="46.79858" lon="11.84258"/>
      <trkpt lat="46.79834" lon="11.84287"/>
      <trkpt lat="46.79815" lon="11.84308"/>
      <trkpt lat="46.7979" lon="11.84337"/>
      <trkpt lat="46.79782" lon="11.84347"/>
      <trkpt lat="46.79769" lon="11.84362"/>
      <trkpt lat="46.79764" lon="11.8437"/>
      <trkpt lat="46.79759" lon="11.84379"/>
      <trkpt lat="46.79714" lon="11.84442"/>
      <trkpt lat="46.79708" lon="11.84446"/>
      <trkpt lat="46.79638" lon="11.84574"/>
      <trkpt lat="46.79617" lon="11.84622"/>
      <trkpt lat="46.79601" lon="11.84667"/>
      <trkpt lat="46.79559" lon="11.84819"/>
      <trkpt lat="46.79505" lon="11.84962"/>
      <trkpt lat="46.795" lon="11.84973"/>
      <trkpt lat="46.79483" lon="11.84995"/>
      <trkpt lat="46.79454" lon="11.85052"/>
      <trkpt lat="46.79437" lon="11.851"/>
      <trkpt lat="46.79429" lon="11.85138"/>
      <trkpt lat="46.79381" lon="11.85288"/>
      <trkpt lat="46.79375" lon="11.85301"/>
      <trkpt lat="46.79325" lon="11.85378"/>
      <trkpt lat="46.79299" lon="11.85404"/>
      <trkpt lat="46.79262" lon="11.85452"/>
      <trkpt lat="46.79247" lon="11.85478"/>
      <trkpt lat="46.79225" lon="11.85523"/>
      <trkpt lat="46.79197" lon="11.8556"/>
      <trkpt lat="46.79195" lon="11.85564"/>
      <trkpt lat="46.79193" lon="11.85572"/>
      <trkpt lat="46.79195" lon="11.85576"/>
      <trkpt lat="46.79205" lon="11.85591"/>
      <trkpt lat="46.79208" lon="11.85601"/>
      <trkpt lat="46.79207" lon="11.85606"/>
      <trkpt lat="46.79204" lon="11.85613"/>
      <trkpt lat="46.79198" lon="11.85623"/>
      <trkpt lat="46.79143" lon="11.85667"/>
      <trkpt lat="46.79091" lon="11.85698"/>
      <trkpt lat="46.79041" lon="11.85721"/>
      <trkpt lat="46.79026" lon="11.85731"/>
      <trkpt lat="46.78996" lon="11.85756"/>
      <trkpt lat="46.78963" lon="11.85794"/>
      <trkpt lat="46.78942" lon="11.85826"/>
      <trkpt lat="46.78881" lon="11.85934"/>
      <trkpt lat="46.7881" lon="11.86026"/>
      <trkpt lat="46.78787" lon="11.86058"/>
      <trkpt lat="46.78776" lon="11.86079"/>
      <trkpt lat="46.78714" lon="11.86207"/>
      <trkpt lat="46.78645" lon="11.86321"/>
      <trkpt lat="46.78632" lon="11.86353"/>
      <trkpt lat="46.78621" lon="11.86383"/>
      <trkpt lat="46.78599" lon="11.86461"/>
      <trkpt lat="46.78587" lon="11.86528"/>
      <trkpt lat="46.78584" lon="11.86554"/>
      <trkpt lat="46.78579" lon="11.8662"/>
      <trkpt lat="46.78576" lon="11.86678"/>
      <trkpt lat="46.78571" lon="11.86724"/>
      <trkpt lat="46.78561" lon="11.86769"/>
      <trkpt lat="46.78518" lon="11.86916"/>
      <trkpt lat="46.78508" lon="11.8698"/>
      <trkpt lat="46.78503" lon="11.87022"/>
      <trkpt lat="46.78503" lon="11.87051"/>
      <trkpt lat="46.78504" lon="11.87097"/>
      <trkpt lat="46.78508" lon="11.87121"/>
      <trkpt lat="46.78513" lon="11.87176"/>
      <trkpt lat="46.78513" lon="11.87222"/>
      <trkpt lat="46.7851" lon="11.87259"/>
      <trkpt lat="46.78504" lon="11.87286"/>
      <trkpt lat="46.78475" lon="11.87337"/>
      <trkpt lat="46.78456" lon="11.87363"/>
      <trkpt lat="46.7844" lon="11.87384"/>
      <trkpt lat="46.78434" lon="11.87389"/>
      <trkpt lat="46.78407" lon="11.87418"/>
      <trkpt lat="46.78359" lon="11.87466"/>
      <trkpt lat="46.78343" lon="11.8749"/>
      <trkpt lat="46.78334" lon="11.87507"/>
      <trkpt lat="46.78326" lon="11.87531"/>
      <trkpt lat="46.78316" lon="11.87554"/>
      <trkpt lat="46.78275" lon="11.87602"/>
      <trkpt lat="46.78217" lon="11.87657"/>
      <trkpt lat="46.78171" lon="11.87693"/>
      <trkpt lat="46.78102" lon="11.87742"/>
      <trkpt lat="46.78082" lon="11.87759"/>
      <trkpt lat="46.78061" lon="11.87783"/>
      <trkpt lat="46.78041" lon="11.8782"/>
      <trkpt lat="46.78024" lon="11.87844"/>
      <trkpt lat="46.77976" lon="11.87886"/>
      <trkpt lat="46.77951" lon="11.87921"/>
      <trkpt lat="46.7793" lon="11.87945"/>
      <trkpt lat="46.77902" lon="11.87977"/>
      <trkpt lat="46.77898" lon="11.87983"/>
      <trkpt lat="46.77893" lon="11.88001"/>
      <trkpt lat="46.77884" lon="11.88023"/>
      <trkpt lat="46.77863" lon="11.8806"/>
      <trkpt lat="46.77857" lon="11.88076"/>
      <trkpt lat="46.77848" lon="11.8812"/>
      <trkpt lat="46.77845" lon="11.88176"/>
      <trkpt lat="46.77844" lon="11.8824"/>
      <trkpt lat="46.77849" lon="11.88295"/>
      <trkpt lat="46.77854" lon="11.88325"/>
      <trkpt lat="46.77866" lon="11.88369"/>
      <trkpt lat="46.77865" lon="11.88377"/>
      <trkpt lat="46.77861" lon="11.88391"/>
      <trkpt lat="46.77871" lon="11.88401"/>
      <trkpt lat="46.77878" lon="11.88413"/>
      <trkpt lat="46.77892" lon="11.88444"/>
      <trkpt lat="46.77906" lon="11.88482"/>
      <trkpt lat="46.77929" lon="11.88554"/>
      <trkpt lat="46.77946" lon="11.88622"/>
      <trkpt lat="46.77961" lon="11.88727"/>
      <trkpt lat="46.77986" lon="11.8886"/>
      <trkpt lat="46.77996" lon="11.88914"/>
      <trkpt lat="46.78008" lon="11.8894"/>
      <trkpt lat="46.78024" lon="11.88958"/>
      <trkpt lat="46.78059" lon="11.88983"/>
      <trkpt lat="46.78063" lon="11.88987"/>
      <trkpt lat="46.7808" lon="11.89"/>
      <trkpt lat="46.78097" lon="11.89028"/>
      <trkpt lat="46.78101" lon="11.89035"/>
      <trkpt lat="46.78134" lon="11.89071"/>
      <trkpt lat="46.78145" lon="11.89082"/>
      <trkpt lat="46.78149" lon="11.89085"/>
      <trkpt lat="46.78177" lon="11.89108"/>
      <trkpt lat="46.78194" lon="11.89128"/>
      <trkpt lat="46.78197" lon="11.89134"/>
      <trkpt lat="46.78198" lon="11.89138"/>
      <trkpt lat="46.78211" lon="11.89192"/>
      <trkpt lat="46.78213" lon="11.89198"/>
      <trkpt lat="46.7821" lon="11.89199"/>
      <trkpt lat="46.78222" lon="11.8922"/>
      <trkpt lat="46.78233" lon="11.8923"/>
      <trkpt lat="46.78239" lon="11.89237"/>
      <trkpt lat="46.78241" lon="11.89233"/>
      <trkpt lat="46.78254" lon="11.89245"/>
      <trkpt lat="46.78291" lon="11.89277"/>
      <trkpt lat="46.78305" lon="11.89293"/>
      <trkpt lat="46.78314" lon="11.8931"/>
      <trkpt lat="46.78321" lon="11.8933"/>
      <trkpt lat="46.78325" lon="11.89361"/>
      <trkpt lat="46.78323" lon="11.89427"/>
      <trkpt lat="46.78322" lon="11.89482"/>
      <trkpt lat="46.78324" lon="11.89508"/>
      <trkpt lat="46.78329" lon="11.89531"/>
      <trkpt lat="46.78339" lon="11.89552"/>
      <trkpt lat="46.78348" lon="11.89562"/>
      <trkpt lat="46.78368" lon="11.89577"/>
      <trkpt lat="46.78381" lon="11.8959"/>
      <trkpt lat="46.78386" lon="11.89594"/>
      <trkpt lat="46.78381" lon="11.89617"/>
      <trkpt lat="46.78378" lon="11.89649"/>
      <trkpt lat="46.78375" lon="11.89678"/>
      <trkpt lat="46.78372" lon="11.89728"/>
      <trkpt lat="46.78369" lon="11.89803"/>
      <trkpt lat="46.78369" lon="11.89808"/>
      <trkpt lat="46.78368" lon="11.89814"/>
      <trkpt lat="46.78366" lon="11.89838"/>
      <trkpt lat="46.78342" lon="11.89994"/>
      <trkpt lat="46.78329" lon="11.90083"/>
      <trkpt lat="46.78332" lon="11.90084"/>
      <trkpt lat="46.78346" lon="11.90087"/>
      <trkpt lat="46.78349" lon="11.90092"/>
      <trkpt lat="46.78347" lon="11.90115"/>
      <trkpt lat="46.78341" lon="11.90138"/>
      <trkpt lat="46.78338" lon="11.90158"/>
      <trkpt lat="46.78336" lon="11.90213"/>
      <trkpt lat="46.78336" lon="11.90218"/>
      <trkpt lat="46.78349" lon="11.90216"/>
      <trkpt lat="46.78355" lon="11.90222"/>
      <trkpt lat="46.78359" lon="11.9023"/>
      <trkpt lat="46.78363" lon="11.90236"/>
      <trkpt lat="46.78367" lon="11.90238"/>
      <trkpt lat="46.78384" lon="11.90237"/>
      <trkpt lat="46.78412" lon="11.90238"/>
      <trkpt lat="46.7842" lon="11.90248"/>
      <trkpt lat="46.78446" lon="11.90333"/>
      <trkpt lat="46.78459" lon="11.90328"/>
      <trkpt lat="46.78465" lon="11.90361"/>
      <trkpt lat="46.7848" lon="11.90408"/>
      <trkpt lat="46.7849" lon="11.90433"/>
      <trkpt lat="46.78557" lon="11.90564"/>
      <trkpt lat="46.78571" lon="11.90602"/>
      <trkpt lat="46.78578" lon="11.90612"/>
      <trkpt lat="46.78601" lon="11.90671"/>
      <trkpt lat="46.78615" lon="11.90716"/>
      <trkpt lat="46.78689" lon="11.91014"/>
      <trkpt lat="46.78689" lon="11.9102"/>
      <trkpt lat="46.78817" lon="11.91549"/>
      <trkpt lat="46.78899" lon="11.9189"/>
      <trkpt lat="46.7892" lon="11.91959"/>
      <trkpt lat="46.78933" lon="11.91988"/>
      <trkpt lat="46.78942" lon="11.9201"/>
      <trkpt lat="46.78954" lon="11.92029"/>
      <trkpt lat="46.7896" lon="11.9204"/>
      <trkpt lat="46.78976" lon="11.92059"/>
      <trkpt lat="46.79018" lon="11.92114"/>
      <trkpt lat="46.79026" lon="11.9213"/>
      <trkpt lat="46.7904" lon="11.92147"/>
      <trkpt lat="46.79096" lon="11.92182"/>
      <trkpt lat="46.79229" lon="11.92254"/>
      <trkpt lat="46.79263" lon="11.92264"/>
      <trkpt lat="46.79288" lon="11.92294"/>
      <trkpt lat="46.79299" lon="11.92317"/>
      <trkpt lat="46.79336" lon="11.924"/>
      <trkpt lat="46.79347" lon="11.92435"/>
      <trkpt lat="46.79353" lon="11.9246"/>
      <trkpt lat="46.79372" lon="11.92514"/>
      <trkpt lat="46.79399" lon="11.92577"/>
      <trkpt lat="46.79405" lon="11.92588"/>
      <trkpt lat="46.79412" lon="11.92595"/>
      <trkpt lat="46.79439" lon="11.9261"/>
      <trkpt lat="46.79445" lon="11.92615"/>
      <trkpt lat="46.79449" lon="11.92624"/>
      <trkpt lat="46.79451" lon="11.92631"/>
      <trkpt lat="46.7946" lon="11.92656"/>
      <trkpt lat="46.7946" lon="11.92672"/>
      <trkpt lat="46.79506" lon="11.92863"/>
      <trkpt lat="46.79512" lon="11.92886"/>
      <trkpt lat="46.79524" lon="11.92917"/>
      <trkpt lat="46.7954" lon="11.92944"/>
      <trkpt lat="46.79567" lon="11.92977"/>
      <trkpt lat="46.79588" lon="11.92991"/>
      <trkpt lat="46.79602" lon="11.92997"/>
      <trkpt lat="46.79605" lon="11.92999"/>
      <trkpt lat="46.79608" lon="11.93001"/>
      <trkpt lat="46.796" lon="11.93022"/>
      <trkpt lat="46.79598" lon="11.9303"/>
      <trkpt lat="46.79598" lon="11.93038"/>
      <trkpt lat="46.79606" lon="11.93055"/>
      <trkpt lat="46.79626" lon="11.93084"/>
      <trkpt lat="46.79689" lon="11.93225"/>
      <trkpt lat="46.79694" lon="11.93242"/>
      <trkpt lat="46.79697" lon="11.93257"/>
      <trkpt lat="46.79696" lon="11.93291"/>
      <trkpt lat="46.79694" lon="11.93373"/>
      <trkpt lat="46.79694" lon="11.93397"/>
      <trkpt lat="46.79697" lon="11.93418"/>
      <trkpt lat="46.79709" lon="11.93474"/>
      <trkpt lat="46.79711" lon="11.93492"/>
      <trkpt lat="46.79713" lon="11.93554"/>
      <trkpt lat="46.79725" lon="11.93579"/>
      <trkpt lat="46.79738" lon="11.93594"/>
      <trkpt lat="46.79764" lon="11.93653"/>
      <trkpt lat="46.79784" lon="11.93707"/>
      <trkpt lat="46.798" lon="11.93779"/>
      <trkpt lat="46.79808" lon="11.93794"/>
      <trkpt lat="46.79806" lon="11.93799"/>
      <trkpt lat="46.79803" lon="11.93807"/>
      <trkpt lat="46.79791" lon="11.93831"/>
      <trkpt lat="46.79784" lon="11.93842"/>
      <trkpt lat="46.79765" lon="11.93859"/>
      <trkpt lat="46.79747" lon="11.93872"/>
      <trkpt lat="46.79708" lon="11.93892"/>
      <trkpt lat="46.79664" lon="11.93919"/>
      <trkpt lat="46.7966" lon="11.93921"/>
      <trkpt lat="46.79663" lon="11.93932"/>
      <trkpt lat="46.79667" lon="11.93964"/>
      <trkpt lat="46.79673" lon="11.94009"/>
      <trkpt lat="46.79674" lon="11.94015"/>
      <trkpt lat="46.79672" lon="11.94025"/>
      <trkpt lat="46.79674" lon="11.94033"/>
      <trkpt lat="46.79675" lon="11.94039"/>
      <trkpt lat="46.79682" lon="11.94038"/>
      <trkpt lat="46.79688" lon="11.94043"/>
      <trkpt lat="46.79697" lon="11.94061"/>
      <trkpt lat="46.79715" lon="11.94096"/>
      <trkpt lat="46.79726" lon="11.94128"/>
      <trkpt lat="46.79747" lon="11.94223"/>
      <trkpt lat="46.7975" lon="11.94233"/>
      <trkpt lat="46.79755" lon="11.94227"/>
      <trkpt lat="46.79759" lon="11.94225"/>
      <trkpt lat="46.79775" lon="11.94216"/>
      <trkpt lat="46.79784" lon="11.94214"/>
      <trkpt lat="46.79805" lon="11.94217"/>
      <trkpt lat="46.79807" lon="11.94116"/>
      <trkpt lat="46.79815" lon="11.94045"/>
      <trkpt lat="46.79896" lon="11.94074"/>
      <trkpt lat="46.79945" lon="11.94097"/>
      <trkpt lat="46.79896" lon="11.94074"/>
      <trkpt lat="46.79815" lon="11.94045"/>
      <trkpt lat="46.79807" lon="11.94116"/>
      <trkpt lat="46.79805" lon="11.94217"/>
      <trkpt lat="46.79784" lon="11.94214"/>
      <trkpt lat="46.79775" lon="11.94216"/>
      <trkpt lat="46.79759" lon="11.94225"/>
      <trkpt lat="46.79762" lon="11.94237"/>
      <trkpt lat="46.7977" lon="11.94242"/>
      <trkpt lat="46.79791" lon="11.94274"/>
      <trkpt lat="46.79826" lon="11.94332"/>
      <trkpt lat="46.7986" lon="11.94401"/>
      <trkpt lat="46.79919" lon="11.94499"/>
      <trkpt lat="46.7993" lon="11.94514"/>
      <trkpt lat="46.79934" lon="11.94515"/>
      <trkpt lat="46.79981" lon="11.94563"/>
      <trkpt lat="46.79982" lon="11.94566"/>
      <trkpt lat="46.80018" lon="11.94603"/>
      <trkpt lat="46.80022" lon="11.94607"/>
      <trkpt lat="46.80029" lon="11.94614"/>
      <trkpt lat="46.80148" lon="11.94759"/>
      <trkpt lat="46.80149" lon="11.94763"/>
      <trkpt lat="46.80148" lon="11.94768"/>
      <trkpt lat="46.80158" lon="11.94773"/>
      <trkpt lat="46.80161" lon="11.94784"/>
      <trkpt lat="46.80184" lon="11.948"/>
      <trkpt lat="46.80198" lon="11.94808"/>
      <trkpt lat="46.80217" lon="11.94807"/>
      <trkpt lat="46.8023" lon="11.94803"/>
      <trkpt lat="46.80236" lon="11.94794"/>
      <trkpt lat="46.8024" lon="11.94783"/>
      <trkpt lat="46.80247" lon="11.94778"/>
      <trkpt lat="46.80254" lon="11.94781"/>
      <trkpt lat="46.80259" lon="11.94784"/>
      <trkpt lat="46.80253" lon="11.94811"/>
      <trkpt lat="46.80252" lon="11.94828"/>
      <trkpt lat="46.80277" lon="11.94876"/>
      <trkpt lat="46.80289" lon="11.94893"/>
      <trkpt lat="46.80295" lon="11.94899"/>
      <trkpt lat="46.80307" lon="11.94905"/>
      <trkpt lat="46.80322" lon="11.94908"/>
      <trkpt lat="46.80328" lon="11.94913"/>
      <trkpt lat="46.80326" lon="11.94919"/>
      <trkpt lat="46.80323" lon="11.94938"/>
      <trkpt lat="46.8032" lon="11.9496"/>
      <trkpt lat="46.80314" lon="11.94972"/>
      <trkpt lat="46.80276" lon="11.95012"/>
      <trkpt lat="46.80267" lon="11.95026"/>
      <trkpt lat="46.80313" lon="11.95101"/>
      <trkpt lat="46.80315" lon="11.95117"/>
      <trkpt lat="46.80315" lon="11.95155"/>
      <trkpt lat="46.80316" lon="11.95227"/>
      <trkpt lat="46.80319" lon="11.95274"/>
      <trkpt lat="46.80321" lon="11.95296"/>
      <trkpt lat="46.80323" lon="11.9532"/>
      <trkpt lat="46.8033" lon="11.95379"/>
      <trkpt lat="46.80342" lon="11.95405"/>
      <trkpt lat="46.8035" lon="11.95416"/>
      <trkpt lat="46.80367" lon="11.95437"/>
      <trkpt lat="46.80372" lon="11.95446"/>
      <trkpt lat="46.80372" lon="11.95453"/>
      <trkpt lat="46.8037" lon="11.95467"/>
      <trkpt lat="46.8036" lon="11.95504"/>
      <trkpt lat="46.80348" lon="11.95531"/>
      <trkpt lat="46.80338" lon="11.95548"/>
      <trkpt lat="46.80324" lon="11.95562"/>
      <trkpt lat="46.80308" lon="11.95575"/>
      <trkpt lat="46.8029" lon="11.95584"/>
      <trkpt lat="46.80265" lon="11.95592"/>
      <trkpt lat="46.80249" lon="11.95599"/>
      <trkpt lat="46.80235" lon="11.95611"/>
      <trkpt lat="46.80202" lon="11.95659"/>
      <trkpt lat="46.80171" lon="11.95713"/>
      <trkpt lat="46.80153" lon="11.9575"/>
      <trkpt lat="46.80146" lon="11.95765"/>
      <trkpt lat="46.80141" lon="11.9578"/>
      <trkpt lat="46.80136" lon="11.95787"/>
      <trkpt lat="46.80132" lon="11.9579"/>
      <trkpt lat="46.8012" lon="11.95793"/>
      <trkpt lat="46.80048" lon="11.95807"/>
      <trkpt lat="46.80036" lon="11.95813"/>
      <trkpt lat="46.80012" lon="11.95836"/>
      <trkpt lat="46.80004" lon="11.95848"/>
      <trkpt lat="46.8" lon="11.95863"/>
      <trkpt lat="46.79997" lon="11.95878"/>
      <trkpt lat="46.79995" lon="11.95927"/>
      <trkpt lat="46.79993" lon="11.95941"/>
      <trkpt lat="46.79986" lon="11.95962"/>
      <trkpt lat="46.79976" lon="11.9598"/>
      <trkpt lat="46.79947" lon="11.96005"/>
      <trkpt lat="46.7989" lon="11.9605"/>
      <trkpt lat="46.79836" lon="11.96091"/>
      <trkpt lat="46.79798" lon="11.96116"/>
      <trkpt lat="46.79771" lon="11.96136"/>
      <trkpt lat="46.79741" lon="11.96166"/>
      <trkpt lat="46.79733" lon="11.96178"/>
      <trkpt lat="46.7973" lon="11.96188"/>
      <trkpt lat="46.79729" lon="11.96201"/>
      <trkpt lat="46.79739" lon="11.96264"/>
      <trkpt lat="46.79739" lon="11.96298"/>
      <trkpt lat="46.79738" lon="11.96308"/>
      <trkpt lat="46.79729" lon="11.96342"/>
      <trkpt lat="46.79719" lon="11.964"/>
      <trkpt lat="46.797" lon="11.96473"/>
      <trkpt lat="46.79692" lon="11.96498"/>
      <trkpt lat="46.79678" lon="11.96533"/>
      <trkpt lat="46.79648" lon="11.966"/>
      <trkpt lat="46.79613" lon="11.96691"/>
      <trkpt lat="46.79611" lon="11.96704"/>
      <trkpt lat="46.7961" lon="11.9672"/>
      <trkpt lat="46.79619" lon="11.96794"/>
      <trkpt lat="46.79622" lon="11.96823"/>
      <trkpt lat="46.79622" lon="11.96827"/>
      <trkpt lat="46.79626" lon="11.96857"/>
      <trkpt lat="46.79629" lon="11.96876"/>
      <trkpt lat="46.79633" lon="11.96892"/>
      <trkpt lat="46.79637" lon="11.96903"/>
      <trkpt lat="46.79645" lon="11.96913"/>
      <trkpt lat="46.79648" lon="11.96923"/>
      <trkpt lat="46.79647" lon="11.96932"/>
      <trkpt lat="46.79644" lon="11.96939"/>
      <trkpt lat="46.79639" lon="11.96943"/>
      <trkpt lat="46.79618" lon="11.96964"/>
      <trkpt lat="46.79591" lon="11.96954"/>
      <trkpt lat="46.79587" lon="11.96952"/>
      <trkpt lat="46.79556" lon="11.96938"/>
      <trkpt lat="46.79525" lon="11.96927"/>
      <trkpt lat="46.79509" lon="11.96923"/>
      <trkpt lat="46.79438" lon="11.96916"/>
      <trkpt lat="46.79419" lon="11.96916"/>
      <trkpt lat="46.79398" lon="11.96923"/>
      <trkpt lat="46.79327" lon="11.9696"/>
      <trkpt lat="46.79317" lon="11.96963"/>
      <trkpt lat="46.79307" lon="11.96964"/>
      <trkpt lat="46.79303" lon="11.96963"/>
      <trkpt lat="46.79284" lon="11.97092"/>
      <trkpt lat="46.79279" lon="11.97132"/>
      <trkpt lat="46.79273" lon="11.97177"/>
      <trkpt lat="46.79265" lon="11.97231"/>
      <trkpt lat="46.79263" lon="11.97244"/>
      <trkpt lat="46.79248" lon="11.9735"/>
      <trkpt lat="46.79243" lon="11.974"/>
      <trkpt lat="46.79244" lon="11.97436"/>
      <trkpt lat="46.79248" lon="11.97464"/>
      <trkpt lat="46.79281" lon="11.97634"/>
      <trkpt lat="46.79285" lon="11.97657"/>
      <trkpt lat="46.79286" lon="11.97679"/>
      <trkpt lat="46.79286" lon="11.97695"/>
      <trkpt lat="46.79276" lon="11.97747"/>
      <trkpt lat="46.79239" lon="11.9789"/>
      <trkpt lat="46.7922" lon="11.97962"/>
      <trkpt lat="46.79205" lon="11.98019"/>
      <trkpt lat="46.79192" lon="11.98068"/>
      <trkpt lat="46.79188" lon="11.98084"/>
      <trkpt lat="46.79183" lon="11.98099"/>
      <trkpt lat="46.79149" lon="11.98228"/>
      <trkpt lat="46.79139" lon="11.98268"/>
      <trkpt lat="46.7913" lon="11.98328"/>
      <trkpt lat="46.79124" lon="11.98367"/>
      <trkpt lat="46.79116" lon="11.98423"/>
      <trkpt lat="46.79114" lon="11.98465"/>
      <trkpt lat="46.79115" lon="11.98503"/>
      <trkpt lat="46.79124" lon="11.98581"/>
      <trkpt lat="46.79126" lon="11.98615"/>
      <trkpt lat="46.79125" lon="11.9863"/>
      <trkpt lat="46.79121" lon="11.98647"/>
      <trkpt lat="46.79116" lon="11.98657"/>
      <trkpt lat="46.79108" lon="11.98669"/>
      <trkpt lat="46.79088" lon="11.98692"/>
      <trkpt lat="46.79073" lon="11.98717"/>
      <trkpt lat="46.79069" lon="11.98732"/>
      <trkpt lat="46.79066" lon="11.98751"/>
      <trkpt lat="46.79055" lon="11.98903"/>
      <trkpt lat="46.79056" lon="11.98938"/>
      <trkpt lat="46.79058" lon="11.98951"/>
      <trkpt lat="46.79065" lon="11.98972"/>
      <trkpt lat="46.79092" lon="11.99026"/>
      <trkpt lat="46.79107" lon="11.99053"/>
      <trkpt lat="46.79134" lon="11.99103"/>
      <trkpt lat="46.79148" lon="11.99131"/>
      <trkpt lat="46.79154" lon="11.99148"/>
      <trkpt lat="46.79159" lon="11.99178"/>
      <trkpt lat="46.7919" lon="11.99364"/>
      <trkpt lat="46.79191" lon="11.99372"/>
      <trkpt lat="46.79201" lon="11.99431"/>
      <trkpt lat="46.79203" lon="11.99444"/>
      <trkpt lat="46.79213" lon="11.99499"/>
      <trkpt lat="46.79215" lon="11.99517"/>
      <trkpt lat="46.79215" lon="11.99537"/>
      <trkpt lat="46.79213" lon="11.99554"/>
      <trkpt lat="46.79206" lon="11.99576"/>
      <trkpt lat="46.792" lon="11.99589"/>
      <trkpt lat="46.79189" lon="11.99603"/>
      <trkpt lat="46.79183" lon="11.99607"/>
      <trkpt lat="46.79166" lon="11.99616"/>
      <trkpt lat="46.79123" lon="11.99633"/>
      <trkpt lat="46.79103" lon="11.99636"/>
      <trkpt lat="46.79083" lon="11.99638"/>
      <trkpt lat="46.79029" lon="11.99634"/>
      <trkpt lat="46.79001" lon="11.99638"/>
      <trkpt lat="46.78988" lon="11.99644"/>
      <trkpt lat="46.78978" lon="11.99653"/>
      <trkpt lat="46.7897" lon="11.99668"/>
      <trkpt lat="46.78963" lon="11.99683"/>
      <trkpt lat="46.7896" lon="11.997"/>
      <trkpt lat="46.78952" lon="11.99756"/>
      <trkpt lat="46.78951" lon="11.99761"/>
      <trkpt lat="46.78949" lon="11.99781"/>
      <trkpt lat="46.78942" lon="11.99826"/>
      <trkpt lat="46.78941" lon="11.99831"/>
      <trkpt lat="46.78938" lon="11.99857"/>
      <trkpt lat="46.78935" lon="11.99869"/>
      <trkpt lat="46.78928" lon="11.99884"/>
      <trkpt lat="46.78919" lon="11.99895"/>
      <trkpt lat="46.7891" lon="11.99902"/>
      <trkpt lat="46.78892" lon="11.99902"/>
      <trkpt lat="46.78859" lon="11.99887"/>
      <trkpt lat="46.78833" lon="11.99882"/>
      <trkpt lat="46.78817" lon="11.99885"/>
      <trkpt lat="46.78776" lon="11.99903"/>
      <trkpt lat="46.78763" lon="11.99912"/>
      <trkpt lat="46.78758" lon="11.99916"/>
      <trkpt lat="46.78751" lon="11.99929"/>
      <trkpt lat="46.78748" lon="11.99946"/>
      <trkpt lat="46.78747" lon="11.99956"/>
      <trkpt lat="46.7875" lon="11.99974"/>
      <trkpt lat="46.78764" lon="12.00022"/>
      <trkpt lat="46.78767" lon="12.00054"/>
      <trkpt lat="46.78766" lon="12.00067"/>
      <trkpt lat="46.78761" lon="12.00083"/>
      <trkpt lat="46.78754" lon="12.00101"/>
      <trkpt lat="46.78744" lon="12.00114"/>
      <trkpt lat="46.78684" lon="12.00177"/>
      <trkpt lat="46.78673" lon="12.00194"/>
      <trkpt lat="46.78663" lon="12.00212"/>
      <trkpt lat="46.78653" lon="12.00239"/>
      <trkpt lat="46.78646" lon="12.00266"/>
      <trkpt lat="46.78641" lon="12.00278"/>
      <trkpt lat="46.78634" lon="12.0029"/>
      <trkpt lat="46.78617" lon="12.00308"/>
      <trkpt lat="46.78525" lon="12.00388"/>
      <trkpt lat="46.78502" lon="12.00417"/>
      <trkpt lat="46.78491" lon="12.00431"/>
      <trkpt lat="46.78483" lon="12.00444"/>
      <trkpt lat="46.78477" lon="12.00458"/>
      <trkpt lat="46.78471" lon="12.00477"/>
      <trkpt lat="46.78434" lon="12.00644"/>
      <trkpt lat="46.78416" lon="12.00727"/>
      <trkpt lat="46.78356" lon="12.00723"/>
      <trkpt lat="46.78323" lon="12.00725"/>
      <trkpt lat="46.78302" lon="12.00733"/>
      <trkpt lat="46.78258" lon="12.00763"/>
      <trkpt lat="46.78243" lon="12.00819"/>
      <trkpt lat="46.78221" lon="12.00924"/>
      <trkpt lat="46.78215" lon="12.00976"/>
      <trkpt lat="46.78206" lon="12.01025"/>
      <trkpt lat="46.78192" lon="12.01082"/>
      <trkpt lat="46.78164" lon="12.01155"/>
      <trkpt lat="46.78116" lon="12.01234"/>
      <trkpt lat="46.78089" lon="12.01275"/>
      <trkpt lat="46.78053" lon="12.01321"/>
      <trkpt lat="46.78036" lon="12.0134"/>
      <trkpt lat="46.78027" lon="12.01343"/>
      <trkpt lat="46.77998" lon="12.01345"/>
      <trkpt lat="46.77965" lon="12.01361"/>
      <trkpt lat="46.7795" lon="12.01372"/>
      <trkpt lat="46.77938" lon="12.01387"/>
      <trkpt lat="46.77924" lon="12.01414"/>
      <trkpt lat="46.77904" lon="12.01438"/>
      <trkpt lat="46.77866" lon="12.01462"/>
      <trkpt lat="46.77847" lon="12.01472"/>
      <trkpt lat="46.77831" lon="12.01474"/>
      <trkpt lat="46.77815" lon="12.0147"/>
      <trkpt lat="46.77801" lon="12.01463"/>
      <trkpt lat="46.77796" lon="12.01461"/>
      <trkpt lat="46.7777" lon="12.01351"/>
      <trkpt lat="46.77766" lon="12.01338"/>
      <trkpt lat="46.77756" lon="12.01325"/>
      <trkpt lat="46.77746" lon="12.01316"/>
      <trkpt lat="46.77694" lon="12.01317"/>
      <trkpt lat="46.77639" lon="12.01315"/>
      <trkpt lat="46.77629" lon="12.01325"/>
      <trkpt lat="46.77622" lon="12.01343"/>
      <trkpt lat="46.77603" lon="12.0138"/>
      <trkpt lat="46.77587" lon="12.01385"/>
      <trkpt lat="46.77504" lon="12.01383"/>
      <trkpt lat="46.77479" lon="12.01387"/>
      <trkpt lat="46.77454" lon="12.01398"/>
      <trkpt lat="46.77437" lon="12.01413"/>
      <trkpt lat="46.77419" lon="12.01433"/>
      <trkpt lat="46.77393" lon="12.01468"/>
      <trkpt lat="46.77363" lon="12.01513"/>
      <trkpt lat="46.77353" lon="12.01538"/>
      <trkpt lat="46.77337" lon="12.01603"/>
      <trkpt lat="46.77328" lon="12.01603"/>
      <trkpt lat="46.77302" lon="12.01599"/>
      <trkpt lat="46.77284" lon="12.01596"/>
      <trkpt lat="46.77265" lon="12.01594"/>
      <trkpt lat="46.77255" lon="12.01596"/>
      <trkpt lat="46.77242" lon="12.01604"/>
      <trkpt lat="46.77202" lon="12.01648"/>
      <trkpt lat="46.7718" lon="12.01667"/>
      <trkpt lat="46.77163" lon="12.01674"/>
      <trkpt lat="46.77145" lon="12.01679"/>
      <trkpt lat="46.77092" lon="12.01682"/>
      <trkpt lat="46.77052" lon="12.0169"/>
      <trkpt lat="46.77021" lon="12.017"/>
      <trkpt lat="46.77003" lon="12.01701"/>
      <trkpt lat="46.76995" lon="12.01697"/>
      <trkpt lat="46.7699" lon="12.01686"/>
      <trkpt lat="46.76989" lon="12.01678"/>
      <trkpt lat="46.76989" lon="12.01661"/>
      <trkpt lat="46.76991" lon="12.01644"/>
      <trkpt lat="46.76996" lon="12.01616"/>
      <trkpt lat="46.77009" lon="12.01533"/>
      <trkpt lat="46.77009" lon="12.0152"/>
      <trkpt lat="46.77005" lon="12.01501"/>
      <trkpt lat="46.76992" lon="12.01465"/>
      <trkpt lat="46.76984" lon="12.01447"/>
      <trkpt lat="46.7698" lon="12.01441"/>
      <trkpt lat="46.76966" lon="12.01433"/>
      <trkpt lat="46.76959" lon="12.01435"/>
      <trkpt lat="46.76949" lon="12.01446"/>
      <trkpt lat="46.76944" lon="12.01456"/>
      <trkpt lat="46.76919" lon="12.01519"/>
      <trkpt lat="46.76905" lon="12.01547"/>
      <trkpt lat="46.76893" lon="12.01568"/>
      <trkpt lat="46.76887" lon="12.01577"/>
      <trkpt lat="46.7688" lon="12.01583"/>
      <trkpt lat="46.76857" lon="12.01596"/>
      <trkpt lat="46.76854" lon="12.01601"/>
      <trkpt lat="46.76843" lon="12.01644"/>
      <trkpt lat="46.76841" lon="12.01652"/>
      <trkpt lat="46.76838" lon="12.01654"/>
      <trkpt lat="46.76816" lon="12.01657"/>
      <trkpt lat="46.7681" lon="12.0166"/>
      <trkpt lat="46.76806" lon="12.01665"/>
      <trkpt lat="46.76804" lon="12.01669"/>
      <trkpt lat="46.768" lon="12.01698"/>
      <trkpt lat="46.76796" lon="12.01708"/>
      <trkpt lat="46.76787" lon="12.01718"/>
      <trkpt lat="46.76775" lon="12.01727"/>
      <trkpt lat="46.7677" lon="12.01735"/>
      <trkpt lat="46.76757" lon="12.01771"/>
      <trkpt lat="46.76756" lon="12.01793"/>
      <trkpt lat="46.76762" lon="12.01866"/>
      <trkpt lat="46.76763" lon="12.01873"/>
      <trkpt lat="46.76766" lon="12.01885"/>
      <trkpt lat="46.76773" lon="12.01904"/>
      <trkpt lat="46.76783" lon="12.01914"/>
      <trkpt lat="46.76786" lon="12.01915"/>
      <trkpt lat="46.76796" lon="12.01917"/>
      <trkpt lat="46.76805" lon="12.01916"/>
      <trkpt lat="46.76835" lon="12.01903"/>
      <trkpt lat="46.76842" lon="12.01906"/>
      <trkpt lat="46.76843" lon="12.01913"/>
      <trkpt lat="46.76843" lon="12.01919"/>
      <trkpt lat="46.7684" lon="12.01924"/>
      <trkpt lat="46.76805" lon="12.0197"/>
      <trkpt lat="46.76796" lon="12.01979"/>
      <trkpt lat="46.76772" lon="12.01999"/>
      <trkpt lat="46.7674" lon="12.02037"/>
      <trkpt lat="46.7671" lon="12.0208"/>
      <trkpt lat="46.76708" lon="12.02088"/>
      <trkpt lat="46.76702" lon="12.02124"/>
      <trkpt lat="46.76689" lon="12.02207"/>
      <trkpt lat="46.76683" lon="12.02239"/>
      <trkpt lat="46.7667" lon="12.0228"/>
      <trkpt lat="46.76629" lon="12.02361"/>
      <trkpt lat="46.7658" lon="12.02454"/>
      <trkpt lat="46.76566" lon="12.02478"/>
      <trkpt lat="46.76551" lon="12.02498"/>
      <trkpt lat="46.76435" lon="12.0265"/>
      <trkpt lat="46.76417" lon="12.02671"/>
      <trkpt lat="46.76403" lon="12.02685"/>
      <trkpt lat="46.76389" lon="12.02695"/>
      <trkpt lat="46.76367" lon="12.02705"/>
      <trkpt lat="46.76359" lon="12.02711"/>
      <trkpt lat="46.76344" lon="12.0273"/>
      <trkpt lat="46.76325" lon="12.02757"/>
      <trkpt lat="46.76311" lon="12.02777"/>
      <trkpt lat="46.76282" lon="12.02803"/>
      <trkpt lat="46.76215" lon="12.02886"/>
      <trkpt lat="46.7621" lon="12.02892"/>
      <trkpt lat="46.76176" lon="12.02926"/>
      <trkpt lat="46.76144" lon="12.02941"/>
      <trkpt lat="46.76137" lon="12.02946"/>
      <trkpt lat="46.7613" lon="12.02962"/>
      <trkpt lat="46.76128" lon="12.02972"/>
      <trkpt lat="46.76128" lon="12.03011"/>
      <trkpt lat="46.76136" lon="12.03063"/>
      <trkpt lat="46.76141" lon="12.03089"/>
      <trkpt lat="46.76145" lon="12.03127"/>
      <trkpt lat="46.7615" lon="12.03137"/>
      <trkpt lat="46.76145" lon="12.03152"/>
      <trkpt lat="46.76144" lon="12.0316"/>
      <trkpt lat="46.76149" lon="12.03191"/>
      <trkpt lat="46.76159" lon="12.03239"/>
      <trkpt lat="46.7616" lon="12.03252"/>
      <trkpt lat="46.76159" lon="12.03265"/>
      <trkpt lat="46.76156" lon="12.03278"/>
      <trkpt lat="46.76149" lon="12.03295"/>
      <trkpt lat="46.76125" lon="12.03335"/>
      <trkpt lat="46.7611" lon="12.03374"/>
      <trkpt lat="46.76105" lon="12.0339"/>
      <trkpt lat="46.76092" lon="12.03444"/>
      <trkpt lat="46.76069" lon="12.03595"/>
      <trkpt lat="46.7606" lon="12.03625"/>
      <trkpt lat="46.76049" lon="12.03644"/>
      <trkpt lat="46.76036" lon="12.03654"/>
      <trkpt lat="46.76001" lon="12.03672"/>
      <trkpt lat="46.75967" lon="12.03689"/>
      <trkpt lat="46.75946" lon="12.03702"/>
      <trkpt lat="46.75926" lon="12.03717"/>
      <trkpt lat="46.75909" lon="12.03731"/>
      <trkpt lat="46.75827" lon="12.03812"/>
      <trkpt lat="46.758" lon="12.03839"/>
      <trkpt lat="46.75792" lon="12.03848"/>
      <trkpt lat="46.75778" lon="12.0387"/>
      <trkpt lat="46.75754" lon="12.03921"/>
      <trkpt lat="46.75753" lon="12.03928"/>
      <trkpt lat="46.75756" lon="12.03941"/>
      <trkpt lat="46.75763" lon="12.03952"/>
      <trkpt lat="46.75765" lon="12.03954"/>
      <trkpt lat="46.75773" lon="12.03958"/>
      <trkpt lat="46.75804" lon="12.03966"/>
      <trkpt lat="46.75819" lon="12.03971"/>
      <trkpt lat="46.75824" lon="12.03974"/>
      <trkpt lat="46.75827" lon="12.03979"/>
      <trkpt lat="46.75839" lon="12.04012"/>
      <trkpt lat="46.75847" lon="12.04033"/>
      <trkpt lat="46.75847" lon="12.04047"/>
      <trkpt lat="46.75827" lon="12.04134"/>
      <trkpt lat="46.7582" lon="12.04175"/>
      <trkpt lat="46.75815" lon="12.04222"/>
      <trkpt lat="46.75814" lon="12.04235"/>
      <trkpt lat="46.75813" lon="12.0428"/>
      <trkpt lat="46.75812" lon="12.04376"/>
      <trkpt lat="46.75809" lon="12.04461"/>
      <trkpt lat="46.75808" lon="12.04471"/>
      <trkpt lat="46.75806" lon="12.04505"/>
      <trkpt lat="46.75802" lon="12.04525"/>
      <trkpt lat="46.75796" lon="12.04537"/>
      <trkpt lat="46.75787" lon="12.04548"/>
      <trkpt lat="46.7577" lon="12.04558"/>
      <trkpt lat="46.75738" lon="12.04571"/>
      <trkpt lat="46.75721" lon="12.04576"/>
      <trkpt lat="46.75713" lon="12.04584"/>
      <trkpt lat="46.75712" lon="12.04601"/>
      <trkpt lat="46.75718" lon="12.04617"/>
      <trkpt lat="46.7573" lon="12.04639"/>
      <trkpt lat="46.75737" lon="12.04658"/>
      <trkpt lat="46.75741" lon="12.04691"/>
      <trkpt lat="46.75739" lon="12.0475"/>
      <trkpt lat="46.75737" lon="12.04804"/>
      <trkpt lat="46.7573" lon="12.0485"/>
      <trkpt lat="46.75722" lon="12.04887"/>
      <trkpt lat="46.75703" lon="12.04944"/>
      <trkpt lat="46.75691" lon="12.04955"/>
      <trkpt lat="46.75682" lon="12.04958"/>
      <trkpt lat="46.75665" lon="12.04959"/>
      <trkpt lat="46.75657" lon="12.04964"/>
      <trkpt lat="46.75653" lon="12.04969"/>
      <trkpt lat="46.75634" lon="12.05017"/>
      <trkpt lat="46.7561" lon="12.05086"/>
      <trkpt lat="46.75594" lon="12.05132"/>
      <trkpt lat="46.7559" lon="12.0514"/>
      <trkpt lat="46.75581" lon="12.05153"/>
      <trkpt lat="46.75575" lon="12.05159"/>
      <trkpt lat="46.75527" lon="12.05198"/>
      <trkpt lat="46.7551" lon="12.05214"/>
      <trkpt lat="46.75504" lon="12.05221"/>
      <trkpt lat="46.75431" lon="12.05352"/>
      <trkpt lat="46.75422" lon="12.0538"/>
      <trkpt lat="46.75416" lon="12.05407"/>
      <trkpt lat="46.75414" lon="12.05429"/>
      <trkpt lat="46.75416" lon="12.05449"/>
      <trkpt lat="46.7543" lon="12.05526"/>
      <trkpt lat="46.75434" lon="12.05609"/>
      <trkpt lat="46.7544" lon="12.05665"/>
      <trkpt lat="46.75452" lon="12.05738"/>
      <trkpt lat="46.75453" lon="12.05756"/>
      <trkpt lat="46.75438" lon="12.05856"/>
      <trkpt lat="46.75435" lon="12.05896"/>
      <trkpt lat="46.75434" lon="12.05964"/>
      <trkpt lat="46.75427" lon="12.06092"/>
      <trkpt lat="46.75422" lon="12.06138"/>
      <trkpt lat="46.75415" lon="12.06165"/>
      <trkpt lat="46.75362" lon="12.06307"/>
      <trkpt lat="46.75347" lon="12.06364"/>
      <trkpt lat="46.75312" lon="12.06426"/>
      <trkpt lat="46.75308" lon="12.06437"/>
      <trkpt lat="46.75307" lon="12.06444"/>
      <trkpt lat="46.75309" lon="12.06462"/>
      <trkpt lat="46.75324" lon="12.06487"/>
      <trkpt lat="46.75376" lon="12.0653"/>
      <trkpt lat="46.7541" lon="12.06573"/>
      <trkpt lat="46.75414" lon="12.06581"/>
      <trkpt lat="46.75415" lon="12.06586"/>
      <trkpt lat="46.75415" lon="12.06599"/>
      <trkpt lat="46.7541" lon="12.06611"/>
      <trkpt lat="46.75405" lon="12.06616"/>
      <trkpt lat="46.75377" lon="12.06629"/>
      <trkpt lat="46.7537" lon="12.0664"/>
      <trkpt lat="46.75368" lon="12.06646"/>
      <trkpt lat="46.75368" lon="12.06663"/>
      <trkpt lat="46.7537" lon="12.06673"/>
      <trkpt lat="46.75375" lon="12.06686"/>
      <trkpt lat="46.75389" lon="12.06707"/>
      <trkpt lat="46.75393" lon="12.06717"/>
      <trkpt lat="46.75394" lon="12.06726"/>
      <trkpt lat="46.75395" lon="12.06823"/>
      <trkpt lat="46.75397" lon="12.06838"/>
      <trkpt lat="46.75409" lon="12.06863"/>
      <trkpt lat="46.75412" lon="12.06875"/>
      <trkpt lat="46.75417" lon="12.06932"/>
      <trkpt lat="46.7543" lon="12.07031"/>
      <trkpt lat="46.75431" lon="12.0704"/>
      <trkpt lat="46.75428" lon="12.07077"/>
      <trkpt lat="46.75429" lon="12.07088"/>
      <trkpt lat="46.75447" lon="12.0718"/>
      <trkpt lat="46.7545" lon="12.07189"/>
      <trkpt lat="46.75463" lon="12.07204"/>
      <trkpt lat="46.75524" lon="12.07245"/>
      <trkpt lat="46.75536" lon="12.07248"/>
      <trkpt lat="46.75548" lon="12.07246"/>
      <trkpt lat="46.75555" lon="12.07239"/>
      <trkpt lat="46.7556" lon="12.07233"/>
      <trkpt lat="46.75572" lon="12.07206"/>
      <trkpt lat="46.75589" lon="12.07182"/>
      <trkpt lat="46.75596" lon="12.07176"/>
      <trkpt lat="46.75601" lon="12.07175"/>
      <trkpt lat="46.75607" lon="12.07176"/>
      <trkpt lat="46.75617" lon="12.07182"/>
      <trkpt lat="46.75622" lon="12.07199"/>
      <trkpt lat="46.75621" lon="12.07211"/>
      <trkpt lat="46.75616" lon="12.07232"/>
      <trkpt lat="46.75608" lon="12.07253"/>
      <trkpt lat="46.75602" lon="12.07273"/>
      <trkpt lat="46.75597" lon="12.07301"/>
      <trkpt lat="46.75591" lon="12.0738"/>
      <trkpt lat="46.75592" lon="12.07407"/>
      <trkpt lat="46.75603" lon="12.07526"/>
      <trkpt lat="46.75611" lon="12.07558"/>
      <trkpt lat="46.75629" lon="12.07623"/>
      <trkpt lat="46.7564" lon="12.07686"/>
      <trkpt lat="46.75641" lon="12.07704"/>
      <trkpt lat="46.7564" lon="12.07742"/>
      <trkpt lat="46.75641" lon="12.07754"/>
      <trkpt lat="46.75644" lon="12.07771"/>
      <trkpt lat="46.75654" lon="12.07799"/>
      <trkpt lat="46.75655" lon="12.07821"/>
      <trkpt lat="46.75654" lon="12.07858"/>
      <trkpt lat="46.75642" lon="12.07949"/>
      <trkpt lat="46.75631" lon="12.08017"/>
      <trkpt lat="46.75618" lon="12.08059"/>
      <trkpt lat="46.75577" lon="12.08093"/>
      <trkpt lat="46.75548" lon="12.08174"/>
      <trkpt lat="46.75519" lon="12.08203"/>
      <trkpt lat="46.75506" lon="12.08219"/>
      <trkpt lat="46.7549" lon="12.08246"/>
      <trkpt lat="46.75487" lon="12.08266"/>
      <trkpt lat="46.75478" lon="12.08312"/>
      <trkpt lat="46.75459" lon="12.0837"/>
      <trkpt lat="46.75446" lon="12.08413"/>
      <trkpt lat="46.75442" lon="12.08469"/>
      <trkpt lat="46.75391" lon="12.08624"/>
      <trkpt lat="46.75379" lon="12.08655"/>
      <trkpt lat="46.75377" lon="12.08676"/>
      <trkpt lat="46.75385" lon="12.0872"/>
      <trkpt lat="46.75388" lon="12.0875"/>
      <trkpt lat="46.75388" lon="12.08766"/>
      <trkpt lat="46.7538" lon="12.08811"/>
      <trkpt lat="46.75376" lon="12.08824"/>
      <trkpt lat="46.75369" lon="12.08836"/>
      <trkpt lat="46.75346" lon="12.08856"/>
      <trkpt lat="46.75339" lon="12.08867"/>
      <trkpt lat="46.75336" lon="12.08877"/>
      <trkpt lat="46.75338" lon="12.08899"/>
      <trkpt lat="46.75343" lon="12.08914"/>
      <trkpt lat="46.75354" lon="12.0893"/>
      <trkpt lat="46.75361" lon="12.08944"/>
      <trkpt lat="46.75363" lon="12.08953"/>
      <trkpt lat="46.75363" lon="12.08961"/>
      <trkpt lat="46.75355" lon="12.08985"/>
      <trkpt lat="46.75355" lon="12.09"/>
      <trkpt lat="46.75357" lon="12.09008"/>
      <trkpt lat="46.7537" lon="12.09024"/>
      <trkpt lat="46.75375" lon="12.09034"/>
      <trkpt lat="46.75376" lon="12.09041"/>
      <trkpt lat="46.75376" lon="12.09069"/>
      <trkpt lat="46.75369" lon="12.09091"/>
      <trkpt lat="46.75356" lon="12.09116"/>
      <trkpt lat="46.75324" lon="12.09155"/>
      <trkpt lat="46.75306" lon="12.09182"/>
      <trkpt lat="46.75304" lon="12.09189"/>
      <trkpt lat="46.75304" lon="12.09204"/>
      <trkpt lat="46.75308" lon="12.0921"/>
      <trkpt lat="46.75314" lon="12.09215"/>
      <trkpt lat="46.75324" lon="12.09219"/>
      <trkpt lat="46.75348" lon="12.09222"/>
      <trkpt lat="46.7536" lon="12.09232"/>
      <trkpt lat="46.7537" lon="12.09248"/>
      <trkpt lat="46.7537" lon="12.09262"/>
      <trkpt lat="46.75367" lon="12.09269"/>
      <trkpt lat="46.75352" lon="12.09286"/>
      <trkpt lat="46.75345" lon="12.09298"/>
      <trkpt lat="46.75341" lon="12.09313"/>
      <trkpt lat="46.75336" lon="12.0937"/>
      <trkpt lat="46.75337" lon="12.09392"/>
      <trkpt lat="46.7534" lon="12.09415"/>
      <trkpt lat="46.75342" lon="12.09464"/>
      <trkpt lat="46.75341" lon="12.09477"/>
      <trkpt lat="46.75336" lon="12.09494"/>
      <trkpt lat="46.75335" lon="12.09507"/>
      <trkpt lat="46.75337" lon="12.09511"/>
      <trkpt lat="46.75345" lon="12.09511"/>
      <trkpt lat="46.75353" lon="12.09505"/>
      <trkpt lat="46.75358" lon="12.09497"/>
      <trkpt lat="46.75373" lon="12.09454"/>
      <trkpt lat="46.75381" lon="12.09425"/>
      <trkpt lat="46.75385" lon="12.09406"/>
      <trkpt lat="46.75388" lon="12.09401"/>
      <trkpt lat="46.75392" lon="12.09399"/>
      <trkpt lat="46.75399" lon="12.09399"/>
      <trkpt lat="46.75401" lon="12.09406"/>
      <trkpt lat="46.75402" lon="12.09415"/>
      <trkpt lat="46.75393" lon="12.0948"/>
      <trkpt lat="46.75388" lon="12.09539"/>
      <trkpt lat="46.75389" lon="12.09572"/>
      <trkpt lat="46.75386" lon="12.0958"/>
      <trkpt lat="46.75342" lon="12.09643"/>
      <trkpt lat="46.75325" lon="12.09658"/>
      <trkpt lat="46.75314" lon="12.09663"/>
      <trkpt lat="46.75295" lon="12.09666"/>
      <trkpt lat="46.7529" lon="12.0967"/>
      <trkpt lat="46.75284" lon="12.09687"/>
      <trkpt lat="46.75284" lon="12.09695"/>
      <trkpt lat="46.75289" lon="12.09704"/>
      <trkpt lat="46.75297" lon="12.09711"/>
      <trkpt lat="46.7531" lon="12.09715"/>
      <trkpt lat="46.75321" lon="12.09721"/>
      <trkpt lat="46.75349" lon="12.09742"/>
      <trkpt lat="46.7536" lon="12.0975"/>
      <trkpt lat="46.75381" lon="12.09785"/>
      <trkpt lat="46.75402" lon="12.0983"/>
      <trkpt lat="46.75421" lon="12.09902"/>
      <trkpt lat="46.75432" lon="12.09982"/>
      <trkpt lat="46.75442" lon="12.10027"/>
      <trkpt lat="46.75467" lon="12.10125"/>
      <trkpt lat="46.75466" lon="12.10157"/>
      <trkpt lat="46.75457" lon="12.10196"/>
      <trkpt lat="46.75451" lon="12.10213"/>
      <trkpt lat="46.75444" lon="12.10225"/>
      <trkpt lat="46.75435" lon="12.10236"/>
      <trkpt lat="46.75372" lon="12.10282"/>
      <trkpt lat="46.75342" lon="12.10302"/>
      <trkpt lat="46.75323" lon="12.10321"/>
      <trkpt lat="46.75312" lon="12.10335"/>
      <trkpt lat="46.75301" lon="12.10351"/>
      <trkpt lat="46.75292" lon="12.10369"/>
      <trkpt lat="46.75278" lon="12.10403"/>
      <trkpt lat="46.75272" lon="12.1043"/>
      <trkpt lat="46.75265" lon="12.10481"/>
      <trkpt lat="46.75263" lon="12.105"/>
      <trkpt lat="46.75255" lon="12.10553"/>
      <trkpt lat="46.75225" lon="12.10555"/>
      <trkpt lat="46.75218" lon="12.10558"/>
      <trkpt lat="46.75206" lon="12.1057"/>
      <trkpt lat="46.75197" lon="12.10584"/>
      <trkpt lat="46.75187" lon="12.10611"/>
      <trkpt lat="46.75179" lon="12.10647"/>
      <trkpt lat="46.75175" lon="12.10679"/>
      <trkpt lat="46.75173" lon="12.10712"/>
      <trkpt lat="46.75172" lon="12.10733"/>
      <trkpt lat="46.75178" lon="12.10762"/>
      <trkpt lat="46.75181" lon="12.10774"/>
      <trkpt lat="46.75203" lon="12.10816"/>
      <trkpt lat="46.75205" lon="12.10825"/>
      <trkpt lat="46.75205" lon="12.10835"/>
      <trkpt lat="46.75199" lon="12.10864"/>
      <trkpt lat="46.75181" lon="12.1094"/>
      <trkpt lat="46.75155" lon="12.11039"/>
      <trkpt lat="46.75109" lon="12.11196"/>
      <trkpt lat="46.75077" lon="12.11285"/>
      <trkpt lat="46.75043" lon="12.11358"/>
      <trkpt lat="46.74987" lon="12.11463"/>
      <trkpt lat="46.74957" lon="12.11524"/>
      <trkpt lat="46.74946" lon="12.11553"/>
      <trkpt lat="46.74924" lon="12.11618"/>
      <trkpt lat="46.74918" lon="12.11629"/>
      <trkpt lat="46.74892" lon="12.11666"/>
      <trkpt lat="46.74876" lon="12.11694"/>
      <trkpt lat="46.74846" lon="12.11745"/>
      <trkpt lat="46.74821" lon="12.11772"/>
      <trkpt lat="46.74808" lon="12.11787"/>
      <trkpt lat="46.74781" lon="12.1183"/>
      <trkpt lat="46.74768" lon="12.11844"/>
      <trkpt lat="46.74743" lon="12.11863"/>
      <trkpt lat="46.74731" lon="12.11869"/>
      <trkpt lat="46.74686" lon="12.11883"/>
      <trkpt lat="46.74668" lon="12.11896"/>
      <trkpt lat="46.74626" lon="12.11903"/>
      <trkpt lat="46.74593" lon="12.1192"/>
      <trkpt lat="46.74571" lon="12.11942"/>
      <trkpt lat="46.74561" lon="12.11962"/>
      <trkpt lat="46.74554" lon="12.1198"/>
      <trkpt lat="46.74536" lon="12.12067"/>
      <trkpt lat="46.74509" lon="12.12155"/>
      <trkpt lat="46.74503" lon="12.12172"/>
      <trkpt lat="46.7449" lon="12.122"/>
      <trkpt lat="46.74469" lon="12.12237"/>
      <trkpt lat="46.74408" lon="12.12334"/>
      <trkpt lat="46.7433" lon="12.12467"/>
      <trkpt lat="46.7428" lon="12.1254"/>
      <trkpt lat="46.74263" lon="12.12566"/>
      <trkpt lat="46.74239" lon="12.12609"/>
      <trkpt lat="46.74221" lon="12.12657"/>
      <trkpt lat="46.742" lon="12.12699"/>
      <trkpt lat="46.74172" lon="12.12741"/>
      <trkpt lat="46.74156" lon="12.12784"/>
      <trkpt lat="46.74148" lon="12.12799"/>
      <trkpt lat="46.74137" lon="12.12812"/>
      <trkpt lat="46.74116" lon="12.12832"/>
      <trkpt lat="46.74091" lon="12.12851"/>
      <trkpt lat="46.74051" lon="12.12889"/>
      <trkpt lat="46.74038" lon="12.12906"/>
      <trkpt lat="46.74017" lon="12.12945"/>
      <trkpt lat="46.73967" lon="12.13017"/>
      <trkpt lat="46.73952" lon="12.13047"/>
      <trkpt lat="46.73933" lon="12.1308"/>
      <trkpt lat="46.73913" lon="12.13105"/>
      <trkpt lat="46.73904" lon="12.13121"/>
      <trkpt lat="46.73888" lon="12.13174"/>
      <trkpt lat="46.73859" lon="12.13245"/>
      <trkpt lat="46.73826" lon="12.13331"/>
      <trkpt lat="46.73825" lon="12.13347"/>
      <trkpt lat="46.73825" lon="12.13388"/>
      <trkpt lat="46.73823" lon="12.13394"/>
      <trkpt lat="46.73816" lon="12.13405"/>
      <trkpt lat="46.738" lon="12.13419"/>
      <trkpt lat="46.73752" lon="12.13439"/>
      <trkpt lat="46.73741" lon="12.13449"/>
      <trkpt lat="46.7372" lon="12.13474"/>
      <trkpt lat="46.73703" lon="12.13489"/>
      <trkpt lat="46.73666" lon="12.13513"/>
      <trkpt lat="46.73633" lon="12.13531"/>
      <trkpt lat="46.73637" lon="12.13544"/>
      <trkpt lat="46.73643" lon="12.13566"/>
      <trkpt lat="46.73644" lon="12.1357"/>
      <trkpt lat="46.73657" lon="12.13583"/>
      <trkpt lat="46.73671" lon="12.13586"/>
      <trkpt lat="46.73683" lon="12.13583"/>
      <trkpt lat="46.73776" lon="12.13553"/>
      <trkpt lat="46.73788" lon="12.13553"/>
      <trkpt lat="46.73792" lon="12.1356"/>
      <trkpt lat="46.73793" lon="12.13565"/>
      <trkpt lat="46.7377" lon="12.13572"/>
      <trkpt lat="46.73736" lon="12.13589"/>
      <trkpt lat="46.73693" lon="12.13619"/>
      <trkpt lat="46.73663" lon="12.13645"/>
      <trkpt lat="46.73594" lon="12.13719"/>
      <trkpt lat="46.73585" lon="12.1373"/>
      <trkpt lat="46.73592" lon="12.1374"/>
      <trkpt lat="46.73596" lon="12.13742"/>
      <trkpt lat="46.73601" lon="12.13741"/>
      <trkpt lat="46.73606" lon="12.13737"/>
      <trkpt lat="46.7362" lon="12.13712"/>
      <trkpt lat="46.73629" lon="12.13701"/>
      <trkpt lat="46.73648" lon="12.13682"/>
      <trkpt lat="46.73662" lon="12.13671"/>
      <trkpt lat="46.73691" lon="12.13669"/>
      <trkpt lat="46.73722" lon="12.13658"/>
      <trkpt lat="46.73734" lon="12.13658"/>
      <trkpt lat="46.7375" lon="12.13664"/>
      <trkpt lat="46.73765" lon="12.13681"/>
      <trkpt lat="46.73769" lon="12.13687"/>
      <trkpt lat="46.73773" lon="12.13699"/>
      <trkpt lat="46.73779" lon="12.1372"/>
      <trkpt lat="46.738" lon="12.13852"/>
      <trkpt lat="46.73793" lon="12.13844"/>
      <trkpt lat="46.7379" lon="12.13836"/>
      <trkpt lat="46.73784" lon="12.13804"/>
      <trkpt lat="46.73778" lon="12.13772"/>
      <trkpt lat="46.73784" lon="12.13804"/>
      <trkpt lat="46.7379" lon="12.13836"/>
      <trkpt lat="46.73793" lon="12.13844"/>
      <trkpt lat="46.738" lon="12.13852"/>
      <trkpt lat="46.73779" lon="12.1372"/>
      <trkpt lat="46.73773" lon="12.13699"/>
      <trkpt lat="46.73769" lon="12.13687"/>
      <trkpt lat="46.73765" lon="12.13681"/>
      <trkpt lat="46.7375" lon="12.13664"/>
      <trkpt lat="46.73734" lon="12.13658"/>
      <trkpt lat="46.73722" lon="12.13658"/>
      <trkpt lat="46.73691" lon="12.13669"/>
      <trkpt lat="46.73662" lon="12.13671"/>
      <trkpt lat="46.73648" lon="12.13682"/>
      <trkpt lat="46.73629" lon="12.13701"/>
      <trkpt lat="46.7362" lon="12.13712"/>
      <trkpt lat="46.73606" lon="12.13737"/>
      <trkpt lat="46.73601" lon="12.13741"/>
      <trkpt lat="46.73596" lon="12.13742"/>
      <trkpt lat="46.73592" lon="12.1374"/>
      <trkpt lat="46.73585" lon="12.1373"/>
      <trkpt lat="46.73557" lon="12.13783"/>
      <trkpt lat="46.73533" lon="12.1383"/>
      <trkpt lat="46.73513" lon="12.13863"/>
      <trkpt lat="46.73428" lon="12.13975"/>
      <trkpt lat="46.734" lon="12.14009"/>
      <trkpt lat="46.73376" lon="12.1403"/>
      <trkpt lat="46.73349" lon="12.14046"/>
      <trkpt lat="46.73263" lon="12.14075"/>
      <trkpt lat="46.73212" lon="12.14092"/>
      <trkpt lat="46.73174" lon="12.14097"/>
      <trkpt lat="46.72958" lon="12.14094"/>
      <trkpt lat="46.72955" lon="12.14084"/>
      <trkpt lat="46.72952" lon="12.14078"/>
      <trkpt lat="46.7293" lon="12.14061"/>
      <trkpt lat="46.72842" lon="12.13997"/>
      <trkpt lat="46.72801" lon="12.1396"/>
      <trkpt lat="46.72797" lon="12.13945"/>
      <trkpt lat="46.72799" lon="12.13923"/>
      <trkpt lat="46.72798" lon="12.1388"/>
      <trkpt lat="46.72797" lon="12.13867"/>
      <trkpt lat="46.72793" lon="12.13858"/>
      <trkpt lat="46.72785" lon="12.13851"/>
      <trkpt lat="46.72699" lon="12.13822"/>
      <trkpt lat="46.72659" lon="12.13817"/>
      <trkpt lat="46.72638" lon="12.13811"/>
      <trkpt lat="46.72619" lon="12.13799"/>
      <trkpt lat="46.72514" lon="12.13696"/>
      <trkpt lat="46.72508" lon="12.13694"/>
      <trkpt lat="46.72506" lon="12.13695"/>
      <trkpt lat="46.72498" lon="12.13713"/>
      <trkpt lat="46.72492" lon="12.13712"/>
      <trkpt lat="46.72463" lon="12.13688"/>
      <trkpt lat="46.72447" lon="12.13675"/>
      <trkpt lat="46.72441" lon="12.13674"/>
      <trkpt lat="46.72427" lon="12.1369"/>
      <trkpt lat="46.72407" lon="12.13709"/>
      <trkpt lat="46.72392" lon="12.13716"/>
      <trkpt lat="46.72375" lon="12.13731"/>
      <trkpt lat="46.7236" lon="12.13733"/>
      <trkpt lat="46.72339" lon="12.13742"/>
      <trkpt lat="46.72332" lon="12.13741"/>
      <trkpt lat="46.72326" lon="12.13732"/>
      <trkpt lat="46.72318" lon="12.13708"/>
      <trkpt lat="46.72291" lon="12.13662"/>
      <trkpt lat="46.72277" lon="12.13622"/>
      <trkpt lat="46.72268" lon="12.13604"/>
      <trkpt lat="46.72241" lon="12.13533"/>
      <trkpt lat="46.72225" lon="12.13509"/>
      <trkpt lat="46.72205" lon="12.13485"/>
      <trkpt lat="46.72195" lon="12.13454"/>
      <trkpt lat="46.72183" lon="12.13436"/>
      <trkpt lat="46.72161" lon="12.13416"/>
      <trkpt lat="46.72147" lon="12.13396"/>
      <trkpt lat="46.7212" lon="12.13355"/>
      <trkpt lat="46.72087" lon="12.13312"/>
      <trkpt lat="46.72031" lon="12.1324"/>
      <trkpt lat="46.72022" lon="12.13212"/>
      <trkpt lat="46.7202" lon="12.13185"/>
      <trkpt lat="46.72013" lon="12.13162"/>
      <trkpt lat="46.72004" lon="12.1315"/>
      <trkpt lat="46.71983" lon="12.13129"/>
      <trkpt lat="46.71982" lon="12.13108"/>
      <trkpt lat="46.71979" lon="12.13099"/>
      <trkpt lat="46.71974" lon="12.13092"/>
      <trkpt lat="46.71963" lon="12.13083"/>
      <trkpt lat="46.71957" lon="12.13074"/>
      <trkpt lat="46.7194" lon="12.13028"/>
      <trkpt lat="46.71918" lon="12.12988"/>
      <trkpt lat="46.71912" lon="12.12973"/>
      <trkpt lat="46.71909" lon="12.12956"/>
      <trkpt lat="46.71903" lon="12.12913"/>
      <trkpt lat="46.71899" lon="12.12898"/>
      <trkpt lat="46.71886" lon="12.12903"/>
      <trkpt lat="46.71873" lon="12.12903"/>
      <trkpt lat="46.71866" lon="12.12899"/>
      <trkpt lat="46.7175" lon="12.12809"/>
      <trkpt lat="46.7174" lon="12.12809"/>
      <trkpt lat="46.71652" lon="12.12509"/>
      <trkpt lat="46.71646" lon="12.12461"/>
      <trkpt lat="46.71646" lon="12.12441"/>
      <trkpt lat="46.7165" lon="12.12378"/>
      <trkpt lat="46.71653" lon="12.12346"/>
      <trkpt lat="46.71657" lon="12.12293"/>
      <trkpt lat="46.71658" lon="12.12278"/>
      <trkpt lat="46.71664" lon="12.12207"/>
      <trkpt lat="46.71669" lon="12.12159"/>
      <trkpt lat="46.71671" lon="12.12128"/>
      <trkpt lat="46.71682" lon="12.11996"/>
      <trkpt lat="46.71682" lon="12.11975"/>
      <trkpt lat="46.7168" lon="12.11952"/>
      <trkpt lat="46.71674" lon="12.11929"/>
      <trkpt lat="46.71666" lon="12.11909"/>
      <trkpt lat="46.71578" lon="12.11742"/>
      <trkpt lat="46.7157" lon="12.11711"/>
      <trkpt lat="46.71564" lon="12.11675"/>
      <trkpt lat="46.71565" lon="12.11649"/>
      <trkpt lat="46.71573" lon="12.11609"/>
      <trkpt lat="46.71743" lon="12.11246"/>
      <trkpt lat="46.71761" lon="12.11209"/>
      <trkpt lat="46.71771" lon="12.11176"/>
      <trkpt lat="46.71775" lon="12.11146"/>
      <trkpt lat="46.71775" lon="12.1113"/>
      <trkpt lat="46.71773" lon="12.11103"/>
      <trkpt lat="46.7177" lon="12.11089"/>
      <trkpt lat="46.71761" lon="12.11059"/>
      <trkpt lat="46.71706" lon="12.10935"/>
      <trkpt lat="46.71691" lon="12.10902"/>
      <trkpt lat="46.71679" lon="12.10867"/>
      <trkpt lat="46.71673" lon="12.10846"/>
      <trkpt lat="46.71666" lon="12.10805"/>
      <trkpt lat="46.71663" lon="12.10762"/>
      <trkpt lat="46.71662" lon="12.10638"/>
      <trkpt lat="46.71656" lon="12.10585"/>
      <trkpt lat="46.71651" lon="12.10558"/>
      <trkpt lat="46.71622" lon="12.10457"/>
      <trkpt lat="46.71611" lon="12.10428"/>
      <trkpt lat="46.71598" lon="12.10399"/>
      <trkpt lat="46.71596" lon="12.10396"/>
      <trkpt lat="46.71584" lon="12.10378"/>
      <trkpt lat="46.71544" lon="12.10328"/>
      <trkpt lat="46.71527" lon="12.10307"/>
      <trkpt lat="46.71373" lon="12.10116"/>
      <trkpt lat="46.71287" lon="12.10009"/>
      <trkpt lat="46.71266" lon="12.09979"/>
      <trkpt lat="46.71255" lon="12.0996"/>
      <trkpt lat="46.71249" lon="12.09944"/>
      <trkpt lat="46.71232" lon="12.09898"/>
      <trkpt lat="46.71217" lon="12.09838"/>
      <trkpt lat="46.71198" lon="12.09761"/>
      <trkpt lat="46.71186" lon="12.09706"/>
      <trkpt lat="46.7118" lon="12.09682"/>
      <trkpt lat="46.71167" lon="12.09624"/>
      <trkpt lat="46.71156" lon="12.0956"/>
      <trkpt lat="46.71139" lon="12.09423"/>
      <trkpt lat="46.71129" lon="12.09347"/>
      <trkpt lat="46.71118" lon="12.09291"/>
      <trkpt lat="46.71093" lon="12.09207"/>
      <trkpt lat="46.7102" lon="12.0899"/>
      <trkpt lat="46.71005" lon="12.08957"/>
      <trkpt lat="46.70995" lon="12.08941"/>
      <trkpt lat="46.70972" lon="12.08917"/>
      <trkpt lat="46.7094" lon="12.08898"/>
      <trkpt lat="46.70923" lon="12.08894"/>
      <trkpt lat="46.70862" lon="12.0889"/>
      <trkpt lat="46.70817" lon="12.08884"/>
      <trkpt lat="46.70797" lon="12.08876"/>
      <trkpt lat="46.70775" lon="12.08865"/>
      <trkpt lat="46.70667" lon="12.08774"/>
      <trkpt lat="46.70617" lon="12.08731"/>
      <trkpt lat="46.70588" lon="12.08711"/>
      <trkpt lat="46.70578" lon="12.08707"/>
      <trkpt lat="46.70554" lon="12.08702"/>
      <trkpt lat="46.70532" lon="12.08705"/>
      <trkpt lat="46.70517" lon="12.08709"/>
      <trkpt lat="46.70484" lon="12.08725"/>
      <trkpt lat="46.70471" lon="12.08728"/>
      <trkpt lat="46.70454" lon="12.08728"/>
      <trkpt lat="46.70431" lon="12.08722"/>
      <trkpt lat="46.70405" lon="12.08706"/>
      <trkpt lat="46.70295" lon="12.08627"/>
      <trkpt lat="46.70234" lon="12.08587"/>
      <trkpt lat="46.70206" lon="12.08574"/>
      <trkpt lat="46.70138" lon="12.0856"/>
      <trkpt lat="46.70103" lon="12.08556"/>
      <trkpt lat="46.70084" lon="12.08553"/>
      <trkpt lat="46.70025" lon="12.08545"/>
      <trkpt lat="46.70084" lon="12.08553"/>
      <trkpt lat="46.70103" lon="12.08556"/>
      <trkpt lat="46.70138" lon="12.0856"/>
      <trkpt lat="46.70206" lon="12.08574"/>
      <trkpt lat="46.70234" lon="12.08587"/>
      <trkpt lat="46.70295" lon="12.08627"/>
      <trkpt lat="46.70405" lon="12.08706"/>
      <trkpt lat="46.70431" lon="12.08722"/>
      <trkpt lat="46.70454" lon="12.08728"/>
      <trkpt lat="46.70471" lon="12.08728"/>
      <trkpt lat="46.70484" lon="12.08725"/>
      <trkpt lat="46.70517" lon="12.08709"/>
      <trkpt lat="46.70532" lon="12.08705"/>
      <trkpt lat="46.70554" lon="12.08702"/>
      <trkpt lat="46.70578" lon="12.08707"/>
      <trkpt lat="46.70588" lon="12.08711"/>
      <trkpt lat="46.70617" lon="12.08731"/>
      <trkpt lat="46.70667" lon="12.08774"/>
      <trkpt lat="46.70775" lon="12.08865"/>
      <trkpt lat="46.70797" lon="12.08876"/>
      <trkpt lat="46.70817" lon="12.08884"/>
      <trkpt lat="46.70862" lon="12.0889"/>
      <trkpt lat="46.70923" lon="12.08894"/>
      <trkpt lat="46.7094" lon="12.08898"/>
      <trkpt lat="46.70972" lon="12.08917"/>
      <trkpt lat="46.70995" lon="12.08941"/>
      <trkpt lat="46.71005" lon="12.08957"/>
      <trkpt lat="46.7102" lon="12.0899"/>
      <trkpt lat="46.71093" lon="12.09207"/>
      <trkpt lat="46.71118" lon="12.09291"/>
      <trkpt lat="46.71129" lon="12.09347"/>
      <trkpt lat="46.71139" lon="12.09423"/>
      <trkpt lat="46.71156" lon="12.0956"/>
      <trkpt lat="46.71167" lon="12.09624"/>
      <trkpt lat="46.7118" lon="12.09682"/>
      <trkpt lat="46.71186" lon="12.09706"/>
      <trkpt lat="46.71198" lon="12.09761"/>
      <trkpt lat="46.71217" lon="12.09838"/>
      <trkpt lat="46.71232" lon="12.09898"/>
      <trkpt lat="46.71249" lon="12.09944"/>
      <trkpt lat="46.71255" lon="12.0996"/>
      <trkpt lat="46.71266" lon="12.09979"/>
      <trkpt lat="46.71287" lon="12.10009"/>
      <trkpt lat="46.71373" lon="12.10116"/>
      <trkpt lat="46.71527" lon="12.10307"/>
      <trkpt lat="46.71544" lon="12.10328"/>
      <trkpt lat="46.71584" lon="12.10378"/>
      <trkpt lat="46.71596" lon="12.10396"/>
      <trkpt lat="46.71598" lon="12.10399"/>
      <trkpt lat="46.71611" lon="12.10428"/>
      <trkpt lat="46.71622" lon="12.10457"/>
      <trkpt lat="46.71651" lon="12.10558"/>
      <trkpt lat="46.71656" lon="12.10585"/>
      <trkpt lat="46.71662" lon="12.10638"/>
      <trkpt lat="46.71663" lon="12.10762"/>
      <trkpt lat="46.71666" lon="12.10805"/>
      <trkpt lat="46.71673" lon="12.10846"/>
      <trkpt lat="46.71679" lon="12.10867"/>
      <trkpt lat="46.71691" lon="12.10902"/>
      <trkpt lat="46.71706" lon="12.10935"/>
      <trkpt lat="46.71761" lon="12.11059"/>
      <trkpt lat="46.7177" lon="12.11089"/>
      <trkpt lat="46.71773" lon="12.11103"/>
      <trkpt lat="46.71775" lon="12.1113"/>
      <trkpt lat="46.71775" lon="12.11146"/>
      <trkpt lat="46.71771" lon="12.11176"/>
      <trkpt lat="46.71761" lon="12.11209"/>
      <trkpt lat="46.71743" lon="12.11246"/>
      <trkpt lat="46.71573" lon="12.11609"/>
      <trkpt lat="46.71565" lon="12.11649"/>
      <trkpt lat="46.71564" lon="12.11675"/>
      <trkpt lat="46.7157" lon="12.11711"/>
      <trkpt lat="46.71578" lon="12.11742"/>
      <trkpt lat="46.71666" lon="12.11909"/>
      <trkpt lat="46.71674" lon="12.11929"/>
      <trkpt lat="46.7168" lon="12.11952"/>
      <trkpt lat="46.71682" lon="12.11975"/>
      <trkpt lat="46.71682" lon="12.11996"/>
      <trkpt lat="46.71671" lon="12.12128"/>
      <trkpt lat="46.71669" lon="12.12159"/>
      <trkpt lat="46.71664" lon="12.12207"/>
      <trkpt lat="46.71658" lon="12.12278"/>
      <trkpt lat="46.71657" lon="12.12293"/>
      <trkpt lat="46.71653" lon="12.12346"/>
      <trkpt lat="46.7165" lon="12.12378"/>
      <trkpt lat="46.71646" lon="12.12441"/>
      <trkpt lat="46.71646" lon="12.12461"/>
      <trkpt lat="46.71652" lon="12.12509"/>
      <trkpt lat="46.7174" lon="12.12809"/>
      <trkpt lat="46.71995" lon="12.13537"/>
      <trkpt lat="46.72064" lon="12.13739"/>
      <trkpt lat="46.7208" lon="12.1379"/>
      <trkpt lat="46.72081" lon="12.13794"/>
      <trkpt lat="46.72083" lon="12.138"/>
      <trkpt lat="46.72088" lon="12.13827"/>
      <trkpt lat="46.72105" lon="12.13901"/>
      <trkpt lat="46.72109" lon="12.1392"/>
      <trkpt lat="46.72108" lon="12.13949"/>
      <trkpt lat="46.72105" lon="12.13958"/>
      <trkpt lat="46.72105" lon="12.13963"/>
      <trkpt lat="46.72111" lon="12.1397"/>
      <trkpt lat="46.72114" lon="12.1397"/>
      <trkpt lat="46.72128" lon="12.13972"/>
      <trkpt lat="46.72143" lon="12.1398"/>
      <trkpt lat="46.72169" lon="12.13994"/>
      <trkpt lat="46.72207" lon="12.1401"/>
      <trkpt lat="46.72246" lon="12.14018"/>
      <trkpt lat="46.72404" lon="12.14043"/>
      <trkpt lat="46.72405" lon="12.14052"/>
      <trkpt lat="46.72416" lon="12.14076"/>
      <trkpt lat="46.7242" lon="12.14081"/>
      <trkpt lat="46.72432" lon="12.14087"/>
      <trkpt lat="46.72466" lon="12.14098"/>
      <trkpt lat="46.72504" lon="12.14117"/>
      <trkpt lat="46.72534" lon="12.1413"/>
      <trkpt lat="46.72559" lon="12.14133"/>
      <trkpt lat="46.72574" lon="12.14137"/>
      <trkpt lat="46.7259" lon="12.14147"/>
      <trkpt lat="46.726" lon="12.14156"/>
      <trkpt lat="46.72607" lon="12.14167"/>
      <trkpt lat="46.72635" lon="12.14227"/>
      <trkpt lat="46.72645" lon="12.14249"/>
      <trkpt lat="46.72655" lon="12.14283"/>
      <trkpt lat="46.72662" lon="12.143"/>
      <trkpt lat="46.72679" lon="12.14317"/>
      <trkpt lat="46.72708" lon="12.14338"/>
      <trkpt lat="46.72743" lon="12.14354"/>
      <trkpt lat="46.72773" lon="12.1439"/>
      <trkpt lat="46.72786" lon="12.14396"/>
      <trkpt lat="46.72818" lon="12.14396"/>
      <trkpt lat="46.72829" lon="12.14401"/>
      <trkpt lat="46.72844" lon="12.14424"/>
      <trkpt lat="46.72854" lon="12.14437"/>
      <trkpt lat="46.72871" lon="12.14456"/>
      <trkpt lat="46.72928" lon="12.14513"/>
      <trkpt lat="46.72944" lon="12.14525"/>
      <trkpt lat="46.72962" lon="12.14534"/>
      <trkpt lat="46.72975" lon="12.14536"/>
      <trkpt lat="46.72989" lon="12.14533"/>
      <trkpt lat="46.73042" lon="12.14503"/>
      <trkpt lat="46.73064" lon="12.14496"/>
      <trkpt lat="46.73087" lon="12.14495"/>
      <trkpt lat="46.73114" lon="12.14495"/>
      <trkpt lat="46.73136" lon="12.14494"/>
      <trkpt lat="46.73167" lon="12.145"/>
      <trkpt lat="46.73192" lon="12.14502"/>
      <trkpt lat="46.73208" lon="12.14501"/>
      <trkpt lat="46.73227" lon="12.14497"/>
      <trkpt lat="46.73257" lon="12.14489"/>
      <trkpt lat="46.73301" lon="12.14483"/>
      <trkpt lat="46.73318" lon="12.14485"/>
      <trkpt lat="46.73335" lon="12.14496"/>
      <trkpt lat="46.73345" lon="12.14506"/>
      <trkpt lat="46.73352" lon="12.14519"/>
      <trkpt lat="46.73382" lon="12.14589"/>
      <trkpt lat="46.734" lon="12.1462"/>
      <trkpt lat="46.73419" lon="12.14638"/>
      <trkpt lat="46.73482" lon="12.14674"/>
      <trkpt lat="46.73498" lon="12.14686"/>
      <trkpt lat="46.73532" lon="12.14722"/>
      <trkpt lat="46.73548" lon="12.1475"/>
      <trkpt lat="46.73554" lon="12.14762"/>
      <trkpt lat="46.73563" lon="12.14794"/>
      <trkpt lat="46.73565" lon="12.14808"/>
      <trkpt lat="46.73563" lon="12.14821"/>
      <trkpt lat="46.73556" lon="12.1483"/>
      <trkpt lat="46.73544" lon="12.14838"/>
      <trkpt lat="46.73507" lon="12.14857"/>
      <trkpt lat="46.73506" lon="12.14862"/>
      <trkpt lat="46.7351" lon="12.14868"/>
      <trkpt lat="46.73558" lon="12.1489"/>
      <trkpt lat="46.73591" lon="12.14916"/>
      <trkpt lat="46.73601" lon="12.14927"/>
      <trkpt lat="46.73617" lon="12.1495"/>
      <trkpt lat="46.73628" lon="12.14973"/>
      <trkpt lat="46.73634" lon="12.14994"/>
      <trkpt lat="46.7364" lon="12.15026"/>
      <trkpt lat="46.73644" lon="12.15062"/>
      <trkpt lat="46.73648" lon="12.15115"/>
      <trkpt lat="46.73654" lon="12.15174"/>
      <trkpt lat="46.73655" lon="12.15227"/>
      <trkpt lat="46.73646" lon="12.15374"/>
      <trkpt lat="46.73648" lon="12.15391"/>
      <trkpt lat="46.73655" lon="12.15416"/>
      <trkpt lat="46.73659" lon="12.15443"/>
      <trkpt lat="46.73662" lon="12.15591"/>
      <trkpt lat="46.73667" lon="12.15612"/>
      <trkpt lat="46.73672" lon="12.15617"/>
      <trkpt lat="46.73684" lon="12.15625"/>
      <trkpt lat="46.73683" lon="12.15677"/>
      <trkpt lat="46.73686" lon="12.1574"/>
      <trkpt lat="46.73688" lon="12.15761"/>
      <trkpt lat="46.73691" lon="12.15774"/>
      <trkpt lat="46.73696" lon="12.15789"/>
      <trkpt lat="46.73699" lon="12.15804"/>
      <trkpt lat="46.737" lon="12.15824"/>
      <trkpt lat="46.73701" lon="12.15845"/>
      <trkpt lat="46.73695" lon="12.15942"/>
      <trkpt lat="46.73686" lon="12.16183"/>
      <trkpt lat="46.73682" lon="12.16261"/>
      <trkpt lat="46.73683" lon="12.16272"/>
      <trkpt lat="46.73687" lon="12.16278"/>
      <trkpt lat="46.73709" lon="12.16281"/>
      <trkpt lat="46.73733" lon="12.16279"/>
      <trkpt lat="46.73759" lon="12.16276"/>
      <trkpt lat="46.73779" lon="12.16274"/>
      <trkpt lat="46.73788" lon="12.16273"/>
      <trkpt lat="46.73803" lon="12.16274"/>
      <trkpt lat="46.73803" lon="12.1628"/>
      <trkpt lat="46.73805" lon="12.16281"/>
      <trkpt lat="46.73812" lon="12.16289"/>
      <trkpt lat="46.73815" lon="12.163"/>
      <trkpt lat="46.73816" lon="12.16333"/>
      <trkpt lat="46.73814" lon="12.16361"/>
      <trkpt lat="46.73812" lon="12.16378"/>
      <trkpt lat="46.73816" lon="12.16378"/>
      <trkpt lat="46.7381" lon="12.16433"/>
      <trkpt lat="46.73807" lon="12.16456"/>
      <trkpt lat="46.73807" lon="12.16457"/>
      <trkpt lat="46.73804" lon="12.1648"/>
      <trkpt lat="46.738" lon="12.16525"/>
      <trkpt lat="46.73801" lon="12.16538"/>
      <trkpt lat="46.7381" lon="12.16576"/>
      <trkpt lat="46.73816" lon="12.16609"/>
      <trkpt lat="46.73816" lon="12.1662"/>
      <trkpt lat="46.73811" lon="12.16653"/>
      <trkpt lat="46.7381" lon="12.1668"/>
      <trkpt lat="46.73809" lon="12.16687"/>
      <trkpt lat="46.73809" lon="12.16693"/>
      <trkpt lat="46.73808" lon="12.16717"/>
      <trkpt lat="46.73813" lon="12.16763"/>
      <trkpt lat="46.73823" lon="12.16817"/>
      <trkpt lat="46.73824" lon="12.16842"/>
      <trkpt lat="46.73822" lon="12.16868"/>
      <trkpt lat="46.73821" lon="12.16885"/>
      <trkpt lat="46.73818" lon="12.16903"/>
      <trkpt lat="46.73816" lon="12.16916"/>
      <trkpt lat="46.73807" lon="12.1695"/>
      <trkpt lat="46.73807" lon="12.16952"/>
      <trkpt lat="46.73799" lon="12.16976"/>
      <trkpt lat="46.73794" lon="12.16998"/>
      <trkpt lat="46.73779" lon="12.1705"/>
      <trkpt lat="46.73778" lon="12.17055"/>
      <trkpt lat="46.73767" lon="12.1709"/>
      <trkpt lat="46.73759" lon="12.17117"/>
      <trkpt lat="46.73752" lon="12.1716"/>
      <trkpt lat="46.73751" lon="12.17165"/>
      <trkpt lat="46.73749" lon="12.17177"/>
      <trkpt lat="46.73745" lon="12.17219"/>
      <trkpt lat="46.73736" lon="12.17263"/>
      <trkpt lat="46.73734" lon="12.17267"/>
      <trkpt lat="46.73733" lon="12.17269"/>
      <trkpt lat="46.73726" lon="12.17283"/>
      <trkpt lat="46.73722" lon="12.17292"/>
      <trkpt lat="46.73704" lon="12.17329"/>
      <trkpt lat="46.73691" lon="12.1736"/>
      <trkpt lat="46.73681" lon="12.17388"/>
      <trkpt lat="46.73672" lon="12.17428"/>
      <trkpt lat="46.7367" lon="12.17441"/>
      <trkpt lat="46.73668" lon="12.17449"/>
      <trkpt lat="46.73665" lon="12.17464"/>
      <trkpt lat="46.73659" lon="12.17506"/>
      <trkpt lat="46.7365" lon="12.17574"/>
      <trkpt lat="46.73648" lon="12.17594"/>
      <trkpt lat="46.73647" lon="12.17605"/>
      <trkpt lat="46.73642" lon="12.17616"/>
      <trkpt lat="46.73642" lon="12.17626"/>
      <trkpt lat="46.73639" lon="12.17673"/>
      <trkpt lat="46.73641" lon="12.17737"/>
      <trkpt lat="46.73643" lon="12.17731"/>
      <trkpt lat="46.73647" lon="12.1773"/>
      <trkpt lat="46.73647" lon="12.17764"/>
      <trkpt lat="46.73647" lon="12.17824"/>
      <trkpt lat="46.73647" lon="12.17845"/>
      <trkpt lat="46.73646" lon="12.17906"/>
      <trkpt lat="46.73644" lon="12.17927"/>
      <trkpt lat="46.73634" lon="12.17986"/>
      <trkpt lat="46.73629" lon="12.18015"/>
      <trkpt lat="46.73628" lon="12.18023"/>
      <trkpt lat="46.73625" lon="12.18042"/>
      <trkpt lat="46.73621" lon="12.18069"/>
      <trkpt lat="46.73619" lon="12.18095"/>
      <trkpt lat="46.73617" lon="12.18119"/>
      <trkpt lat="46.73616" lon="12.18148"/>
      <trkpt lat="46.73616" lon="12.18156"/>
      <trkpt lat="46.73615" lon="12.18183"/>
      <trkpt lat="46.73612" lon="12.18238"/>
      <trkpt lat="46.7361" lon="12.18277"/>
      <trkpt lat="46.73609" lon="12.18306"/>
      <trkpt lat="46.73608" lon="12.18327"/>
      <trkpt lat="46.736" lon="12.18463"/>
      <trkpt lat="46.73588" lon="12.18594"/>
      <trkpt lat="46.73569" lon="12.1883"/>
      <trkpt lat="46.73566" lon="12.18855"/>
      <trkpt lat="46.73558" lon="12.18898"/>
      <trkpt lat="46.73493" lon="12.19162"/>
      <trkpt lat="46.73482" lon="12.19203"/>
      <trkpt lat="46.73459" lon="12.19282"/>
      <trkpt lat="46.73442" lon="12.19332"/>
      <trkpt lat="46.73434" lon="12.19356"/>
      <trkpt lat="46.73425" lon="12.19347"/>
      <trkpt lat="46.73414" lon="12.19376"/>
      <trkpt lat="46.73364" lon="12.19517"/>
      <trkpt lat="46.73284" lon="12.19719"/>
      <trkpt lat="46.73266" lon="12.19771"/>
      <trkpt lat="46.73255" lon="12.19797"/>
      <trkpt lat="46.73225" lon="12.19855"/>
      <trkpt lat="46.73217" lon="12.19883"/>
      <trkpt lat="46.73213" lon="12.19891"/>
      <trkpt lat="46.73208" lon="12.19895"/>
      <trkpt lat="46.7319" lon="12.19906"/>
      <trkpt lat="46.73184" lon="12.19912"/>
      <trkpt lat="46.73132" lon="12.19982"/>
      <trkpt lat="46.73102" lon="12.20031"/>
      <trkpt lat="46.73074" lon="12.20095"/>
      <trkpt lat="46.73057" lon="12.20146"/>
      <trkpt lat="46.73047" lon="12.20187"/>
      <trkpt lat="46.73041" lon="12.20227"/>
      <trkpt lat="46.73035" lon="12.20349"/>
      <trkpt lat="46.73031" lon="12.20384"/>
      <trkpt lat="46.73022" lon="12.20425"/>
      <trkpt lat="46.73014" lon="12.20532"/>
      <trkpt lat="46.73016" lon="12.20544"/>
      <trkpt lat="46.73005" lon="12.20613"/>
      <trkpt lat="46.73002" lon="12.2062"/>
      <trkpt lat="46.72996" lon="12.20624"/>
      <trkpt lat="46.72975" lon="12.20694"/>
      <trkpt lat="46.7297" lon="12.20701"/>
      <trkpt lat="46.72956" lon="12.20712"/>
      <trkpt lat="46.72948" lon="12.20724"/>
      <trkpt lat="46.72908" lon="12.20828"/>
      <trkpt lat="46.72894" lon="12.20871"/>
      <trkpt lat="46.72886" lon="12.20896"/>
      <trkpt lat="46.72885" lon="12.20903"/>
      <trkpt lat="46.72889" lon="12.20916"/>
      <trkpt lat="46.72889" lon="12.20923"/>
      <trkpt lat="46.72876" lon="12.21007"/>
      <trkpt lat="46.72871" lon="12.21021"/>
      <trkpt lat="46.72866" lon="12.21028"/>
      <trkpt lat="46.72849" lon="12.21033"/>
      <trkpt lat="46.72842" lon="12.21042"/>
      <trkpt lat="46.72819" lon="12.21116"/>
      <trkpt lat="46.72821" lon="12.21136"/>
      <trkpt lat="46.72819" lon="12.2114"/>
      <trkpt lat="46.728" lon="12.21173"/>
      <trkpt lat="46.72794" lon="12.21188"/>
      <trkpt lat="46.72778" lon="12.21238"/>
      <trkpt lat="46.72774" lon="12.21247"/>
      <trkpt lat="46.72747" lon="12.21292"/>
      <trkpt lat="46.72736" lon="12.21304"/>
      <trkpt lat="46.72715" lon="12.2135"/>
      <trkpt lat="46.72699" lon="12.21378"/>
      <trkpt lat="46.72696" lon="12.21386"/>
      <trkpt lat="46.72701" lon="12.21416"/>
      <trkpt lat="46.72699" lon="12.21423"/>
      <trkpt lat="46.72679" lon="12.21467"/>
      <trkpt lat="46.72671" lon="12.21493"/>
      <trkpt lat="46.7266" lon="12.21511"/>
      <trkpt lat="46.72637" lon="12.21538"/>
      <trkpt lat="46.72623" lon="12.21564"/>
      <trkpt lat="46.72601" lon="12.2157"/>
      <trkpt lat="46.72591" lon="12.2157"/>
      <trkpt lat="46.72566" lon="12.21571"/>
      <trkpt lat="46.72559" lon="12.21582"/>
      <trkpt lat="46.72557" lon="12.21617"/>
      <trkpt lat="46.72555" lon="12.21625"/>
      <trkpt lat="46.72541" lon="12.21639"/>
      <trkpt lat="46.72529" lon="12.21647"/>
      <trkpt lat="46.72523" lon="12.21654"/>
      <trkpt lat="46.72526" lon="12.21664"/>
      <trkpt lat="46.7253" lon="12.21677"/>
      <trkpt lat="46.72542" lon="12.21706"/>
      <trkpt lat="46.72548" lon="12.21727"/>
      <trkpt lat="46.72566" lon="12.21767"/>
      <trkpt lat="46.72568" lon="12.21785"/>
      <trkpt lat="46.72566" lon="12.21794"/>
      <trkpt lat="46.72562" lon="12.21802"/>
      <trkpt lat="46.7251" lon="12.2185"/>
      <trkpt lat="46.72503" lon="12.2186"/>
      <trkpt lat="46.72501" lon="12.2187"/>
      <trkpt lat="46.725" lon="12.21932"/>
      <trkpt lat="46.72493" lon="12.22073"/>
      <trkpt lat="46.72494" lon="12.22122"/>
      <trkpt lat="46.72499" lon="12.22199"/>
      <trkpt lat="46.72493" lon="12.22199"/>
      <trkpt lat="46.7249" lon="12.22195"/>
      <trkpt lat="46.72492" lon="12.22204"/>
      <trkpt lat="46.72495" lon="12.22223"/>
      <trkpt lat="46.72499" lon="12.22283"/>
      <trkpt lat="46.72495" lon="12.2229"/>
      <trkpt lat="46.7245" lon="12.22297"/>
      <trkpt lat="46.72384" lon="12.22313"/>
      <trkpt lat="46.7237" lon="12.22316"/>
      <trkpt lat="46.72301" lon="12.22333"/>
      <trkpt lat="46.72295" lon="12.22334"/>
      <trkpt lat="46.72261" lon="12.22344"/>
      <trkpt lat="46.72252" lon="12.2234"/>
      <trkpt lat="46.72246" lon="12.22335"/>
      <trkpt lat="46.72221" lon="12.22365"/>
      <trkpt lat="46.7221" lon="12.22379"/>
      <trkpt lat="46.72171" lon="12.22431"/>
      <trkpt lat="46.72139" lon="12.22473"/>
      <trkpt lat="46.72114" lon="12.22503"/>
      <trkpt lat="46.72082" lon="12.22546"/>
      <trkpt lat="46.72061" lon="12.22566"/>
      <trkpt lat="46.72047" lon="12.22576"/>
      <trkpt lat="46.72033" lon="12.22578"/>
      <trkpt lat="46.72024" lon="12.22578"/>
      <trkpt lat="46.72017" lon="12.22577"/>
      <trkpt lat="46.71945" lon="12.22549"/>
      <trkpt lat="46.71736" lon="12.22476"/>
      <trkpt lat="46.71567" lon="12.22345"/>
      <trkpt lat="46.71553" lon="12.22343"/>
      <trkpt lat="46.71535" lon="12.22343"/>
      <trkpt lat="46.71502" lon="12.22358"/>
      <trkpt lat="46.71481" lon="12.22362"/>
      <trkpt lat="46.71394" lon="12.22356"/>
      <trkpt lat="46.71377" lon="12.22359"/>
      <trkpt lat="46.71313" lon="12.2238"/>
      <trkpt lat="46.713" lon="12.2238"/>
      <trkpt lat="46.71238" lon="12.22369"/>
      <trkpt lat="46.71204" lon="12.22366"/>
      <trkpt lat="46.71191" lon="12.22367"/>
      <trkpt lat="46.71153" lon="12.22379"/>
      <trkpt lat="46.71117" lon="12.22376"/>
      <trkpt lat="46.71066" lon="12.22387"/>
      <trkpt lat="46.71032" lon="12.22388"/>
      <trkpt lat="46.71001" lon="12.22377"/>
      <trkpt lat="46.70945" lon="12.22355"/>
      <trkpt lat="46.70923" lon="12.22348"/>
      <trkpt lat="46.70912" lon="12.22341"/>
      <trkpt lat="46.70902" lon="12.22329"/>
      <trkpt lat="46.70896" lon="12.22316"/>
      <trkpt lat="46.70862" lon="12.22231"/>
      <trkpt lat="46.70844" lon="12.22193"/>
      <trkpt lat="46.70808" lon="12.22128"/>
      <trkpt lat="46.70782" lon="12.22093"/>
      <trkpt lat="46.70762" lon="12.22075"/>
      <trkpt lat="46.70738" lon="12.22062"/>
      <trkpt lat="46.70713" lon="12.22055"/>
      <trkpt lat="46.70546" lon="12.22056"/>
      <trkpt lat="46.70546" lon="12.22041"/>
      <trkpt lat="46.70543" lon="12.22028"/>
      <trkpt lat="46.7054" lon="12.22018"/>
      <trkpt lat="46.70513" lon="12.21999"/>
      <trkpt lat="46.70513" lon="12.21992"/>
      <trkpt lat="46.70533" lon="12.21992"/>
      <trkpt lat="46.70548" lon="12.21987"/>
      <trkpt lat="46.70576" lon="12.21981"/>
      <trkpt lat="46.70634" lon="12.2199"/>
      <trkpt lat="46.70648" lon="12.21992"/>
      <trkpt lat="46.70634" lon="12.2199"/>
      <trkpt lat="46.70576" lon="12.21981"/>
      <trkpt lat="46.70548" lon="12.21987"/>
      <trkpt lat="46.70533" lon="12.21992"/>
      <trkpt lat="46.70513" lon="12.21992"/>
      <trkpt lat="46.70513" lon="12.21999"/>
      <trkpt lat="46.7054" lon="12.22018"/>
      <trkpt lat="46.70543" lon="12.22028"/>
      <trkpt lat="46.70546" lon="12.22041"/>
      <trkpt lat="46.70546" lon="12.22056"/>
      <trkpt lat="46.7053" lon="12.22057"/>
      <trkpt lat="46.705" lon="12.22062"/>
      <trkpt lat="46.70474" lon="12.22074"/>
      <trkpt lat="46.70463" lon="12.22081"/>
      <trkpt lat="46.70437" lon="12.22105"/>
      <trkpt lat="46.70388" lon="12.22168"/>
      <trkpt lat="46.70365" lon="12.2219"/>
      <trkpt lat="46.70336" lon="12.22209"/>
      <trkpt lat="46.70309" lon="12.22219"/>
      <trkpt lat="46.70291" lon="12.22223"/>
      <trkpt lat="46.70265" lon="12.22226"/>
      <trkpt lat="46.70205" lon="12.22225"/>
      <trkpt lat="46.70189" lon="12.22227"/>
      <trkpt lat="46.70173" lon="12.22233"/>
      <trkpt lat="46.70123" lon="12.22271"/>
      <trkpt lat="46.70102" lon="12.22277"/>
      <trkpt lat="46.70007" lon="12.22272"/>
      <trkpt lat="46.69968" lon="12.22267"/>
      <trkpt lat="46.69909" lon="12.22245"/>
      <trkpt lat="46.69852" lon="12.22241"/>
      <trkpt lat="46.69825" lon="12.22231"/>
      <trkpt lat="46.69788" lon="12.22204"/>
      <trkpt lat="46.69775" lon="12.22197"/>
      <trkpt lat="46.6976" lon="12.22193"/>
      <trkpt lat="46.69735" lon="12.22192"/>
      <trkpt lat="46.69711" lon="12.22198"/>
      <trkpt lat="46.69678" lon="12.22219"/>
      <trkpt lat="46.69662" lon="12.22227"/>
      <trkpt lat="46.69618" lon="12.22238"/>
      <trkpt lat="46.6956" lon="12.22259"/>
      <trkpt lat="46.69514" lon="12.22272"/>
      <trkpt lat="46.6949" lon="12.22276"/>
      <trkpt lat="46.69444" lon="12.22273"/>
      <trkpt lat="46.69426" lon="12.22276"/>
      <trkpt lat="46.69406" lon="12.22282"/>
      <trkpt lat="46.6935" lon="12.22304"/>
      <trkpt lat="46.69336" lon="12.22311"/>
      <trkpt lat="46.69318" lon="12.22323"/>
      <trkpt lat="46.69299" lon="12.22339"/>
      <trkpt lat="46.69257" lon="12.22392"/>
      <trkpt lat="46.69245" lon="12.22401"/>
      <trkpt lat="46.69225" lon="12.22411"/>
      <trkpt lat="46.69207" lon="12.22414"/>
      <trkpt lat="46.69185" lon="12.22412"/>
      <trkpt lat="46.69168" lon="12.22404"/>
      <trkpt lat="46.69122" lon="12.22383"/>
      <trkpt lat="46.69103" lon="12.22379"/>
      <trkpt lat="46.69063" lon="12.22373"/>
      <trkpt lat="46.68999" lon="12.22375"/>
      <trkpt lat="46.68884" lon="12.22352"/>
      <trkpt lat="46.6887" lon="12.22355"/>
      <trkpt lat="46.68816" lon="12.22379"/>
      <trkpt lat="46.68802" lon="12.22381"/>
      <trkpt lat="46.68744" lon="12.2238"/>
      <trkpt lat="46.68668" lon="12.22404"/>
      <trkpt lat="46.68572" lon="12.22441"/>
      <trkpt lat="46.68543" lon="12.22447"/>
      <trkpt lat="46.6849" lon="12.22451"/>
      <trkpt lat="46.68446" lon="12.2245"/>
      <trkpt lat="46.68408" lon="12.22444"/>
      <trkpt lat="46.68382" lon="12.22442"/>
      <trkpt lat="46.68295" lon="12.22444"/>
      <trkpt lat="46.68281" lon="12.22444"/>
      <trkpt lat="46.68275" lon="12.22444"/>
      <trkpt lat="46.68263" lon="12.22442"/>
      <trkpt lat="46.68173" lon="12.22413"/>
      <trkpt lat="46.67999" lon="12.22356"/>
      <trkpt lat="46.67632" lon="12.22235"/>
      <trkpt lat="46.67488" lon="12.22188"/>
      <trkpt lat="46.67452" lon="12.22178"/>
      <trkpt lat="46.67362" lon="12.22168"/>
      <trkpt lat="46.67338" lon="12.22161"/>
      <trkpt lat="46.67323" lon="12.22155"/>
      <trkpt lat="46.67299" lon="12.22146"/>
      <trkpt lat="46.67279" lon="12.22142"/>
      <trkpt lat="46.67203" lon="12.22153"/>
      <trkpt lat="46.67186" lon="12.22155"/>
      <trkpt lat="46.6717" lon="12.22154"/>
      <trkpt lat="46.67155" lon="12.22149"/>
      <trkpt lat="46.6714" lon="12.22141"/>
      <trkpt lat="46.67134" lon="12.22137"/>
      <trkpt lat="46.6709" lon="12.22109"/>
      <trkpt lat="46.6707" lon="12.22105"/>
      <trkpt lat="46.67044" lon="12.22107"/>
      <trkpt lat="46.66508" lon="12.2228"/>
      <trkpt lat="46.66441" lon="12.22301"/>
      <trkpt lat="46.66426" lon="12.22305"/>
      <trkpt lat="46.66132" lon="12.22366"/>
      <trkpt lat="46.66117" lon="12.2237"/>
      <trkpt lat="46.66102" lon="12.22379"/>
      <trkpt lat="46.66087" lon="12.2239"/>
      <trkpt lat="46.66078" lon="12.224"/>
      <trkpt lat="46.65923" lon="12.22559"/>
      <trkpt lat="46.65899" lon="12.22577"/>
      <trkpt lat="46.65874" lon="12.2259"/>
      <trkpt lat="46.65849" lon="12.22596"/>
      <trkpt lat="46.65828" lon="12.22595"/>
      <trkpt lat="46.65675" lon="12.22557"/>
      <trkpt lat="46.65662" lon="12.22555"/>
      <trkpt lat="46.65651" lon="12.22559"/>
      <trkpt lat="46.65644" lon="12.22567"/>
      <trkpt lat="46.65634" lon="12.22584"/>
      <trkpt lat="46.65627" lon="12.22602"/>
      <trkpt lat="46.65569" lon="12.22744"/>
      <trkpt lat="46.65552" lon="12.22771"/>
      <trkpt lat="46.65521" lon="12.228"/>
      <trkpt lat="46.65463" lon="12.2284"/>
      <trkpt lat="46.65451" lon="12.22842"/>
      <trkpt lat="46.65433" lon="12.22842"/>
      <trkpt lat="46.65322" lon="12.22818"/>
      <trkpt lat="46.653" lon="12.22816"/>
      <trkpt lat="46.65128" lon="12.2288"/>
      <trkpt lat="46.6512" lon="12.22881"/>
      <trkpt lat="46.65058" lon="12.22877"/>
      <trkpt lat="46.65041" lon="12.22878"/>
      <trkpt lat="46.65029" lon="12.22884"/>
      <trkpt lat="46.65014" lon="12.22895"/>
      <trkpt lat="46.64914" lon="12.23015"/>
      <trkpt lat="46.64893" lon="12.23035"/>
      <trkpt lat="46.64599" lon="12.23245"/>
      <trkpt lat="46.64587" lon="12.2325"/>
      <trkpt lat="46.64568" lon="12.23255"/>
      <trkpt lat="46.64552" lon="12.23256"/>
      <trkpt lat="46.64535" lon="12.23253"/>
      <trkpt lat="46.64414" lon="12.2324"/>
      <trkpt lat="46.64253" lon="12.23224"/>
      <trkpt lat="46.64159" lon="12.23213"/>
      <trkpt lat="46.641" lon="12.23203"/>
      <trkpt lat="46.64066" lon="12.23189"/>
      <trkpt lat="46.64055" lon="12.23182"/>
      <trkpt lat="46.64032" lon="12.23161"/>
      <trkpt lat="46.64027" lon="12.23157"/>
      <trkpt lat="46.64018" lon="12.23149"/>
      <trkpt lat="46.64011" lon="12.23143"/>
      <trkpt lat="46.63927" lon="12.23071"/>
      <trkpt lat="46.63902" lon="12.23053"/>
      <trkpt lat="46.63817" lon="12.23026"/>
      <trkpt lat="46.63809" lon="12.23026"/>
      <trkpt lat="46.63802" lon="12.23028"/>
      <trkpt lat="46.63722" lon="12.23076"/>
      <trkpt lat="46.63699" lon="12.23084"/>
      <trkpt lat="46.63491" lon="12.23125"/>
      <trkpt lat="46.63476" lon="12.23127"/>
      <trkpt lat="46.63461" lon="12.23125"/>
      <trkpt lat="46.63451" lon="12.23122"/>
      <trkpt lat="46.63435" lon="12.23113"/>
      <trkpt lat="46.63254" lon="12.2297"/>
      <trkpt lat="46.63231" lon="12.22955"/>
      <trkpt lat="46.63099" lon="12.22904"/>
      <trkpt lat="46.63068" lon="12.22892"/>
      <trkpt lat="46.63054" lon="12.22888"/>
      <trkpt lat="46.62956" lon="12.22879"/>
      <trkpt lat="46.62869" lon="12.2287"/>
      <trkpt lat="46.62848" lon="12.2286"/>
      <trkpt lat="46.62837" lon="12.22853"/>
      <trkpt lat="46.62825" lon="12.22843"/>
      <trkpt lat="46.62667" lon="12.22674"/>
      <trkpt lat="46.6258" lon="12.22591"/>
      <trkpt lat="46.62542" lon="12.22561"/>
      <trkpt lat="46.6254" lon="12.2256"/>
      <trkpt lat="46.62532" lon="12.22554"/>
      <trkpt lat="46.62517" lon="12.22547"/>
      <trkpt lat="46.62416" lon="12.22518"/>
      <trkpt lat="46.62406" lon="12.22513"/>
      <trkpt lat="46.62351" lon="12.22459"/>
      <trkpt lat="46.6234" lon="12.22444"/>
      <trkpt lat="46.6232" lon="12.22405"/>
      <trkpt lat="46.62312" lon="12.22384"/>
      <trkpt lat="46.6228" lon="12.22256"/>
      <trkpt lat="46.62272" lon="12.22238"/>
      <trkpt lat="46.6226" lon="12.22223"/>
      <trkpt lat="46.62194" lon="12.2217"/>
      <trkpt lat="46.62182" lon="12.22157"/>
      <trkpt lat="46.6217" lon="12.22136"/>
      <trkpt lat="46.6208" lon="12.21943"/>
      <trkpt lat="46.62071" lon="12.21908"/>
      <trkpt lat="46.62012" lon="12.21934"/>
      <trkpt lat="46.61808" lon="12.22021"/>
      <trkpt lat="46.61798" lon="12.22025"/>
      <trkpt lat="46.61792" lon="12.22027"/>
      <trkpt lat="46.61763" lon="12.22043"/>
      <trkpt lat="46.61739" lon="12.22066"/>
      <trkpt lat="46.61651" lon="12.22175"/>
      <trkpt lat="46.61504" lon="12.22361"/>
      <trkpt lat="46.61305" lon="12.22612"/>
      <trkpt lat="46.61291" lon="12.22629"/>
      <trkpt lat="46.61274" lon="12.2265"/>
      <trkpt lat="46.61202" lon="12.22718"/>
      <trkpt lat="46.61173" lon="12.22751"/>
      <trkpt lat="46.61125" lon="12.2285"/>
      <trkpt lat="46.61099" lon="12.22893"/>
      <trkpt lat="46.61059" lon="12.22976"/>
      <trkpt lat="46.61056" lon="12.22992"/>
      <trkpt lat="46.61059" lon="12.23001"/>
      <trkpt lat="46.61065" lon="12.23007"/>
      <trkpt lat="46.61071" lon="12.23008"/>
      <trkpt lat="46.61077" lon="12.23002"/>
      <trkpt lat="46.61081" lon="12.22989"/>
      <trkpt lat="46.61085" lon="12.2296"/>
      <trkpt lat="46.61092" lon="12.22941"/>
      <trkpt lat="46.6111" lon="12.22917"/>
      <trkpt lat="46.6114" lon="12.22898"/>
      <trkpt lat="46.6115" lon="12.22887"/>
      <trkpt lat="46.61172" lon="12.22858"/>
      <trkpt lat="46.61194" lon="12.22811"/>
      <trkpt lat="46.61201" lon="12.22804"/>
      <trkpt lat="46.61209" lon="12.22803"/>
      <trkpt lat="46.61214" lon="12.22808"/>
      <trkpt lat="46.61218" lon="12.22821"/>
      <trkpt lat="46.61215" lon="12.22832"/>
      <trkpt lat="46.6115" lon="12.2291"/>
      <trkpt lat="46.61142" lon="12.22929"/>
      <trkpt lat="46.61137" lon="12.22953"/>
      <trkpt lat="46.61133" lon="12.23009"/>
      <trkpt lat="46.61129" lon="12.23031"/>
      <trkpt lat="46.61121" lon="12.23051"/>
      <trkpt lat="46.61105" lon="12.2308"/>
      <trkpt lat="46.61057" lon="12.23139"/>
      <trkpt lat="46.61045" lon="12.23191"/>
      <trkpt lat="46.61041" lon="12.23207"/>
      <trkpt lat="46.61034" lon="12.23237"/>
      <trkpt lat="46.61024" lon="12.23262"/>
      <trkpt lat="46.60886" lon="12.23493"/>
      <trkpt lat="46.6084" lon="12.23567"/>
      <trkpt lat="46.60739" lon="12.23701"/>
      <trkpt lat="46.60704" lon="12.23745"/>
      <trkpt lat="46.60667" lon="12.23782"/>
      <trkpt lat="46.60556" lon="12.23886"/>
      <trkpt lat="46.60482" lon="12.23949"/>
      <trkpt lat="46.60468" lon="12.2397"/>
      <trkpt lat="46.6042" lon="12.24101"/>
      <trkpt lat="46.60405" lon="12.24131"/>
      <trkpt lat="46.60386" lon="12.24161"/>
      <trkpt lat="46.60304" lon="12.24263"/>
      <trkpt lat="46.60286" lon="12.24281"/>
      <trkpt lat="46.60271" lon="12.24294"/>
      <trkpt lat="46.60241" lon="12.24312"/>
      <trkpt lat="46.60224" lon="12.24315"/>
      <trkpt lat="46.60205" lon="12.24311"/>
      <trkpt lat="46.60181" lon="12.24291"/>
      <trkpt lat="46.60125" lon="12.2425"/>
      <trkpt lat="46.60114" lon="12.24245"/>
      <trkpt lat="46.60103" lon="12.24244"/>
      <trkpt lat="46.60006" lon="12.24245"/>
      <trkpt lat="46.59906" lon="12.24231"/>
      <trkpt lat="46.59808" lon="12.24195"/>
      <trkpt lat="46.59791" lon="12.24191"/>
      <trkpt lat="46.5977" lon="12.24194"/>
      <trkpt lat="46.59759" lon="12.24201"/>
      <trkpt lat="46.59756" lon="12.2421"/>
      <trkpt lat="46.59756" lon="12.24218"/>
      <trkpt lat="46.59762" lon="12.24231"/>
      <trkpt lat="46.59788" lon="12.24272"/>
      <trkpt lat="46.59822" lon="12.24316"/>
      <trkpt lat="46.59845" lon="12.24363"/>
      <trkpt lat="46.59881" lon="12.24406"/>
      <trkpt lat="46.59897" lon="12.24433"/>
      <trkpt lat="46.59926" lon="12.24522"/>
      <trkpt lat="46.59974" lon="12.24614"/>
      <trkpt lat="46.59977" lon="12.24625"/>
      <trkpt lat="46.59975" lon="12.24681"/>
      <trkpt lat="46.5997" lon="12.24697"/>
      <trkpt lat="46.59942" lon="12.24749"/>
      <trkpt lat="46.5992" lon="12.24795"/>
      <trkpt lat="46.59898" lon="12.24852"/>
      <trkpt lat="46.59843" lon="12.25111"/>
      <trkpt lat="46.59842" lon="12.25133"/>
      <trkpt lat="46.59845" lon="12.25166"/>
      <trkpt lat="46.59842" lon="12.2518"/>
      <trkpt lat="46.59837" lon="12.2519"/>
      <trkpt lat="46.59821" lon="12.25202"/>
      <trkpt lat="46.59679" lon="12.25248"/>
      <trkpt lat="46.59667" lon="12.2525"/>
      <trkpt lat="46.59653" lon="12.25249"/>
      <trkpt lat="46.59643" lon="12.25243"/>
      <trkpt lat="46.59603" lon="12.25205"/>
      <trkpt lat="46.59592" lon="12.25197"/>
      <trkpt lat="46.59565" lon="12.25193"/>
      <trkpt lat="46.59517" lon="12.25191"/>
      <trkpt lat="46.59487" lon="12.25195"/>
      <trkpt lat="46.59449" lon="12.25207"/>
      <trkpt lat="46.59382" lon="12.25242"/>
      <trkpt lat="46.59352" lon="12.25252"/>
      <trkpt lat="46.59271" lon="12.25274"/>
      <trkpt lat="46.59232" lon="12.25289"/>
      <trkpt lat="46.59194" lon="12.25308"/>
      <trkpt lat="46.59147" lon="12.25341"/>
      <trkpt lat="46.59124" lon="12.25353"/>
      <trkpt lat="46.59107" lon="12.25357"/>
      <trkpt lat="46.59087" lon="12.25358"/>
      <trkpt lat="46.59025" lon="12.2535"/>
      <trkpt lat="46.58985" lon="12.25341"/>
      <trkpt lat="46.58965" lon="12.25339"/>
      <trkpt lat="46.58945" lon="12.25343"/>
      <trkpt lat="46.5889" lon="12.25364"/>
      <trkpt lat="46.58872" lon="12.25367"/>
      <trkpt lat="46.58764" lon="12.25364"/>
      <trkpt lat="46.58746" lon="12.25367"/>
      <trkpt lat="46.58638" lon="12.25399"/>
      <trkpt lat="46.58612" lon="12.25407"/>
      <trkpt lat="46.58597" lon="12.25411"/>
      <trkpt lat="46.58585" lon="12.25413"/>
      <trkpt lat="46.58562" lon="12.25418"/>
      <trkpt lat="46.5854" lon="12.25419"/>
      <trkpt lat="46.5852" lon="12.25416"/>
      <trkpt lat="46.58455" lon="12.25408"/>
      <trkpt lat="46.58432" lon="12.25403"/>
      <trkpt lat="46.5842" lon="12.25393"/>
      <trkpt lat="46.58414" lon="12.25385"/>
      <trkpt lat="46.58396" lon="12.25363"/>
      <trkpt lat="46.58381" lon="12.25343"/>
      <trkpt lat="46.58379" lon="12.2534"/>
      <trkpt lat="46.58369" lon="12.25329"/>
      <trkpt lat="46.58366" lon="12.25327"/>
      <trkpt lat="46.58285" lon="12.25274"/>
      <trkpt lat="46.58239" lon="12.25232"/>
      <trkpt lat="46.58234" lon="12.25227"/>
      <trkpt lat="46.58185" lon="12.25181"/>
      <trkpt lat="46.58162" lon="12.25173"/>
      <trkpt lat="46.58139" lon="12.25176"/>
      <trkpt lat="46.58082" lon="12.25192"/>
      <trkpt lat="46.58065" lon="12.25198"/>
      <trkpt lat="46.58039" lon="12.25204"/>
      <trkpt lat="46.57987" lon="12.25207"/>
      <trkpt lat="46.57977" lon="12.25206"/>
      <trkpt lat="46.57973" lon="12.25205"/>
      <trkpt lat="46.57889" lon="12.25195"/>
      <trkpt lat="46.57877" lon="12.25191"/>
      <trkpt lat="46.57857" lon="12.25181"/>
      <trkpt lat="46.57843" lon="12.25174"/>
      <trkpt lat="46.5779" lon="12.25137"/>
      <trkpt lat="46.57745" lon="12.25107"/>
      <trkpt lat="46.57665" lon="12.25052"/>
      <trkpt lat="46.57639" lon="12.25035"/>
      <trkpt lat="46.57564" lon="12.24995"/>
      <trkpt lat="46.57044" lon="12.24583"/>
      <trkpt lat="46.56998" lon="12.24562"/>
      <trkpt lat="46.56977" lon="12.24561"/>
      <trkpt lat="46.56938" lon="12.24565"/>
      <trkpt lat="46.56857" lon="12.24575"/>
      <trkpt lat="46.56804" lon="12.24565"/>
      <trkpt lat="46.56792" lon="12.24561"/>
      <trkpt lat="46.56757" lon="12.24542"/>
      <trkpt lat="46.56737" lon="12.24541"/>
      <trkpt lat="46.56684" lon="12.24542"/>
      <trkpt lat="46.56648" lon="12.24534"/>
      <trkpt lat="46.56639" lon="12.24534"/>
      <trkpt lat="46.56612" lon="12.24544"/>
      <trkpt lat="46.56608" lon="12.24544"/>
      <trkpt lat="46.56601" lon="12.24537"/>
      <trkpt lat="46.56598" lon="12.24528"/>
      <trkpt lat="46.56598" lon="12.24522"/>
      <trkpt lat="46.56601" lon="12.2451"/>
      <trkpt lat="46.56616" lon="12.2448"/>
      <trkpt lat="46.56617" lon="12.24463"/>
      <trkpt lat="46.56615" lon="12.24453"/>
      <trkpt lat="46.56611" lon="12.24444"/>
      <trkpt lat="46.56602" lon="12.24435"/>
      <trkpt lat="46.56593" lon="12.24432"/>
      <trkpt lat="46.56552" lon="12.24432"/>
      <trkpt lat="46.56526" lon="12.24429"/>
      <trkpt lat="46.56523" lon="12.24434"/>
      <trkpt lat="46.56519" lon="12.24438"/>
      <trkpt lat="46.56501" lon="12.24441"/>
      <trkpt lat="46.56484" lon="12.24435"/>
      <trkpt lat="46.56471" lon="12.2442"/>
      <trkpt lat="46.56465" lon="12.24407"/>
      <trkpt lat="46.56455" lon="12.24361"/>
      <trkpt lat="46.56449" lon="12.24345"/>
      <trkpt lat="46.56442" lon="12.24333"/>
      <trkpt lat="46.56434" lon="12.24325"/>
      <trkpt lat="46.56423" lon="12.2432"/>
      <trkpt lat="46.56408" lon="12.24319"/>
      <trkpt lat="46.56392" lon="12.24326"/>
      <trkpt lat="46.56381" lon="12.24339"/>
      <trkpt lat="46.56372" lon="12.24357"/>
      <trkpt lat="46.56368" lon="12.24376"/>
      <trkpt lat="46.56369" lon="12.24397"/>
      <trkpt lat="46.56375" lon="12.24424"/>
      <trkpt lat="46.56422" lon="12.2454"/>
      <trkpt lat="46.56428" lon="12.2456"/>
      <trkpt lat="46.56427" lon="12.24578"/>
      <trkpt lat="46.56423" lon="12.24589"/>
      <trkpt lat="46.56414" lon="12.24598"/>
      <trkpt lat="46.56405" lon="12.24599"/>
      <trkpt lat="46.56399" lon="12.24596"/>
      <trkpt lat="46.56378" lon="12.2457"/>
      <trkpt lat="46.56366" lon="12.24564"/>
      <trkpt lat="46.56354" lon="12.24562"/>
      <trkpt lat="46.56333" lon="12.24563"/>
      <trkpt lat="46.56291" lon="12.24575"/>
      <trkpt lat="46.56277" lon="12.24574"/>
      <trkpt lat="46.56267" lon="12.24568"/>
      <trkpt lat="46.56238" lon="12.24541"/>
      <trkpt lat="46.56232" lon="12.24527"/>
      <trkpt lat="46.56225" lon="12.24501"/>
      <trkpt lat="46.56221" lon="12.24496"/>
      <trkpt lat="46.56216" lon="12.24494"/>
      <trkpt lat="46.56204" lon="12.24498"/>
      <trkpt lat="46.56201" lon="12.24504"/>
      <trkpt lat="46.562" lon="12.24514"/>
      <trkpt lat="46.56202" lon="12.24528"/>
      <trkpt lat="46.56215" lon="12.24553"/>
      <trkpt lat="46.56216" lon="12.24561"/>
      <trkpt lat="46.56214" lon="12.24565"/>
      <trkpt lat="46.56211" lon="12.2457"/>
      <trkpt lat="46.56181" lon="12.24613"/>
      <trkpt lat="46.56178" lon="12.2462"/>
      <trkpt lat="46.5618" lon="12.24659"/>
      <trkpt lat="46.56177" lon="12.24671"/>
      <trkpt lat="46.5617" lon="12.24682"/>
      <trkpt lat="46.56161" lon="12.24684"/>
      <trkpt lat="46.56025" lon="12.2467"/>
      <trkpt lat="46.56006" lon="12.24664"/>
      <trkpt lat="46.55885" lon="12.24608"/>
      <trkpt lat="46.55832" lon="12.24559"/>
      <trkpt lat="46.55826" lon="12.24556"/>
      <trkpt lat="46.55814" lon="12.24555"/>
      <trkpt lat="46.55776" lon="12.24567"/>
      <trkpt lat="46.55765" lon="12.24572"/>
      <trkpt lat="46.55702" lon="12.2463"/>
      <trkpt lat="46.55689" lon="12.2464"/>
      <trkpt lat="46.55678" lon="12.24641"/>
      <trkpt lat="46.55643" lon="12.24635"/>
      <trkpt lat="46.55616" lon="12.24636"/>
      <trkpt lat="46.55608" lon="12.24643"/>
      <trkpt lat="46.55594" lon="12.24679"/>
      <trkpt lat="46.55588" lon="12.24685"/>
      <trkpt lat="46.55495" lon="12.2472"/>
      <trkpt lat="46.55488" lon="12.24718"/>
      <trkpt lat="46.55482" lon="12.24712"/>
      <trkpt lat="46.5548" lon="12.24704"/>
      <trkpt lat="46.5548" lon="12.24694"/>
      <trkpt lat="46.55483" lon="12.24682"/>
      <trkpt lat="46.55499" lon="12.24652"/>
      <trkpt lat="46.5551" lon="12.24626"/>
      <trkpt lat="46.55524" lon="12.24608"/>
      <trkpt lat="46.55546" lon="12.24591"/>
      <trkpt lat="46.55584" lon="12.24574"/>
      <trkpt lat="46.5559" lon="12.24564"/>
      <trkpt lat="46.55591" lon="12.24553"/>
      <trkpt lat="46.55588" lon="12.24542"/>
      <trkpt lat="46.55581" lon="12.24536"/>
      <trkpt lat="46.55561" lon="12.24532"/>
      <trkpt lat="46.55534" lon="12.24533"/>
      <trkpt lat="46.55488" lon="12.24543"/>
      <trkpt lat="46.55402" lon="12.2457"/>
      <trkpt lat="46.55341" lon="12.24576"/>
      <trkpt lat="46.55301" lon="12.24576"/>
      <trkpt lat="46.55278" lon="12.24585"/>
      <trkpt lat="46.55269" lon="12.24595"/>
      <trkpt lat="46.55261" lon="12.24608"/>
      <trkpt lat="46.55215" lon="12.24736"/>
      <trkpt lat="46.55211" lon="12.24742"/>
      <trkpt lat="46.55204" lon="12.24747"/>
      <trkpt lat="46.55196" lon="12.24744"/>
      <trkpt lat="46.55192" lon="12.24738"/>
      <trkpt lat="46.55191" lon="12.24732"/>
      <trkpt lat="46.55191" lon="12.2472"/>
      <trkpt lat="46.55194" lon="12.24711"/>
      <trkpt lat="46.5522" lon="12.24648"/>
      <trkpt lat="46.55224" lon="12.24614"/>
      <trkpt lat="46.55222" lon="12.24593"/>
      <trkpt lat="46.55216" lon="12.24585"/>
      <trkpt lat="46.55208" lon="12.24585"/>
      <trkpt lat="46.552" lon="12.24591"/>
      <trkpt lat="46.55195" lon="12.24598"/>
      <trkpt lat="46.55185" lon="12.24626"/>
      <trkpt lat="46.55174" lon="12.24643"/>
      <trkpt lat="46.55048" lon="12.24753"/>
      <trkpt lat="46.55009" lon="12.24764"/>
      <trkpt lat="46.54917" lon="12.24782"/>
      <trkpt lat="46.54885" lon="12.24786"/>
      <trkpt lat="46.54872" lon="12.24782"/>
      <trkpt lat="46.54832" lon="12.24762"/>
      <trkpt lat="46.54806" lon="12.24761"/>
      <trkpt lat="46.54785" lon="12.24773"/>
      <trkpt lat="46.54717" lon="12.24843"/>
      <trkpt lat="46.54689" lon="12.2486"/>
      <trkpt lat="46.54662" lon="12.24876"/>
      <trkpt lat="46.54632" lon="12.24895"/>
      <trkpt lat="46.5447" lon="12.25026"/>
      <trkpt lat="46.54459" lon="12.25039"/>
      <trkpt lat="46.54398" lon="12.25128"/>
      <trkpt lat="46.54388" lon="12.25138"/>
      <trkpt lat="46.54356" lon="12.25163"/>
      <trkpt lat="46.54336" lon="12.2519"/>
      <trkpt lat="46.54329" lon="12.25196"/>
      <trkpt lat="46.54294" lon="12.25208"/>
      <trkpt lat="46.54282" lon="12.25218"/>
      <trkpt lat="46.54257" lon="12.25256"/>
      <trkpt lat="46.54244" lon="12.25284"/>
      <trkpt lat="46.54228" lon="12.253"/>
      <trkpt lat="46.54164" lon="12.25322"/>
      <trkpt lat="46.54155" lon="12.2533"/>
      <trkpt lat="46.54122" lon="12.25365"/>
      <trkpt lat="46.54089" lon="12.25386"/>
      <trkpt lat="46.54055" lon="12.25417"/>
      <trkpt lat="46.54014" lon="12.25478"/>
      <trkpt lat="46.5398" lon="12.25506"/>
      <trkpt lat="46.53953" lon="12.25527"/>
      <trkpt lat="46.53814" lon="12.25621"/>
      <trkpt lat="46.53781" lon="12.25647"/>
      <trkpt lat="46.5373" lon="12.257"/>
      <trkpt lat="46.53638" lon="12.25813"/>
      <trkpt lat="46.53602" lon="12.25858"/>
      <trkpt lat="46.53505" lon="12.26046"/>
      <trkpt lat="46.5346" lon="12.26146"/>
      <trkpt lat="46.53432" lon="12.26237"/>
      <trkpt lat="46.53424" lon="12.2625"/>
      <trkpt lat="46.5332" lon="12.26334"/>
      <trkpt lat="46.533" lon="12.26355"/>
      <trkpt lat="46.53279" lon="12.26392"/>
      <trkpt lat="46.53259" lon="12.26444"/>
      <trkpt lat="46.53247" lon="12.26503"/>
      <trkpt lat="46.53245" lon="12.26546"/>
      <trkpt lat="46.53253" lon="12.26595"/>
      <trkpt lat="46.53281" lon="12.26701"/>
      <trkpt lat="46.53286" lon="12.26735"/>
      <trkpt lat="46.53281" lon="12.26793"/>
      <trkpt lat="46.53271" lon="12.26831"/>
      <trkpt lat="46.53257" lon="12.2685"/>
      <trkpt lat="46.53229" lon="12.26881"/>
      <trkpt lat="46.53214" lon="12.26911"/>
      <trkpt lat="46.53193" lon="12.2698"/>
      <trkpt lat="46.53189" lon="12.27012"/>
      <trkpt lat="46.53192" lon="12.27055"/>
      <trkpt lat="46.53212" lon="12.27174"/>
      <trkpt lat="46.53228" lon="12.27288"/>
      <trkpt lat="46.53228" lon="12.27354"/>
      <trkpt lat="46.53226" lon="12.27375"/>
      <trkpt lat="46.5322" lon="12.27446"/>
      <trkpt lat="46.53204" lon="12.27633"/>
      <trkpt lat="46.53192" lon="12.27699"/>
      <trkpt lat="46.53121" lon="12.27927"/>
      <trkpt lat="46.53112" lon="12.27993"/>
      <trkpt lat="46.53096" lon="12.28277"/>
      <trkpt lat="46.53098" lon="12.28344"/>
      <trkpt lat="46.53102" lon="12.28374"/>
      <trkpt lat="46.53149" lon="12.28548"/>
      <trkpt lat="46.53151" lon="12.28572"/>
      <trkpt lat="46.53152" lon="12.28585"/>
      <trkpt lat="46.53151" lon="12.28642"/>
      <trkpt lat="46.53154" lon="12.28681"/>
      <trkpt lat="46.53168" lon="12.28738"/>
      <trkpt lat="46.53248" lon="12.2894"/>
      <trkpt lat="46.53274" lon="12.2903"/>
      <trkpt lat="46.53282" lon="12.29056"/>
      <trkpt lat="46.53354" lon="12.29218"/>
      <trkpt lat="46.53379" lon="12.2926"/>
      <trkpt lat="46.5347" lon="12.29389"/>
      <trkpt lat="46.53628" lon="12.29599"/>
      <trkpt lat="46.53654" lon="12.29637"/>
      <trkpt lat="46.5367" lon="12.29661"/>
      <trkpt lat="46.5372" lon="12.29738"/>
      <trkpt lat="46.53745" lon="12.29791"/>
      <trkpt lat="46.53878" lon="12.301"/>
      <trkpt lat="46.53892" lon="12.30167"/>
      <trkpt lat="46.53898" lon="12.30227"/>
      <trkpt lat="46.53897" lon="12.30258"/>
      <trkpt lat="46.53888" lon="12.30404"/>
      <trkpt lat="46.53889" lon="12.30428"/>
      <trkpt lat="46.53894" lon="12.30495"/>
      <trkpt lat="46.53901" lon="12.30532"/>
      <trkpt lat="46.53914" lon="12.3058"/>
      <trkpt lat="46.53929" lon="12.30618"/>
      <trkpt lat="46.53999" lon="12.30755"/>
      <trkpt lat="46.54061" lon="12.30895"/>
      <trkpt lat="46.54118" lon="12.30997"/>
      <trkpt lat="46.54173" lon="12.31106"/>
      <trkpt lat="46.54185" lon="12.31146"/>
      <trkpt lat="46.54194" lon="12.31206"/>
      <trkpt lat="46.54199" lon="12.3124"/>
      <trkpt lat="46.54223" lon="12.314"/>
      <trkpt lat="46.54233" lon="12.31452"/>
      <trkpt lat="46.54328" lon="12.3175"/>
      <trkpt lat="46.54334" lon="12.3178"/>
      <trkpt lat="46.5434" lon="12.3192"/>
      <trkpt lat="46.5434" lon="12.31933"/>
      <trkpt lat="46.54343" lon="12.3199"/>
      <trkpt lat="46.54356" lon="12.32117"/>
      <trkpt lat="46.54367" lon="12.32182"/>
      <trkpt lat="46.54381" lon="12.32247"/>
      <trkpt lat="46.54404" lon="12.32318"/>
      <trkpt lat="46.54416" lon="12.32348"/>
      <trkpt lat="46.54454" lon="12.32398"/>
      <trkpt lat="46.54513" lon="12.32435"/>
      <trkpt lat="46.54534" lon="12.32443"/>
      <trkpt lat="46.54583" lon="12.32468"/>
      <trkpt lat="46.54626" lon="12.32506"/>
      <trkpt lat="46.54666" lon="12.32552"/>
      <trkpt lat="46.54775" lon="12.32682"/>
      <trkpt lat="46.54838" lon="12.32775"/>
      <trkpt lat="46.54987" lon="12.32957"/>
      <trkpt lat="46.55023" lon="12.33005"/>
      <trkpt lat="46.5518" lon="12.33283"/>
      <trkpt lat="46.55246" lon="12.33416"/>
      <trkpt lat="46.55273" lon="12.33471"/>
      <trkpt lat="46.55316" lon="12.33608"/>
      <trkpt lat="46.55338" lon="12.33673"/>
      <trkpt lat="46.55361" lon="12.33725"/>
      <trkpt lat="46.55382" lon="12.33757"/>
      <trkpt lat="46.55418" lon="12.33784"/>
      <trkpt lat="46.55484" lon="12.33821"/>
      <trkpt lat="46.55571" lon="12.33876"/>
      <trkpt lat="46.55638" lon="12.33913"/>
      <trkpt lat="46.5577" lon="12.34004"/>
      <trkpt lat="46.55862" lon="12.34051"/>
      <trkpt lat="46.55908" lon="12.34075"/>
      <trkpt lat="46.55943" lon="12.34098"/>
      <trkpt lat="46.55983" lon="12.34139"/>
      <trkpt lat="46.56034" lon="12.34218"/>
      <trkpt lat="46.56065" lon="12.34251"/>
      <trkpt lat="46.56081" lon="12.34264"/>
      <trkpt lat="46.56187" lon="12.34362"/>
      <trkpt lat="46.56239" lon="12.34423"/>
      <trkpt lat="46.56411" lon="12.34638"/>
      <trkpt lat="46.5646" lon="12.34697"/>
      <trkpt lat="46.56467" lon="12.34711"/>
      <trkpt lat="46.56507" lon="12.34826"/>
      <trkpt lat="46.56562" lon="12.34955"/>
      <trkpt lat="46.56667" lon="12.35082"/>
      <trkpt lat="46.56693" lon="12.35101"/>
      <trkpt lat="46.56863" lon="12.35197"/>
      <trkpt lat="46.56943" lon="12.35262"/>
      <trkpt lat="46.56999" lon="12.35295"/>
      <trkpt lat="46.57231" lon="12.35374"/>
      <trkpt lat="46.5726" lon="12.35392"/>
      <trkpt lat="46.57387" lon="12.35541"/>
      <trkpt lat="46.57411" lon="12.3557"/>
      <trkpt lat="46.57429" lon="12.35608"/>
      <trkpt lat="46.57487" lon="12.35769"/>
      <trkpt lat="46.5749" lon="12.35778"/>
      <trkpt lat="46.57535" lon="12.35904"/>
      <trkpt lat="46.5759" lon="12.36065"/>
      <trkpt lat="46.57602" lon="12.36098"/>
      <trkpt lat="46.57628" lon="12.36174"/>
      <trkpt lat="46.57726" lon="12.36517"/>
      <trkpt lat="46.5774" lon="12.36566"/>
      <trkpt lat="46.5778" lon="12.36738"/>
      <trkpt lat="46.57779" lon="12.36763"/>
      <trkpt lat="46.57768" lon="12.36806"/>
      <trkpt lat="46.57728" lon="12.36944"/>
      <trkpt lat="46.57711" lon="12.37046"/>
      <trkpt lat="46.57705" lon="12.37138"/>
      <trkpt lat="46.57698" lon="12.37266"/>
      <trkpt lat="46.57697" lon="12.37292"/>
      <trkpt lat="46.577" lon="12.37501"/>
      <trkpt lat="46.57701" lon="12.37558"/>
      <trkpt lat="46.57702" lon="12.37566"/>
      <trkpt lat="46.57703" lon="12.37624"/>
      <trkpt lat="46.57703" lon="12.37661"/>
      <trkpt lat="46.5772" lon="12.37815"/>
      <trkpt lat="46.57724" lon="12.37854"/>
      <trkpt lat="46.57725" lon="12.37861"/>
      <trkpt lat="46.57741" lon="12.38012"/>
      <trkpt lat="46.57744" lon="12.38045"/>
      <trkpt lat="46.5775" lon="12.38105"/>
      <trkpt lat="46.57761" lon="12.38206"/>
      <trkpt lat="46.57763" lon="12.3822"/>
      <trkpt lat="46.57771" lon="12.38299"/>
      <trkpt lat="46.57775" lon="12.38357"/>
      <trkpt lat="46.57774" lon="12.38395"/>
      <trkpt lat="46.57772" lon="12.38406"/>
      <trkpt lat="46.57771" lon="12.38408"/>
      <trkpt lat="46.57767" lon="12.38429"/>
      <trkpt lat="46.5775" lon="12.38501"/>
      <trkpt lat="46.57737" lon="12.38535"/>
      <trkpt lat="46.57724" lon="12.38555"/>
      <trkpt lat="46.57702" lon="12.38576"/>
      <trkpt lat="46.57672" lon="12.38596"/>
      <trkpt lat="46.57649" lon="12.38609"/>
      <trkpt lat="46.5763" lon="12.38622"/>
      <trkpt lat="46.57598" lon="12.38644"/>
      <trkpt lat="46.57574" lon="12.38669"/>
      <trkpt lat="46.57553" lon="12.38701"/>
      <trkpt lat="46.5754" lon="12.38732"/>
      <trkpt lat="46.5753" lon="12.38769"/>
      <trkpt lat="46.57525" lon="12.38815"/>
      <trkpt lat="46.57526" lon="12.39033"/>
      <trkpt lat="46.57521" lon="12.39076"/>
      <trkpt lat="46.57503" lon="12.39113"/>
      <trkpt lat="46.5749" lon="12.39146"/>
      <trkpt lat="46.57374" lon="12.39374"/>
      <trkpt lat="46.57363" lon="12.39394"/>
      <trkpt lat="46.57307" lon="12.39502"/>
      <trkpt lat="46.57196" lon="12.39721"/>
      <trkpt lat="46.5718" lon="12.39745"/>
      <trkpt lat="46.57165" lon="12.39768"/>
      <trkpt lat="46.57068" lon="12.39909"/>
      <trkpt lat="46.57067" lon="12.39911"/>
      <trkpt lat="46.57058" lon="12.39923"/>
      <trkpt lat="46.57037" lon="12.39947"/>
      <trkpt lat="46.57009" lon="12.39979"/>
      <trkpt lat="46.56963" lon="12.40025"/>
      <trkpt lat="46.56957" lon="12.40031"/>
      <trkpt lat="46.56911" lon="12.40075"/>
      <trkpt lat="46.56891" lon="12.40097"/>
      <trkpt lat="46.56863" lon="12.4014"/>
      <trkpt lat="46.56846" lon="12.40172"/>
      <trkpt lat="46.56826" lon="12.40218"/>
      <trkpt lat="46.56804" lon="12.40276"/>
      <trkpt lat="46.56803" lon="12.40279"/>
      <trkpt lat="46.56786" lon="12.40324"/>
      <trkpt lat="46.56781" lon="12.40337"/>
      <trkpt lat="46.56764" lon="12.40378"/>
      <trkpt lat="46.56733" lon="12.40455"/>
      <trkpt lat="46.56669" lon="12.40612"/>
      <trkpt lat="46.56646" lon="12.40656"/>
      <trkpt lat="46.56627" lon="12.40693"/>
      <trkpt lat="46.56617" lon="12.40714"/>
      <trkpt lat="46.56614" lon="12.40719"/>
      <trkpt lat="46.56537" lon="12.4087"/>
      <trkpt lat="46.56495" lon="12.4095"/>
      <trkpt lat="46.56432" lon="12.41075"/>
      <trkpt lat="46.5643" lon="12.41079"/>
      <trkpt lat="46.56411" lon="12.41119"/>
      <trkpt lat="46.56387" lon="12.41168"/>
      <trkpt lat="46.56354" lon="12.41238"/>
      <trkpt lat="46.56351" lon="12.41244"/>
      <trkpt lat="46.56294" lon="12.41363"/>
      <trkpt lat="46.56247" lon="12.41474"/>
      <trkpt lat="46.56244" lon="12.41483"/>
      <trkpt lat="46.56234" lon="12.41517"/>
      <trkpt lat="46.5622" lon="12.41612"/>
      <trkpt lat="46.56219" lon="12.41618"/>
      <trkpt lat="46.56218" lon="12.41628"/>
      <trkpt lat="46.56206" lon="12.41724"/>
      <trkpt lat="46.56198" lon="12.4177"/>
      <trkpt lat="46.5619" lon="12.41794"/>
      <trkpt lat="46.56179" lon="12.41828"/>
      <trkpt lat="46.56173" lon="12.41837"/>
      <trkpt lat="46.5616" lon="12.41861"/>
      <trkpt lat="46.56159" lon="12.41864"/>
      <trkpt lat="46.56151" lon="12.41878"/>
      <trkpt lat="46.56144" lon="12.41887"/>
      <trkpt lat="46.56122" lon="12.41915"/>
      <trkpt lat="46.561" lon="12.41945"/>
      <trkpt lat="46.56073" lon="12.41981"/>
      <trkpt lat="46.5605" lon="12.42013"/>
      <trkpt lat="46.56045" lon="12.42024"/>
      <trkpt lat="46.56022" lon="12.42075"/>
      <trkpt lat="46.56018" lon="12.42083"/>
      <trkpt lat="46.55963" lon="12.42155"/>
      <trkpt lat="46.55938" lon="12.4219"/>
      <trkpt lat="46.55898" lon="12.42258"/>
      <trkpt lat="46.55851" lon="12.42336"/>
      <trkpt lat="46.55831" lon="12.42375"/>
      <trkpt lat="46.55827" lon="12.42384"/>
      <trkpt lat="46.55723" lon="12.4257"/>
      <trkpt lat="46.557" lon="12.42625"/>
      <trkpt lat="46.55688" lon="12.42647"/>
      <trkpt lat="46.55597" lon="12.42779"/>
      <trkpt lat="46.55577" lon="12.42803"/>
      <trkpt lat="46.55563" lon="12.42817"/>
      <trkpt lat="46.55534" lon="12.42835"/>
      <trkpt lat="46.55514" lon="12.42851"/>
      <trkpt lat="46.55483" lon="12.42888"/>
      <trkpt lat="46.5546" lon="12.42906"/>
      <trkpt lat="46.5544" lon="12.42919"/>
      <trkpt lat="46.5542" lon="12.42939"/>
      <trkpt lat="46.55392" lon="12.42972"/>
      <trkpt lat="46.55386" lon="12.42989"/>
      <trkpt lat="46.55391" lon="12.43022"/>
      <trkpt lat="46.55343" lon="12.43149"/>
      <trkpt lat="46.55337" lon="12.43168"/>
      <trkpt lat="46.55334" lon="12.43173"/>
      <trkpt lat="46.55317" lon="12.4321"/>
      <trkpt lat="46.55271" lon="12.43269"/>
      <trkpt lat="46.55256" lon="12.4329"/>
      <trkpt lat="46.55241" lon="12.43324"/>
      <trkpt lat="46.55225" lon="12.43368"/>
      <trkpt lat="46.55213" lon="12.43415"/>
      <trkpt lat="46.55207" lon="12.43453"/>
      <trkpt lat="46.552" lon="12.43509"/>
      <trkpt lat="46.55201" lon="12.43545"/>
      <trkpt lat="46.55206" lon="12.4363"/>
      <trkpt lat="46.55205" lon="12.43649"/>
      <trkpt lat="46.55202" lon="12.43687"/>
      <trkpt lat="46.55203" lon="12.43747"/>
      <trkpt lat="46.55205" lon="12.43757"/>
      <trkpt lat="46.55223" lon="12.43826"/>
      <trkpt lat="46.55243" lon="12.43878"/>
      <trkpt lat="46.55243" lon="12.43889"/>
      <trkpt lat="46.55239" lon="12.43906"/>
      <trkpt lat="46.55234" lon="12.43932"/>
      <trkpt lat="46.55227" lon="12.43996"/>
      <trkpt lat="46.55223" lon="12.44068"/>
      <trkpt lat="46.55219" lon="12.44107"/>
      <trkpt lat="46.55193" lon="12.44159"/>
      <trkpt lat="46.55165" lon="12.44217"/>
      <trkpt lat="46.55151" lon="12.44253"/>
      <trkpt lat="46.55145" lon="12.44267"/>
      <trkpt lat="46.55134" lon="12.4429"/>
      <trkpt lat="46.55118" lon="12.44321"/>
      <trkpt lat="46.55116" lon="12.44324"/>
      <trkpt lat="46.55107" lon="12.4434"/>
      <trkpt lat="46.55106" lon="12.44343"/>
      <trkpt lat="46.55069" lon="12.44402"/>
      <trkpt lat="46.55049" lon="12.44436"/>
      <trkpt lat="46.55037" lon="12.44456"/>
      <trkpt lat="46.55027" lon="12.44476"/>
      <trkpt lat="46.55018" lon="12.44491"/>
      <trkpt lat="46.55012" lon="12.44504"/>
      <trkpt lat="46.55" lon="12.44534"/>
      <trkpt lat="46.54996" lon="12.44546"/>
      <trkpt lat="46.54989" lon="12.44565"/>
      <trkpt lat="46.54966" lon="12.4463"/>
      <trkpt lat="46.54949" lon="12.44677"/>
      <trkpt lat="46.54934" lon="12.44723"/>
      <trkpt lat="46.54918" lon="12.44775"/>
      <trkpt lat="46.54915" lon="12.44786"/>
      <trkpt lat="46.54895" lon="12.44862"/>
      <trkpt lat="46.54894" lon="12.44867"/>
      <trkpt lat="46.54879" lon="12.44911"/>
      <trkpt lat="46.5487" lon="12.44928"/>
      <trkpt lat="46.54844" lon="12.44977"/>
      <trkpt lat="46.54834" lon="12.45"/>
      <trkpt lat="46.54822" lon="12.45035"/>
      <trkpt lat="46.54812" lon="12.45068"/>
      <trkpt lat="46.54803" lon="12.45113"/>
      <trkpt lat="46.54798" lon="12.45137"/>
      <trkpt lat="46.54792" lon="12.45164"/>
      <trkpt lat="46.54783" lon="12.45188"/>
      <trkpt lat="46.54778" lon="12.45197"/>
      <trkpt lat="46.54724" lon="12.4528"/>
      <trkpt lat="46.54713" lon="12.45303"/>
      <trkpt lat="46.54705" lon="12.45327"/>
      <trkpt lat="46.54692" lon="12.45365"/>
      <trkpt lat="46.5469" lon="12.4537"/>
      <trkpt lat="46.54682" lon="12.45393"/>
      <trkpt lat="46.54681" lon="12.45397"/>
      <trkpt lat="46.54676" lon="12.4541"/>
      <trkpt lat="46.54672" lon="12.45419"/>
      <trkpt lat="46.54662" lon="12.45442"/>
      <trkpt lat="46.54651" lon="12.45468"/>
      <trkpt lat="46.54638" lon="12.45493"/>
      <trkpt lat="46.54617" lon="12.45529"/>
      <trkpt lat="46.54586" lon="12.45584"/>
      <trkpt lat="46.5457" lon="12.45617"/>
      <trkpt lat="46.54552" lon="12.45671"/>
      <trkpt lat="46.54541" lon="12.45719"/>
      <trkpt lat="46.54537" lon="12.45734"/>
      <trkpt lat="46.54527" lon="12.45774"/>
      <trkpt lat="46.54524" lon="12.45781"/>
      <trkpt lat="46.54522" lon="12.45786"/>
      <trkpt lat="46.54518" lon="12.45798"/>
      <trkpt lat="46.54506" lon="12.45819"/>
      <trkpt lat="46.54491" lon="12.45836"/>
      <trkpt lat="46.54469" lon="12.45856"/>
      <trkpt lat="46.54438" lon="12.45889"/>
      <trkpt lat="46.54436" lon="12.45893"/>
      <trkpt lat="46.54406" lon="12.45921"/>
      <trkpt lat="46.54399" lon="12.45928"/>
      <trkpt lat="46.54397" lon="12.4593"/>
      <trkpt lat="46.54367" lon="12.45962"/>
      <trkpt lat="46.5436" lon="12.45969"/>
      <trkpt lat="46.5434" lon="12.45988"/>
      <trkpt lat="46.54304" lon="12.46023"/>
      <trkpt lat="46.54282" lon="12.46046"/>
      <trkpt lat="46.54249" lon="12.46092"/>
      <trkpt lat="46.54225" lon="12.46133"/>
      <trkpt lat="46.54223" lon="12.46136"/>
      <trkpt lat="46.5421" lon="12.46162"/>
      <trkpt lat="46.54191" lon="12.46207"/>
      <trkpt lat="46.54186" lon="12.4622"/>
      <trkpt lat="46.54171" lon="12.46245"/>
      <trkpt lat="46.54155" lon="12.46264"/>
      <trkpt lat="46.54144" lon="12.46268"/>
      <trkpt lat="46.54127" lon="12.46276"/>
      <trkpt lat="46.54115" lon="12.4628"/>
      <trkpt lat="46.54087" lon="12.46292"/>
      <trkpt lat="46.5401" lon="12.4632"/>
      <trkpt lat="46.54" lon="12.46324"/>
      <trkpt lat="46.53995" lon="12.46328"/>
      <trkpt lat="46.53989" lon="12.46332"/>
      <trkpt lat="46.53958" lon="12.46353"/>
      <trkpt lat="46.53941" lon="12.46368"/>
      <trkpt lat="46.5391" lon="12.46396"/>
      <trkpt lat="46.53885" lon="12.46435"/>
      <trkpt lat="46.53861" lon="12.46477"/>
      <trkpt lat="46.53825" lon="12.46559"/>
      <trkpt lat="46.53811" lon="12.46585"/>
      <trkpt lat="46.53784" lon="12.46621"/>
      <trkpt lat="46.5374" lon="12.46671"/>
      <trkpt lat="46.53719" lon="12.46693"/>
      <trkpt lat="46.53692" lon="12.46714"/>
      <trkpt lat="46.53678" lon="12.4672"/>
      <trkpt lat="46.53634" lon="12.46725"/>
      <trkpt lat="46.53619" lon="12.46729"/>
      <trkpt lat="46.53561" lon="12.46742"/>
      <trkpt lat="46.5351" lon="12.46763"/>
      <trkpt lat="46.53452" lon="12.46793"/>
      <trkpt lat="46.53381" lon="12.46834"/>
      <trkpt lat="46.53363" lon="12.46847"/>
      <trkpt lat="46.53345" lon="12.46864"/>
      <trkpt lat="46.53313" lon="12.46901"/>
      <trkpt lat="46.5329" lon="12.46922"/>
      <trkpt lat="46.53273" lon="12.46931"/>
      <trkpt lat="46.53238" lon="12.46938"/>
      <trkpt lat="46.53196" lon="12.46943"/>
      <trkpt lat="46.53168" lon="12.46938"/>
      <trkpt lat="46.53105" lon="12.4692"/>
      <trkpt lat="46.53028" lon="12.469"/>
      <trkpt lat="46.52934" lon="12.46874"/>
      <trkpt lat="46.52856" lon="12.46837"/>
      <trkpt lat="46.52776" lon="12.4681"/>
      <trkpt lat="46.52692" lon="12.46789"/>
      <trkpt lat="46.52603" lon="12.46791"/>
      <trkpt lat="46.52542" lon="12.46762"/>
      <trkpt lat="46.52466" lon="12.46693"/>
      <trkpt lat="46.52438" lon="12.46681"/>
      <trkpt lat="46.52402" lon="12.46685"/>
      <trkpt lat="46.52323" lon="12.4673"/>
      <trkpt lat="46.52291" lon="12.46735"/>
      <trkpt lat="46.52212" lon="12.46726"/>
      <trkpt lat="46.52174" lon="12.46729"/>
      <trkpt lat="46.52154" lon="12.46732"/>
      <trkpt lat="46.52112" lon="12.46751"/>
      <trkpt lat="46.52081" lon="12.46754"/>
      <trkpt lat="46.52049" lon="12.46746"/>
      <trkpt lat="46.52014" lon="12.4672"/>
      <trkpt lat="46.52006" lon="12.46713"/>
      <trkpt lat="46.51858" lon="12.46576"/>
      <trkpt lat="46.51813" lon="12.46547"/>
      <trkpt lat="46.51744" lon="12.465"/>
      <trkpt lat="46.51734" lon="12.46493"/>
      <trkpt lat="46.51647" lon="12.46431"/>
      <trkpt lat="46.51629" lon="12.46421"/>
      <trkpt lat="46.5161" lon="12.46413"/>
      <trkpt lat="46.51427" lon="12.46359"/>
      <trkpt lat="46.51406" lon="12.46345"/>
      <trkpt lat="46.51339" lon="12.46265"/>
      <trkpt lat="46.51302" lon="12.46229"/>
      <trkpt lat="46.51191" lon="12.46144"/>
      <trkpt lat="46.51174" lon="12.46131"/>
      <trkpt lat="46.51105" lon="12.46079"/>
      <trkpt lat="46.51084" lon="12.46061"/>
      <trkpt lat="46.5104" lon="12.46007"/>
      <trkpt lat="46.50977" lon="12.4593"/>
      <trkpt lat="46.50957" lon="12.45908"/>
      <trkpt lat="46.5088" lon="12.45853"/>
      <trkpt lat="46.50722" lon="12.45767"/>
      <trkpt lat="46.50696" lon="12.45756"/>
      <trkpt lat="46.50668" lon="12.45751"/>
      <trkpt lat="46.5064" lon="12.45753"/>
      <trkpt lat="46.50574" lon="12.45763"/>
      <trkpt lat="46.5056" lon="12.45762"/>
      <trkpt lat="46.50546" lon="12.45761"/>
      <trkpt lat="46.50476" lon="12.45747"/>
      <trkpt lat="46.50357" lon="12.45761"/>
      <trkpt lat="46.50358" lon="12.45767"/>
      <trkpt lat="46.50363" lon="12.45771"/>
      <trkpt lat="46.50469" lon="12.45766"/>
      <trkpt lat="46.50514" lon="12.45777"/>
      <trkpt lat="46.50554" lon="12.45779"/>
      <trkpt lat="46.5056" lon="12.45782"/>
      <trkpt lat="46.50566" lon="12.45787"/>
      <trkpt lat="46.50574" lon="12.45815"/>
      <trkpt lat="46.50582" lon="12.4588"/>
      <trkpt lat="46.506" lon="12.45931"/>
      <trkpt lat="46.50641" lon="12.46015"/>
      <trkpt lat="46.50679" lon="12.46076"/>
      <trkpt lat="46.50684" lon="12.46087"/>
      <trkpt lat="46.50689" lon="12.46112"/>
      <trkpt lat="46.5069" lon="12.46186"/>
      <trkpt lat="46.50694" lon="12.46214"/>
      <trkpt lat="46.50712" lon="12.46264"/>
      <trkpt lat="46.50746" lon="12.46331"/>
      <trkpt lat="46.50748" lon="12.46345"/>
      <trkpt lat="46.50747" lon="12.46363"/>
      <trkpt lat="46.5076" lon="12.46628"/>
      <trkpt lat="46.50764" lon="12.4667"/>
      <trkpt lat="46.50781" lon="12.46786"/>
      <trkpt lat="46.50788" lon="12.46851"/>
      <trkpt lat="46.50788" lon="12.46904"/>
      <trkpt lat="46.50781" lon="12.46954"/>
      <trkpt lat="46.50766" lon="12.4701"/>
      <trkpt lat="46.50765" lon="12.47045"/>
      <trkpt lat="46.50754" lon="12.4709"/>
      <trkpt lat="46.50742" lon="12.47129"/>
      <trkpt lat="46.50726" lon="12.47161"/>
      <trkpt lat="46.50662" lon="12.47229"/>
      <trkpt lat="46.50626" lon="12.47256"/>
      <trkpt lat="46.50595" lon="12.4727"/>
      <trkpt lat="46.50567" lon="12.47292"/>
      <trkpt lat="46.50556" lon="12.47326"/>
      <trkpt lat="46.50549" lon="12.47397"/>
      <trkpt lat="46.50546" lon="12.47438"/>
      <trkpt lat="46.50547" lon="12.47477"/>
      <trkpt lat="46.50508" lon="12.47594"/>
      <trkpt lat="46.50495" lon="12.47603"/>
      <trkpt lat="46.50406" lon="12.47665"/>
      <trkpt lat="46.50387" lon="12.47678"/>
      <trkpt lat="46.50287" lon="12.47752"/>
      <trkpt lat="46.50254" lon="12.47766"/>
      <trkpt lat="46.50176" lon="12.47779"/>
      <trkpt lat="46.50125" lon="12.47787"/>
      <trkpt lat="46.50111" lon="12.47786"/>
      <trkpt lat="46.50038" lon="12.47766"/>
      <trkpt lat="46.50005" lon="12.47761"/>
      <trkpt lat="46.49897" lon="12.47752"/>
      <trkpt lat="46.49888" lon="12.47752"/>
      <trkpt lat="46.49878" lon="12.47757"/>
      <trkpt lat="46.49771" lon="12.47835"/>
      <trkpt lat="46.49774" lon="12.47821"/>
      <trkpt lat="46.49792" lon="12.47788"/>
      <trkpt lat="46.49795" lon="12.47779"/>
      <trkpt lat="46.49796" lon="12.47772"/>
      <trkpt lat="46.49829" lon="12.47749"/>
      <trkpt lat="46.4989" lon="12.47723"/>
      <trkpt lat="46.49949" lon="12.47701"/>
      <trkpt lat="46.49983" lon="12.47684"/>
      <trkpt lat="46.50042" lon="12.47641"/>
      <trkpt lat="46.50052" lon="12.47631"/>
      <trkpt lat="46.5006" lon="12.47615"/>
      <trkpt lat="46.50065" lon="12.47597"/>
      <trkpt lat="46.50068" lon="12.47574"/>
      <trkpt lat="46.50067" lon="12.47549"/>
      <trkpt lat="46.50058" lon="12.47486"/>
      <trkpt lat="46.50051" lon="12.47425"/>
      <trkpt lat="46.50048" lon="12.47396"/>
      <trkpt lat="46.50048" lon="12.47386"/>
      <trkpt lat="46.50045" lon="12.4735"/>
      <trkpt lat="46.50035" lon="12.47297"/>
      <trkpt lat="46.50027" lon="12.47242"/>
      <trkpt lat="46.50025" lon="12.47203"/>
      <trkpt lat="46.50025" lon="12.47184"/>
      <trkpt lat="46.50023" lon="12.47165"/>
      <trkpt lat="46.50025" lon="12.47184"/>
      <trkpt lat="46.50025" lon="12.47203"/>
      <trkpt lat="46.50027" lon="12.47242"/>
      <trkpt lat="46.50035" lon="12.47297"/>
      <trkpt lat="46.50045" lon="12.4735"/>
      <trkpt lat="46.50048" lon="12.47386"/>
      <trkpt lat="46.50048" lon="12.47396"/>
      <trkpt lat="46.50051" lon="12.47425"/>
      <trkpt lat="46.50058" lon="12.47486"/>
      <trkpt lat="46.50067" lon="12.47549"/>
      <trkpt lat="46.50068" lon="12.47574"/>
      <trkpt lat="46.50065" lon="12.47597"/>
      <trkpt lat="46.5006" lon="12.47615"/>
      <trkpt lat="46.50052" lon="12.47631"/>
      <trkpt lat="46.50042" lon="12.47641"/>
      <trkpt lat="46.49983" lon="12.47684"/>
      <trkpt lat="46.49949" lon="12.47701"/>
      <trkpt lat="46.4989" lon="12.47723"/>
      <trkpt lat="46.49829" lon="12.47749"/>
      <trkpt lat="46.49796" lon="12.47772"/>
      <trkpt lat="46.49701" lon="12.47851"/>
      <trkpt lat="46.49695" lon="12.47855"/>
      <trkpt lat="46.49643" lon="12.47896"/>
      <trkpt lat="46.49631" lon="12.479"/>
      <trkpt lat="46.49627" lon="12.47907"/>
      <trkpt lat="46.49624" lon="12.47915"/>
      <trkpt lat="46.49615" lon="12.47959"/>
      <trkpt lat="46.4961" lon="12.47991"/>
      <trkpt lat="46.49588" lon="12.48117"/>
      <trkpt lat="46.49584" lon="12.48124"/>
      <trkpt lat="46.49578" lon="12.48133"/>
      <trkpt lat="46.49572" lon="12.48152"/>
      <trkpt lat="46.4956" lon="12.48207"/>
      <trkpt lat="46.49553" lon="12.4823"/>
      <trkpt lat="46.49483" lon="12.48262"/>
      <trkpt lat="46.49473" lon="12.48267"/>
      <trkpt lat="46.49454" lon="12.4827"/>
      <trkpt lat="46.49445" lon="12.48268"/>
      <trkpt lat="46.49438" lon="12.48261"/>
      <trkpt lat="46.49417" lon="12.48233"/>
      <trkpt lat="46.49412" lon="12.4822"/>
      <trkpt lat="46.49413" lon="12.48204"/>
      <trkpt lat="46.49418" lon="12.48181"/>
      <trkpt lat="46.49431" lon="12.48144"/>
      <trkpt lat="46.49433" lon="12.4813"/>
      <trkpt lat="46.49431" lon="12.48118"/>
      <trkpt lat="46.49423" lon="12.48105"/>
      <trkpt lat="46.49373" lon="12.4807"/>
      <trkpt lat="46.49359" lon="12.48056"/>
      <trkpt lat="46.49335" lon="12.48031"/>
      <trkpt lat="46.4931" lon="12.48016"/>
      <trkpt lat="46.49294" lon="12.48012"/>
      <trkpt lat="46.49277" lon="12.48013"/>
      <trkpt lat="46.49263" lon="12.48023"/>
      <trkpt lat="46.49251" lon="12.48041"/>
      <trkpt lat="46.49245" lon="12.48058"/>
      <trkpt lat="46.49242" lon="12.48079"/>
      <trkpt lat="46.49243" lon="12.48127"/>
      <trkpt lat="46.49247" lon="12.4819"/>
      <trkpt lat="46.49245" lon="12.48218"/>
      <trkpt lat="46.49233" lon="12.48255"/>
      <trkpt lat="46.49216" lon="12.48282"/>
      <trkpt lat="46.49196" lon="12.48305"/>
      <trkpt lat="46.49187" lon="12.48315"/>
      <trkpt lat="46.49165" lon="12.48329"/>
      <trkpt lat="46.49154" lon="12.48336"/>
      <trkpt lat="46.49118" lon="12.48351"/>
      <trkpt lat="46.49069" lon="12.48365"/>
      <trkpt lat="46.4892" lon="12.48392"/>
      <trkpt lat="46.48823" lon="12.48429"/>
      <trkpt lat="46.48794" lon="12.48431"/>
      <trkpt lat="46.48769" lon="12.48441"/>
      <trkpt lat="46.48726" lon="12.48497"/>
      <trkpt lat="46.48536" lon="12.48669"/>
      <trkpt lat="46.4853" lon="12.48685"/>
      <trkpt lat="46.4853" lon="12.48699"/>
      <trkpt lat="46.48535" lon="12.48715"/>
      <trkpt lat="46.48555" lon="12.48719"/>
      <trkpt lat="46.48584" lon="12.48735"/>
      <trkpt lat="46.4861" lon="12.48757"/>
      <trkpt lat="46.48622" lon="12.48786"/>
      <trkpt lat="46.48635" lon="12.48826"/>
      <trkpt lat="46.48637" lon="12.48844"/>
      <trkpt lat="46.48636" lon="12.48899"/>
      <trkpt lat="46.48644" lon="12.48992"/>
      <trkpt lat="46.48642" lon="12.49021"/>
      <trkpt lat="46.48631" lon="12.49078"/>
      <trkpt lat="46.4863" lon="12.49118"/>
      <trkpt lat="46.48627" lon="12.49153"/>
      <trkpt lat="46.48615" lon="12.49175"/>
      <trkpt lat="46.48593" lon="12.49199"/>
      <trkpt lat="46.48588" lon="12.49214"/>
      <trkpt lat="46.48585" lon="12.49322"/>
      <trkpt lat="46.48575" lon="12.49609"/>
      <trkpt lat="46.48585" lon="12.49682"/>
      <trkpt lat="46.48607" lon="12.49756"/>
      <trkpt lat="46.48608" lon="12.49771"/>
      <trkpt lat="46.48606" lon="12.49789"/>
      <trkpt lat="46.486" lon="12.49801"/>
      <trkpt lat="46.48594" lon="12.49807"/>
      <trkpt lat="46.48585" lon="12.49809"/>
      <trkpt lat="46.48569" lon="12.49824"/>
      <trkpt lat="46.48557" lon="12.49839"/>
      <trkpt lat="46.48549" lon="12.49877"/>
      <trkpt lat="46.48505" lon="12.50145"/>
      <trkpt lat="46.48509" lon="12.50187"/>
      <trkpt lat="46.48522" lon="12.50225"/>
      <trkpt lat="46.48539" lon="12.50241"/>
      <trkpt lat="46.4856" lon="12.5025"/>
      <trkpt lat="46.48571" lon="12.50262"/>
      <trkpt lat="46.48577" lon="12.5028"/>
      <trkpt lat="46.4858" lon="12.50302"/>
      <trkpt lat="46.48579" lon="12.50335"/>
      <trkpt lat="46.48575" lon="12.50372"/>
      <trkpt lat="46.48568" lon="12.50404"/>
      <trkpt lat="46.48566" lon="12.50435"/>
      <trkpt lat="46.48572" lon="12.5056"/>
      <trkpt lat="46.4858" lon="12.50585"/>
      <trkpt lat="46.48602" lon="12.50615"/>
      <trkpt lat="46.48607" lon="12.50629"/>
      <trkpt lat="46.48623" lon="12.50741"/>
      <trkpt lat="46.4865" lon="12.50902"/>
      <trkpt lat="46.48662" lon="12.50948"/>
      <trkpt lat="46.48678" lon="12.50987"/>
      <trkpt lat="46.48693" lon="12.51002"/>
      <trkpt lat="46.48717" lon="12.5101"/>
      <trkpt lat="46.48726" lon="12.51017"/>
      <trkpt lat="46.48745" lon="12.51047"/>
      <trkpt lat="46.4875" lon="12.51062"/>
      <trkpt lat="46.48777" lon="12.5114"/>
      <trkpt lat="46.48781" lon="12.5116"/>
      <trkpt lat="46.48782" lon="12.51191"/>
      <trkpt lat="46.4878" lon="12.51208"/>
      <trkpt lat="46.48769" lon="12.51242"/>
      <trkpt lat="46.48764" lon="12.51273"/>
      <trkpt lat="46.48764" lon="12.51296"/>
      <trkpt lat="46.48765" lon="12.51304"/>
      <trkpt lat="46.48775" lon="12.51328"/>
      <trkpt lat="46.48782" lon="12.51364"/>
      <trkpt lat="46.48786" lon="12.51409"/>
      <trkpt lat="46.48809" lon="12.51464"/>
      <trkpt lat="46.48834" lon="12.51598"/>
      <trkpt lat="46.48834" lon="12.51658"/>
      <trkpt lat="46.48843" lon="12.51706"/>
      <trkpt lat="46.48944" lon="12.51881"/>
      <trkpt lat="46.4896" lon="12.51918"/>
      <trkpt lat="46.4897" lon="12.51934"/>
      <trkpt lat="46.48979" lon="12.5194"/>
      <trkpt lat="46.48988" lon="12.51937"/>
      <trkpt lat="46.49026" lon="12.51908"/>
      <trkpt lat="46.49053" lon="12.51901"/>
      <trkpt lat="46.49079" lon="12.51902"/>
      <trkpt lat="46.49096" lon="12.51908"/>
      <trkpt lat="46.49109" lon="12.51923"/>
      <trkpt lat="46.49113" lon="12.51933"/>
      <trkpt lat="46.49114" lon="12.51947"/>
      <trkpt lat="46.49112" lon="12.51975"/>
      <trkpt lat="46.49107" lon="12.51984"/>
      <trkpt lat="46.49096" lon="12.51996"/>
      <trkpt lat="46.49082" lon="12.52023"/>
      <trkpt lat="46.49071" lon="12.5205"/>
      <trkpt lat="46.49049" lon="12.52093"/>
      <trkpt lat="46.49043" lon="12.52137"/>
      <trkpt lat="46.49036" lon="12.5216"/>
      <trkpt lat="46.48988" lon="12.52257"/>
      <trkpt lat="46.4898" lon="12.52298"/>
      <trkpt lat="46.48974" lon="12.52316"/>
      <trkpt lat="46.4896" lon="12.52327"/>
      <trkpt lat="46.48945" lon="12.52344"/>
      <trkpt lat="46.48934" lon="12.52361"/>
      <trkpt lat="46.48929" lon="12.52391"/>
      <trkpt lat="46.48928" lon="12.52504"/>
      <trkpt lat="46.48922" lon="12.52535"/>
      <trkpt lat="46.48913" lon="12.5256"/>
      <trkpt lat="46.48903" lon="12.52627"/>
      <trkpt lat="46.48903" lon="12.52653"/>
      <trkpt lat="46.48904" lon="12.52667"/>
      <trkpt lat="46.4891" lon="12.52682"/>
      <trkpt lat="46.48931" lon="12.5271"/>
      <trkpt lat="46.48938" lon="12.52722"/>
      <trkpt lat="46.48942" lon="12.52737"/>
      <trkpt lat="46.48962" lon="12.5287"/>
      <trkpt lat="46.48973" lon="12.52907"/>
      <trkpt lat="46.4906" lon="12.53143"/>
      <trkpt lat="46.49069" lon="12.53171"/>
      <trkpt lat="46.4907" lon="12.53195"/>
      <trkpt lat="46.49067" lon="12.53252"/>
      <trkpt lat="46.49068" lon="12.53284"/>
      <trkpt lat="46.49076" lon="12.53315"/>
      <trkpt lat="46.49117" lon="12.53365"/>
      <trkpt lat="46.49136" lon="12.53407"/>
      <trkpt lat="46.49143" lon="12.53416"/>
      <trkpt lat="46.49188" lon="12.53457"/>
      <trkpt lat="46.49202" lon="12.53484"/>
      <trkpt lat="46.49213" lon="12.53521"/>
      <trkpt lat="46.49213" lon="12.53542"/>
      <trkpt lat="46.49208" lon="12.53614"/>
      <trkpt lat="46.49211" lon="12.53632"/>
      <trkpt lat="46.49214" lon="12.53644"/>
      <trkpt lat="46.49243" lon="12.53693"/>
      <trkpt lat="46.49253" lon="12.5372"/>
      <trkpt lat="46.49261" lon="12.53789"/>
      <trkpt lat="46.49265" lon="12.53802"/>
      <trkpt lat="46.49276" lon="12.53824"/>
      <trkpt lat="46.49318" lon="12.53872"/>
      <trkpt lat="46.49328" lon="12.53881"/>
      <trkpt lat="46.49337" lon="12.53896"/>
      <trkpt lat="46.49348" lon="12.53965"/>
      <trkpt lat="46.4935" lon="12.54004"/>
      <trkpt lat="46.49341" lon="12.5408"/>
      <trkpt lat="46.49341" lon="12.54099"/>
      <trkpt lat="46.49344" lon="12.54116"/>
      <trkpt lat="46.49378" lon="12.54259"/>
      <trkpt lat="46.4938" lon="12.54279"/>
      <trkpt lat="46.49377" lon="12.54298"/>
      <trkpt lat="46.49371" lon="12.54325"/>
      <trkpt lat="46.49371" lon="12.54349"/>
      <trkpt lat="46.49385" lon="12.5458"/>
      <trkpt lat="46.49391" lon="12.54649"/>
      <trkpt lat="46.49391" lon="12.5468"/>
      <trkpt lat="46.49383" lon="12.54776"/>
      <trkpt lat="46.49382" lon="12.54807"/>
      <trkpt lat="46.49384" lon="12.54855"/>
      <trkpt lat="46.49389" lon="12.54907"/>
      <trkpt lat="46.49395" lon="12.54968"/>
      <trkpt lat="46.49409" lon="12.55088"/>
      <trkpt lat="46.49428" lon="12.55126"/>
      <trkpt lat="46.49436" lon="12.55145"/>
      <trkpt lat="46.49455" lon="12.55218"/>
      <trkpt lat="46.49457" lon="12.55241"/>
      <trkpt lat="46.49456" lon="12.55292"/>
      <trkpt lat="46.49427" lon="12.55529"/>
      <trkpt lat="46.49426" lon="12.55547"/>
      <trkpt lat="46.49424" lon="12.55685"/>
      <trkpt lat="46.49425" lon="12.55705"/>
      <trkpt lat="46.49432" lon="12.55725"/>
      <trkpt lat="46.49444" lon="12.55755"/>
      <trkpt lat="46.49451" lon="12.55788"/>
      <trkpt lat="46.49455" lon="12.55821"/>
      <trkpt lat="46.49453" lon="12.5586"/>
      <trkpt lat="46.49444" lon="12.55894"/>
      <trkpt lat="46.49425" lon="12.55946"/>
      <trkpt lat="46.49406" lon="12.56025"/>
      <trkpt lat="46.4938" lon="12.5609"/>
      <trkpt lat="46.49288" lon="12.56203"/>
      <trkpt lat="46.4925" lon="12.56255"/>
      <trkpt lat="46.49217" lon="12.5631"/>
      <trkpt lat="46.49183" lon="12.56385"/>
      <trkpt lat="46.49163" lon="12.56479"/>
      <trkpt lat="46.49164" lon="12.56484"/>
      <trkpt lat="46.49172" lon="12.5649"/>
      <trkpt lat="46.49175" lon="12.56488"/>
      <trkpt lat="46.49178" lon="12.56483"/>
      <trkpt lat="46.49181" lon="12.56448"/>
      <trkpt lat="46.49184" lon="12.56437"/>
      <trkpt lat="46.4919" lon="12.56425"/>
      <trkpt lat="46.492" lon="12.56412"/>
      <trkpt lat="46.4924" lon="12.56369"/>
      <trkpt lat="46.49287" lon="12.56326"/>
      <trkpt lat="46.49292" lon="12.56325"/>
      <trkpt lat="46.49296" lon="12.56327"/>
      <trkpt lat="46.49299" lon="12.56334"/>
      <trkpt lat="46.49298" lon="12.56342"/>
      <trkpt lat="46.49296" lon="12.56348"/>
      <trkpt lat="46.49261" lon="12.56382"/>
      <trkpt lat="46.49247" lon="12.56402"/>
      <trkpt lat="46.49226" lon="12.56444"/>
      <trkpt lat="46.4922" lon="12.56461"/>
      <trkpt lat="46.49211" lon="12.56537"/>
      <trkpt lat="46.49199" lon="12.56599"/>
      <trkpt lat="46.49183" lon="12.56658"/>
      <trkpt lat="46.49175" lon="12.56714"/>
      <trkpt lat="46.4917" lon="12.56728"/>
      <trkpt lat="46.49163" lon="12.56738"/>
      <trkpt lat="46.49154" lon="12.56743"/>
      <trkpt lat="46.49141" lon="12.56746"/>
      <trkpt lat="46.49124" lon="12.56742"/>
      <trkpt lat="46.49115" lon="12.56733"/>
      <trkpt lat="46.49111" lon="12.5672"/>
      <trkpt lat="46.49104" lon="12.56682"/>
      <trkpt lat="46.49101" lon="12.56679"/>
      <trkpt lat="46.49096" lon="12.56679"/>
      <trkpt lat="46.49092" lon="12.56683"/>
      <trkpt lat="46.49091" lon="12.56688"/>
      <trkpt lat="46.49107" lon="12.56737"/>
      <trkpt lat="46.49112" lon="12.56749"/>
      <trkpt lat="46.49142" lon="12.56786"/>
      <trkpt lat="46.49144" lon="12.56792"/>
      <trkpt lat="46.49144" lon="12.568"/>
      <trkpt lat="46.49139" lon="12.5681"/>
      <trkpt lat="46.49131" lon="12.56812"/>
      <trkpt lat="46.49127" lon="12.56808"/>
      <trkpt lat="46.49103" lon="12.56772"/>
      <trkpt lat="46.49091" lon="12.56738"/>
      <trkpt lat="46.49084" lon="12.56727"/>
      <trkpt lat="46.49075" lon="12.56718"/>
      <trkpt lat="46.49029" lon="12.56718"/>
      <trkpt lat="46.48949" lon="12.5668"/>
      <trkpt lat="46.48912" lon="12.5667"/>
      <trkpt lat="46.48902" lon="12.56664"/>
      <trkpt lat="46.48896" lon="12.56667"/>
      <trkpt lat="46.48893" lon="12.56675"/>
      <trkpt lat="46.48896" lon="12.56683"/>
      <trkpt lat="46.48901" lon="12.56687"/>
      <trkpt lat="46.48951" lon="12.56703"/>
      <trkpt lat="46.48993" lon="12.56737"/>
      <trkpt lat="46.49044" lon="12.56749"/>
      <trkpt lat="46.49049" lon="12.56753"/>
      <trkpt lat="46.4905" lon="12.56757"/>
      <trkpt lat="46.49048" lon="12.56764"/>
      <trkpt lat="46.49043" lon="12.56767"/>
      <trkpt lat="46.49034" lon="12.56763"/>
      <trkpt lat="46.49024" lon="12.56756"/>
      <trkpt lat="46.49013" lon="12.56754"/>
      <trkpt lat="46.48975" lon="12.56755"/>
      <trkpt lat="46.48943" lon="12.56747"/>
      <trkpt lat="46.48891" lon="12.5672"/>
      <trkpt lat="46.48881" lon="12.56709"/>
      <trkpt lat="46.4887" lon="12.56683"/>
      <trkpt lat="46.48868" lon="12.5668"/>
      <trkpt lat="46.48861" lon="12.5668"/>
      <trkpt lat="46.48856" lon="12.56685"/>
      <trkpt lat="46.48855" lon="12.5669"/>
      <trkpt lat="46.48857" lon="12.56696"/>
      <trkpt lat="46.48885" lon="12.56734"/>
      <trkpt lat="46.4896" lon="12.56773"/>
      <trkpt lat="46.48963" lon="12.56779"/>
      <trkpt lat="46.48962" lon="12.56783"/>
      <trkpt lat="46.48961" lon="12.56787"/>
      <trkpt lat="46.48956" lon="12.56789"/>
      <trkpt lat="46.48884" lon="12.56756"/>
      <trkpt lat="46.48862" lon="12.56739"/>
      <trkpt lat="46.48831" lon="12.56702"/>
      <trkpt lat="46.48816" lon="12.56692"/>
      <trkpt lat="46.48802" lon="12.56687"/>
      <trkpt lat="46.48788" lon="12.56685"/>
      <trkpt lat="46.48736" lon="12.56692"/>
      <trkpt lat="46.48727" lon="12.56691"/>
      <trkpt lat="46.4871" lon="12.56681"/>
      <trkpt lat="46.48703" lon="12.5668"/>
      <trkpt lat="46.48688" lon="12.56685"/>
      <trkpt lat="46.48678" lon="12.56692"/>
      <trkpt lat="46.48673" lon="12.56702"/>
      <trkpt lat="46.48675" lon="12.56712"/>
      <trkpt lat="46.48678" lon="12.56715"/>
      <trkpt lat="46.48682" lon="12.56715"/>
      <trkpt lat="46.48697" lon="12.56707"/>
      <trkpt lat="46.48705" lon="12.56707"/>
      <trkpt lat="46.48764" lon="12.56739"/>
      <trkpt lat="46.4879" lon="12.56758"/>
      <trkpt lat="46.48874" lon="12.56845"/>
      <trkpt lat="46.48918" lon="12.56866"/>
      <trkpt lat="46.48929" lon="12.56883"/>
      <trkpt lat="46.4893" lon="12.56903"/>
      <trkpt lat="46.48912" lon="12.56983"/>
      <trkpt lat="46.48912" lon="12.57001"/>
      <trkpt lat="46.48918" lon="12.5701"/>
      <trkpt lat="46.48938" lon="12.57021"/>
      <trkpt lat="46.48943" lon="12.57033"/>
      <trkpt lat="46.48941" lon="12.57044"/>
      <trkpt lat="46.48925" lon="12.57099"/>
      <trkpt lat="46.48922" lon="12.57166"/>
      <trkpt lat="46.48929" lon="12.57188"/>
      <trkpt lat="46.48946" lon="12.57217"/>
      <trkpt lat="46.48958" lon="12.57243"/>
      <trkpt lat="46.48959" lon="12.57262"/>
      <trkpt lat="46.48944" lon="12.5733"/>
      <trkpt lat="46.48945" lon="12.5736"/>
      <trkpt lat="46.48942" lon="12.57378"/>
      <trkpt lat="46.48918" lon="12.57451"/>
      <trkpt lat="46.48911" lon="12.57478"/>
      <trkpt lat="46.48908" lon="12.57483"/>
      <trkpt lat="46.48906" lon="12.57484"/>
      <trkpt lat="46.489" lon="12.5748"/>
      <trkpt lat="46.489" lon="12.57471"/>
      <trkpt lat="46.4891" lon="12.57434"/>
      <trkpt lat="46.48911" lon="12.57418"/>
      <trkpt lat="46.48908" lon="12.5739"/>
      <trkpt lat="46.489" lon="12.57362"/>
      <trkpt lat="46.4889" lon="12.57351"/>
      <trkpt lat="46.48843" lon="12.57327"/>
      <trkpt lat="46.48834" lon="12.57317"/>
      <trkpt lat="46.48829" lon="12.57306"/>
      <trkpt lat="46.4883" lon="12.57295"/>
      <trkpt lat="46.48845" lon="12.57266"/>
      <trkpt lat="46.48852" lon="12.57242"/>
      <trkpt lat="46.48853" lon="12.57226"/>
      <trkpt lat="46.48831" lon="12.57129"/>
      <trkpt lat="46.48828" lon="12.57124"/>
      <trkpt lat="46.48823" lon="12.57121"/>
      <trkpt lat="46.48817" lon="12.57123"/>
      <trkpt lat="46.48814" lon="12.57134"/>
      <trkpt lat="46.48823" lon="12.57162"/>
      <trkpt lat="46.48828" lon="12.5719"/>
      <trkpt lat="46.4883" lon="12.57223"/>
      <trkpt lat="46.48829" lon="12.57238"/>
      <trkpt lat="46.48825" lon="12.57254"/>
      <trkpt lat="46.48812" lon="12.57269"/>
      <trkpt lat="46.48792" lon="12.57286"/>
      <trkpt lat="46.48782" lon="12.573"/>
      <trkpt lat="46.48778" lon="12.57316"/>
      <trkpt lat="46.48781" lon="12.57334"/>
      <trkpt lat="46.48789" lon="12.57347"/>
      <trkpt lat="46.48794" lon="12.57375"/>
      <trkpt lat="46.48792" lon="12.57398"/>
      <trkpt lat="46.48784" lon="12.57444"/>
      <trkpt lat="46.4878" lon="12.57539"/>
      <trkpt lat="46.48777" lon="12.57565"/>
      <trkpt lat="46.48779" lon="12.57583"/>
      <trkpt lat="46.48791" lon="12.576"/>
      <trkpt lat="46.48821" lon="12.57639"/>
      <trkpt lat="46.48847" lon="12.57662"/>
      <trkpt lat="46.48848" lon="12.57669"/>
      <trkpt lat="46.48847" lon="12.57674"/>
      <trkpt lat="46.48844" lon="12.57681"/>
      <trkpt lat="46.4884" lon="12.57684"/>
      <trkpt lat="46.48836" lon="12.57685"/>
      <trkpt lat="46.48832" lon="12.57682"/>
      <trkpt lat="46.48812" lon="12.57651"/>
      <trkpt lat="46.48763" lon="12.57593"/>
      <trkpt lat="46.4876" lon="12.57588"/>
      <trkpt lat="46.48762" lon="12.57557"/>
      <trkpt lat="46.48761" lon="12.57544"/>
      <trkpt lat="46.48756" lon="12.57531"/>
      <trkpt lat="46.48751" lon="12.57528"/>
      <trkpt lat="46.48748" lon="12.57528"/>
      <trkpt lat="46.48741" lon="12.57539"/>
      <trkpt lat="46.48741" lon="12.57552"/>
      <trkpt lat="46.48744" lon="12.57595"/>
      <trkpt lat="46.48747" lon="12.57605"/>
      <trkpt lat="46.48751" lon="12.57612"/>
      <trkpt lat="46.48771" lon="12.57627"/>
      <trkpt lat="46.48778" lon="12.57637"/>
      <trkpt lat="46.48809" lon="12.57707"/>
      <trkpt lat="46.48813" lon="12.5773"/>
      <trkpt lat="46.48817" lon="12.57792"/>
      <trkpt lat="46.48817" lon="12.57807"/>
      <trkpt lat="46.4881" lon="12.57828"/>
      <trkpt lat="46.488" lon="12.57845"/>
      <trkpt lat="46.48796" lon="12.57857"/>
      <trkpt lat="46.48797" lon="12.57878"/>
      <trkpt lat="46.48803" lon="12.57913"/>
      <trkpt lat="46.48804" lon="12.57957"/>
      <trkpt lat="46.488" lon="12.57983"/>
      <trkpt lat="46.48794" lon="12.57995"/>
      <trkpt lat="46.48789" lon="12.58015"/>
      <trkpt lat="46.48787" lon="12.58054"/>
      <trkpt lat="46.48788" lon="12.58092"/>
      <trkpt lat="46.48786" lon="12.58124"/>
      <trkpt lat="46.48779" lon="12.58153"/>
      <trkpt lat="46.48762" lon="12.58193"/>
      <trkpt lat="46.48746" lon="12.58243"/>
      <trkpt lat="46.48734" lon="12.58284"/>
      <trkpt lat="46.48724" lon="12.58304"/>
      <trkpt lat="46.48705" lon="12.58367"/>
      <trkpt lat="46.48681" lon="12.58447"/>
    </trkseg>
  </trk>
</gpx>